img1,img2,label,cosine,id1,id2,pair_type
Aaron_Sorkin_0001.jpg,Aaron_Sorkin_0002.jpg,1,0.473561,Aaron_Sorkin,Aaron_Sorkin,positive
Abbas_Kiarostami_0001.jpg,Abbas_Kiarostami_0002.jpg,1,0.103407,Abbas_Kiarostami,Abbas_Kiarostami,positive
Abdullah_0001.jpg,Abdullah_0003.jpg,1,-0.031193,Abdullah,Abdullah,positive
Abid_Hamid_Mahmud_Al-Tikriti_0001.jpg,Abid_Hamid_Mahmud_Al-Tikriti_0002.jpg,1,0.574542,Abid_Hamid_Mahmud_Al-Tikriti,Abid_Hamid_Mahmud_Al-Tikriti,positive
Adam_Freier_0001.jpg,Adam_Freier_0003.jpg,1,0.693582,Adam_Freier,Adam_Freier,positive
Alan_Ball_0003.jpg,Alan_Ball_0004.jpg,1,0.648944,Alan_Ball,Alan_Ball,positive
Alan_Ball_0001.jpg,Alan_Ball_0003.jpg,1,0.661552,Alan_Ball,Alan_Ball,positive
Albert_Costa_0001.jpg,Albert_Costa_0003.jpg,1,0.670176,Albert_Costa,Albert_Costa,positive
Ali_Khamenei_0001.jpg,Ali_Khamenei_0002.jpg,1,0.302124,Ali_Khamenei,Ali_Khamenei,positive
Amy_Pascal_0001.jpg,Amy_Pascal_0003.jpg,1,0.557431,Amy_Pascal,Amy_Pascal,positive
Amy_Redford_0001.jpg,Amy_Redford_0002.jpg,1,0.503773,Amy_Redford,Amy_Redford,positive
Anderson_Varejao_0001.jpg,Anderson_Varejao_0003.jpg,1,0.583291,Anderson_Varejao,Anderson_Varejao,positive
Anderson_Varejao_0001.jpg,Anderson_Varejao_0004.jpg,1,0.514459,Anderson_Varejao,Anderson_Varejao,positive
Andrei_Nikolishin_0001.jpg,Andrei_Nikolishin_0003.jpg,1,0.715475,Andrei_Nikolishin,Andrei_Nikolishin,positive
Andrei_Nikolishin_0003.jpg,Andrei_Nikolishin_0004.jpg,1,0.636321,Andrei_Nikolishin,Andrei_Nikolishin,positive
Andrew_Fastow_0001.jpg,Andrew_Fastow_0002.jpg,1,0.671392,Andrew_Fastow,Andrew_Fastow,positive
Andrew_Luster_0001.jpg,Andrew_Luster_0003.jpg,1,0.618148,Andrew_Luster,Andrew_Luster,positive
Anita_DeFrantz_0001.jpg,Anita_DeFrantz_0002.jpg,1,0.530053,Anita_DeFrantz,Anita_DeFrantz,positive
Anjum_Hussain_0001.jpg,Anjum_Hussain_0002.jpg,1,0.129145,Anjum_Hussain,Anjum_Hussain,positive
Antonio_Banderas_0001.jpg,Antonio_Banderas_0003.jpg,1,0.487993,Antonio_Banderas,Antonio_Banderas,positive
Antonio_Catania_0001.jpg,Antonio_Catania_0002.jpg,1,0.425115,Antonio_Catania,Antonio_Catania,positive
Aretha_Franklin_0001.jpg,Aretha_Franklin_0003.jpg,1,0.491616,Aretha_Franklin,Aretha_Franklin,positive
Aretha_Franklin_0003.jpg,Aretha_Franklin_0004.jpg,1,0.755873,Aretha_Franklin,Aretha_Franklin,positive
Arye_Mekel_0001.jpg,Arye_Mekel_0002.jpg,1,0.769200,Arye_Mekel,Arye_Mekel,positive
Babe_Ruth_0003.jpg,Babe_Ruth_0004.jpg,1,0.583222,Babe_Ruth,Babe_Ruth,positive
Babe_Ruth_0001.jpg,Babe_Ruth_0003.jpg,1,0.542388,Babe_Ruth,Babe_Ruth,positive
Barry_Bonds_0003.jpg,Barry_Bonds_0004.jpg,1,0.641698,Barry_Bonds,Barry_Bonds,positive
Barry_Bonds_0001.jpg,Barry_Bonds_0004.jpg,1,0.481068,Barry_Bonds,Barry_Bonds,positive
Barry_Switzer_0001.jpg,Barry_Switzer_0003.jpg,1,0.512808,Barry_Switzer,Barry_Switzer,positive
Barry_Switzer_0003.jpg,Barry_Switzer_0004.jpg,1,0.665139,Barry_Switzer,Barry_Switzer,positive
Bernard_Giraudeau_0001.jpg,Bernard_Giraudeau_0003.jpg,1,0.575496,Bernard_Giraudeau,Bernard_Giraudeau,positive
Bernard_Landry_0001.jpg,Bernard_Landry_0002.jpg,1,0.519075,Bernard_Landry,Bernard_Landry,positive
Biljana_Plavsic_0001.jpg,Biljana_Plavsic_0003.jpg,1,0.760997,Biljana_Plavsic,Biljana_Plavsic,positive
Bill_Cartwright_0001.jpg,Bill_Cartwright_0003.jpg,1,0.420328,Bill_Cartwright,Bill_Cartwright,positive
Bill_Cartwright_0003.jpg,Bill_Cartwright_0004.jpg,1,0.684549,Bill_Cartwright,Bill_Cartwright,positive
Bill_Lerach_0001.jpg,Bill_Lerach_0003.jpg,1,0.507196,Bill_Lerach,Bill_Lerach,positive
Bob_Hope_0001.jpg,Bob_Hope_0003.jpg,1,0.421390,Bob_Hope,Bob_Hope,positive
Bob_Hope_0003.jpg,Bob_Hope_0004.jpg,1,0.635558,Bob_Hope,Bob_Hope,positive
Bob_Menendez_0003.jpg,Bob_Menendez_0004.jpg,1,0.644635,Bob_Menendez,Bob_Menendez,positive
Bob_Menendez_0001.jpg,Bob_Menendez_0003.jpg,1,0.652350,Bob_Menendez,Bob_Menendez,positive
Bob_Riley_0001.jpg,Bob_Riley_0003.jpg,1,0.607910,Bob_Riley,Bob_Riley,positive
Brad_Wilk_0003.jpg,Brad_Wilk_0004.jpg,1,0.814316,Brad_Wilk,Brad_Wilk,positive
Brad_Wilk_0001.jpg,Brad_Wilk_0004.jpg,1,0.656520,Brad_Wilk,Brad_Wilk,positive
Bridget_Fonda_0001.jpg,Bridget_Fonda_0002.jpg,1,0.475416,Bridget_Fonda,Bridget_Fonda,positive
Cari_Davis_0001.jpg,Cari_Davis_0002.jpg,1,0.454405,Cari_Davis,Cari_Davis,positive
Carin_Koch_0001.jpg,Carin_Koch_0003.jpg,1,0.701742,Carin_Koch,Carin_Koch,positive
Carin_Koch_0001.jpg,Carin_Koch_0004.jpg,1,0.546858,Carin_Koch,Carin_Koch,positive
Carlos_Ruiz_0001.jpg,Carlos_Ruiz_0002.jpg,1,0.624355,Carlos_Ruiz,Carlos_Ruiz,positive
Carly_Fiorina_0003.jpg,Carly_Fiorina_0004.jpg,1,0.304053,Carly_Fiorina,Carly_Fiorina,positive
Carly_Fiorina_0001.jpg,Carly_Fiorina_0004.jpg,1,0.344858,Carly_Fiorina,Carly_Fiorina,positive
Catherine_Woodard_0001.jpg,Catherine_Woodard_0002.jpg,1,0.123893,Catherine_Woodard,Catherine_Woodard,positive
Chan_Ho_Park_0001.jpg,Chan_Ho_Park_0003.jpg,1,0.655569,Chan_Ho_Park,Chan_Ho_Park,positive
Chance_Mock_0001.jpg,Chance_Mock_0002.jpg,1,0.267492,Chance_Mock,Chance_Mock,positive
Charles_Taylor_0001.jpg,Charles_Taylor_0002.jpg,1,0.611648,Charles_Taylor,Charles_Taylor,positive
Chea_Sophara_0001.jpg,Chea_Sophara_0002.jpg,1,0.662940,Chea_Sophara,Chea_Sophara,positive
Cherie_Blair_0001.jpg,Cherie_Blair_0003.jpg,1,0.513781,Cherie_Blair,Cherie_Blair,positive
Chris_Cirino_0001.jpg,Chris_Cirino_0002.jpg,1,0.027406,Chris_Cirino,Chris_Cirino,positive
Chuck_Yeager_0001.jpg,Chuck_Yeager_0003.jpg,1,0.405039,Chuck_Yeager,Chuck_Yeager,positive
Chuck_Yeager_0003.jpg,Chuck_Yeager_0004.jpg,1,0.723641,Chuck_Yeager,Chuck_Yeager,positive
Chung_Mong-joon_0001.jpg,Chung_Mong-joon_0002.jpg,1,0.643135,Chung_Mong-joon,Chung_Mong-joon,positive
Claire_Leger_0001.jpg,Claire_Leger_0002.jpg,1,0.187992,Claire_Leger,Claire_Leger,positive
Claude_Jorda_0003.jpg,Claude_Jorda_0004.jpg,1,0.586411,Claude_Jorda,Claude_Jorda,positive
Claude_Jorda_0001.jpg,Claude_Jorda_0004.jpg,1,0.113918,Claude_Jorda,Claude_Jorda,positive
Colleen_Atwood_0001.jpg,Colleen_Atwood_0003.jpg,1,0.641390,Colleen_Atwood,Colleen_Atwood,positive
Craig_Morgan_0001.jpg,Craig_Morgan_0003.jpg,1,0.621835,Craig_Morgan,Craig_Morgan,positive
Dan_Duquette_0001.jpg,Dan_Duquette_0003.jpg,1,0.600171,Dan_Duquette,Dan_Duquette,positive
Daniel_Ortega_0001.jpg,Daniel_Ortega_0004.jpg,1,0.579125,Daniel_Ortega,Daniel_Ortega,positive
Daniel_Ortega_0003.jpg,Daniel_Ortega_0004.jpg,1,0.770140,Daniel_Ortega,Daniel_Ortega,positive
Daniel_Patrick_Moynihan_0001.jpg,Daniel_Patrick_Moynihan_0003.jpg,1,0.614438,Daniel_Patrick_Moynihan,Daniel_Patrick_Moynihan,positive
Daniel_Patrick_Moynihan_0003.jpg,Daniel_Patrick_Moynihan_0004.jpg,1,0.692682,Daniel_Patrick_Moynihan,Daniel_Patrick_Moynihan,positive
Daniell_Sunjata_0001.jpg,Daniell_Sunjata_0003.jpg,1,0.755465,Daniell_Sunjata,Daniell_Sunjata,positive
Danny_Ainge_0001.jpg,Danny_Ainge_0004.jpg,1,0.570391,Danny_Ainge,Danny_Ainge,positive
Danny_Ainge_0001.jpg,Danny_Ainge_0003.jpg,1,0.515151,Danny_Ainge,Danny_Ainge,positive
Darren_Clarke_0001.jpg,Darren_Clarke_0002.jpg,1,0.453480,Darren_Clarke,Darren_Clarke,positive
David_Caraway_0001.jpg,David_Caraway_0002.jpg,1,0.134759,David_Caraway,David_Caraway,positive
David_Scott_Morris_0001.jpg,David_Scott_Morris_0002.jpg,1,0.692208,David_Scott_Morris,David_Scott_Morris,positive
David_Zeplowitz_0001.jpg,David_Zeplowitz_0002.jpg,1,0.619390,David_Zeplowitz,David_Zeplowitz,positive
Dawn_Staley_0001.jpg,Dawn_Staley_0003.jpg,1,0.640120,Dawn_Staley,Dawn_Staley,positive
Dawn_Staley_0001.jpg,Dawn_Staley_0004.jpg,1,0.610855,Dawn_Staley,Dawn_Staley,positive
Debra_Yang_0001.jpg,Debra_Yang_0003.jpg,1,0.615713,Debra_Yang,Debra_Yang,positive
Debra_Yang_0001.jpg,Debra_Yang_0004.jpg,1,0.556493,Debra_Yang,Debra_Yang,positive
Denis_Fassou-Nguesso_0001.jpg,Denis_Fassou-Nguesso_0003.jpg,1,0.629359,Denis_Fassou-Nguesso,Denis_Fassou-Nguesso,positive
Diane_Lane_0001.jpg,Diane_Lane_0004.jpg,1,0.596056,Diane_Lane,Diane_Lane,positive
Diane_Lane_0003.jpg,Diane_Lane_0004.jpg,1,0.593522,Diane_Lane,Diane_Lane,positive
Dick_Smothers_0001.jpg,Dick_Smothers_0002.jpg,1,0.499316,Dick_Smothers,Dick_Smothers,positive
Dino_de_Laurentis_0001.jpg,Dino_de_Laurentis_0003.jpg,1,0.395521,Dino_de_Laurentis,Dino_de_Laurentis,positive
Dita_Von_Tesse_0001.jpg,Dita_Von_Tesse_0002.jpg,1,0.681378,Dita_Von_Tesse,Dita_Von_Tesse,positive
Don_Henley_0001.jpg,Don_Henley_0003.jpg,1,0.569831,Don_Henley,Don_Henley,positive
Don_Henley_0001.jpg,Don_Henley_0004.jpg,1,0.494156,Don_Henley,Don_Henley,positive
Don_Nickles_0001.jpg,Don_Nickles_0003.jpg,1,0.696374,Don_Nickles,Don_Nickles,positive
Donald_Regan_0001.jpg,Donald_Regan_0002.jpg,1,0.552876,Donald_Regan,Donald_Regan,positive
Doris_Schroeder_0001.jpg,Doris_Schroeder_0003.jpg,1,0.580470,Doris_Schroeder,Doris_Schroeder,positive
Eduardo_Duhalde_0003.jpg,Eduardo_Duhalde_0004.jpg,1,0.803828,Eduardo_Duhalde,Eduardo_Duhalde,positive
Eduardo_Duhalde_0001.jpg,Eduardo_Duhalde_0003.jpg,1,0.632286,Eduardo_Duhalde,Eduardo_Duhalde,positive
Edward_Egan_0001.jpg,Edward_Egan_0003.jpg,1,0.467076,Edward_Egan,Edward_Egan,positive
Edward_Johnson_0001.jpg,Edward_Johnson_0002.jpg,1,-0.039605,Edward_Johnson,Edward_Johnson,positive
Edwin_Edwards_0001.jpg,Edwin_Edwards_0004.jpg,1,0.517252,Edwin_Edwards,Edwin_Edwards,positive
Edwin_Edwards_0001.jpg,Edwin_Edwards_0003.jpg,1,0.407377,Edwin_Edwards,Edwin_Edwards,positive
El_Hadji_Diouf_0001.jpg,El_Hadji_Diouf_0002.jpg,1,0.524708,El_Hadji_Diouf,El_Hadji_Diouf,positive
Emilio_Botin_0001.jpg,Emilio_Botin_0003.jpg,1,0.603556,Emilio_Botin,Emilio_Botin,positive
Eric_Bana_0001.jpg,Eric_Bana_0002.jpg,1,0.669684,Eric_Bana,Eric_Bana,positive
Eric_Benet_0001.jpg,Eric_Benet_0002.jpg,1,0.557063,Eric_Benet,Eric_Benet,positive
Eric_Rosser_0001.jpg,Eric_Rosser_0003.jpg,1,0.531632,Eric_Rosser,Eric_Rosser,positive
Ernie_Eves_0001.jpg,Ernie_Eves_0002.jpg,1,0.650792,Ernie_Eves,Ernie_Eves,positive
Ernie_Fletcher_0001.jpg,Ernie_Fletcher_0003.jpg,1,0.644262,Ernie_Fletcher,Ernie_Fletcher,positive
Fernando_Vargas_0001.jpg,Fernando_Vargas_0003.jpg,1,0.443704,Fernando_Vargas,Fernando_Vargas,positive
Flavia_Pennetta_0001.jpg,Flavia_Pennetta_0002.jpg,1,0.444803,Flavia_Pennetta,Flavia_Pennetta,positive
Frank_Lautenberg_0003.jpg,Frank_Lautenberg_0004.jpg,1,0.691308,Frank_Lautenberg,Frank_Lautenberg,positive
Frank_Lautenberg_0001.jpg,Frank_Lautenberg_0004.jpg,1,0.480425,Frank_Lautenberg,Frank_Lautenberg,positive
Fujio_Mitarai_0001.jpg,Fujio_Mitarai_0003.jpg,1,0.713155,Fujio_Mitarai,Fujio_Mitarai,positive
Garth_Drabinsky_0003.jpg,Garth_Drabinsky_0004.jpg,1,0.710687,Garth_Drabinsky,Garth_Drabinsky,positive
Garth_Drabinsky_0001.jpg,Garth_Drabinsky_0004.jpg,1,0.464454,Garth_Drabinsky,Garth_Drabinsky,positive
George_HW_Bush_0001.jpg,George_HW_Bush_0003.jpg,1,0.567258,George_HW_Bush,George_HW_Bush,positive
George_Maxwell_Richards_0003.jpg,George_Maxwell_Richards_0004.jpg,1,0.597948,George_Maxwell_Richards,George_Maxwell_Richards,positive
George_Maxwell_Richards_0001.jpg,George_Maxwell_Richards_0003.jpg,1,0.597227,George_Maxwell_Richards,George_Maxwell_Richards,positive
Gerry_Kelly_0003.jpg,Gerry_Kelly_0004.jpg,1,0.785182,Gerry_Kelly,Gerry_Kelly,positive
Gerry_Kelly_0001.jpg,Gerry_Kelly_0003.jpg,1,0.361672,Gerry_Kelly,Gerry_Kelly,positive
Giannina_Facio_0001.jpg,Giannina_Facio_0003.jpg,1,0.599780,Giannina_Facio,Giannina_Facio,positive
Gil_Cates_0001.jpg,Gil_Cates_0002.jpg,1,0.380006,Gil_Cates,Gil_Cates,positive
Gina_Lollobrigida_0001.jpg,Gina_Lollobrigida_0003.jpg,1,0.349171,Gina_Lollobrigida,Gina_Lollobrigida,positive
Gina_Lollobrigida_0003.jpg,Gina_Lollobrigida_0004.jpg,1,0.664683,Gina_Lollobrigida,Gina_Lollobrigida,positive
Gisele_Bundchen_0001.jpg,Gisele_Bundchen_0003.jpg,1,0.651814,Gisele_Bundchen,Gisele_Bundchen,positive
Giuseppe_Morchio_0001.jpg,Giuseppe_Morchio_0002.jpg,1,0.065222,Giuseppe_Morchio,Giuseppe_Morchio,positive
Glafcos_Clerides_0001.jpg,Glafcos_Clerides_0004.jpg,1,0.571631,Glafcos_Clerides,Glafcos_Clerides,positive
Gregorio_Honasan_0001.jpg,Gregorio_Honasan_0002.jpg,1,0.591940,Gregorio_Honasan,Gregorio_Honasan,positive
Hama_Arba_Diallo_0001.jpg,Hama_Arba_Diallo_0002.jpg,1,0.748126,Hama_Arba_Diallo,Hama_Arba_Diallo,positive
Hana_Makhmalbaf_0001.jpg,Hana_Makhmalbaf_0002.jpg,1,0.730260,Hana_Makhmalbaf,Hana_Makhmalbaf,positive
Hank_Azaria_0001.jpg,Hank_Azaria_0002.jpg,1,0.763541,Hank_Azaria,Hank_Azaria,positive
Harvey_Weinstein_0001.jpg,Harvey_Weinstein_0004.jpg,1,0.589495,Harvey_Weinstein,Harvey_Weinstein,positive
Hasan_Wirayuda_0001.jpg,Hasan_Wirayuda_0004.jpg,1,0.669351,Hasan_Wirayuda,Hasan_Wirayuda,positive
Hashim_Thaci_0001.jpg,Hashim_Thaci_0004.jpg,1,0.559296,Hashim_Thaci,Hashim_Thaci,positive
Hassan_Wirajuda_0001.jpg,Hassan_Wirajuda_0004.jpg,1,0.687723,Hassan_Wirajuda,Hassan_Wirajuda,positive
Hector_Babenco_0001.jpg,Hector_Babenco_0004.jpg,1,0.571952,Hector_Babenco,Hector_Babenco,positive
Hideki_Matsui_0001.jpg,Hideki_Matsui_0004.jpg,1,0.600515,Hideki_Matsui,Hideki_Matsui,positive
Hillary_Clinton_0001.jpg,Hillary_Clinton_0004.jpg,1,0.422139,Hillary_Clinton,Hillary_Clinton,positive
Hisao_Oguchi_0001.jpg,Hisao_Oguchi_0002.jpg,1,0.502845,Hisao_Oguchi,Hisao_Oguchi,positive
Hitomi_Soga_0001.jpg,Hitomi_Soga_0003.jpg,1,0.484669,Hitomi_Soga,Hitomi_Soga,positive
Hugh_Campbell_0001.jpg,Hugh_Campbell_0002.jpg,1,0.654863,Hugh_Campbell,Hugh_Campbell,positive
Imran_Khan_0001.jpg,Imran_Khan_0004.jpg,1,0.494278,Imran_Khan,Imran_Khan,positive
JJ_Redick_0001.jpg,JJ_Redick_0004.jpg,1,0.499032,JJ_Redick,JJ_Redick,positive
James_Barksdale_0001.jpg,James_Barksdale_0004.jpg,1,0.632570,James_Barksdale,James_Barksdale,positive
James_Hallock_0001.jpg,James_Hallock_0002.jpg,1,-0.022705,James_Hallock,James_Hallock,positive
James_Murdoch_0001.jpg,James_Murdoch_0003.jpg,1,0.577111,James_Murdoch,James_Murdoch,positive
Jamie_Kellner_0001.jpg,Jamie_Kellner_0002.jpg,1,0.019222,Jamie_Kellner,Jamie_Kellner,positive
Jamie_King_0001.jpg,Jamie_King_0004.jpg,1,0.698241,Jamie_King,Jamie_King,positive
Jane_Fonda_0001.jpg,Jane_Fonda_0002.jpg,1,-0.051561,Jane_Fonda,Jane_Fonda,positive
Janet_Leigh_0001.jpg,Janet_Leigh_0003.jpg,1,0.356765,Janet_Leigh,Janet_Leigh,positive
Jaromir_Jagr_0001.jpg,Jaromir_Jagr_0004.jpg,1,0.377640,Jaromir_Jagr,Jaromir_Jagr,positive
Jennifer_Tilly_0001.jpg,Jennifer_Tilly_0004.jpg,1,0.600553,Jennifer_Tilly,Jennifer_Tilly,positive
Jeremy_Shockey_0001.jpg,Jeremy_Shockey_0003.jpg,1,0.669732,Jeremy_Shockey,Jeremy_Shockey,positive
Jerry_Springer_0001.jpg,Jerry_Springer_0004.jpg,1,0.426207,Jerry_Springer,Jerry_Springer,positive
Jessica_Capshaw_0001.jpg,Jessica_Capshaw_0004.jpg,1,0.574647,Jessica_Capshaw,Jessica_Capshaw,positive
Jessica_Lynch_0001.jpg,Jessica_Lynch_0004.jpg,1,0.568431,Jessica_Lynch,Jessica_Lynch,positive
Jiang_Zemin_0001.jpg,Jiang_Zemin_0002.jpg,1,0.350170,Jiang_Zemin,Jiang_Zemin,positive
Jim_Harrick_0001.jpg,Jim_Harrick_0004.jpg,1,0.689844,Jim_Harrick,Jim_Harrick,positive
Jiri_Novak_0001.jpg,Jiri_Novak_0003.jpg,1,-0.035633,Jiri_Novak,Jiri_Novak,positive
Joe_Mantegna_0001.jpg,Joe_Mantegna_0004.jpg,1,0.524087,Joe_Mantegna,Joe_Mantegna,positive
Joe_Torre_0001.jpg,Joe_Torre_0002.jpg,1,0.689649,Joe_Torre,Joe_Torre,positive
John_Gruden_0001.jpg,John_Gruden_0004.jpg,1,0.587047,John_Gruden,John_Gruden,positive
John_Lynch_0001.jpg,John_Lynch_0004.jpg,1,0.519466,John_Lynch,John_Lynch,positive
John_Marburger_0001.jpg,John_Marburger_0003.jpg,1,0.296521,John_Marburger,John_Marburger,positive
John_Robbins_0001.jpg,John_Robbins_0003.jpg,1,0.591282,John_Robbins,John_Robbins,positive
John_Rusnak_0001.jpg,John_Rusnak_0002.jpg,1,0.573343,John_Rusnak,John_Rusnak,positive
John_Velazquez_0001.jpg,John_Velazquez_0004.jpg,1,0.472042,John_Velazquez,John_Velazquez,positive
Jonathan_Byrd_0001.jpg,Jonathan_Byrd_0002.jpg,1,0.563642,Jonathan_Byrd,Jonathan_Byrd,positive
Jose_Manuel_Durao_Barroso_0001.jpg,Jose_Manuel_Durao_Barroso_0002.jpg,1,0.666128,Jose_Manuel_Durao_Barroso,Jose_Manuel_Durao_Barroso,positive
Joseph_Biden_0001.jpg,Joseph_Biden_0003.jpg,1,0.251978,Joseph_Biden,Joseph_Biden,positive
Judi_Dench_0001.jpg,Judi_Dench_0003.jpg,1,0.542760,Judi_Dench,Judi_Dench,positive
Judy_Genshaft_0001.jpg,Judy_Genshaft_0002.jpg,1,0.409771,Judy_Genshaft,Judy_Genshaft,positive
Jules_Asner_0001.jpg,Jules_Asner_0004.jpg,1,0.602698,Jules_Asner,Jules_Asner,positive
Julio_Cesar_Franco_0001.jpg,Julio_Cesar_Franco_0002.jpg,1,0.509520,Julio_Cesar_Franco,Julio_Cesar_Franco,positive
Kate_Burton_0001.jpg,Kate_Burton_0004.jpg,1,0.435317,Kate_Burton,Kate_Burton,positive
Katie_Smith_0001.jpg,Katie_Smith_0003.jpg,1,0.575646,Katie_Smith,Katie_Smith,positive
Kay_Bailey_Hutchison_0001.jpg,Kay_Bailey_Hutchison_0004.jpg,1,0.424281,Kay_Bailey_Hutchison,Kay_Bailey_Hutchison,positive
Keanu_Reeves_0001.jpg,Keanu_Reeves_0003.jpg,1,0.590929,Keanu_Reeves,Keanu_Reeves,positive
Keira_Knightley_0001.jpg,Keira_Knightley_0003.jpg,1,0.516827,Keira_Knightley,Keira_Knightley,positive
Ken_Watanabe_0001.jpg,Ken_Watanabe_0004.jpg,1,0.512493,Ken_Watanabe,Ken_Watanabe,positive
Kent_Rominger_0001.jpg,Kent_Rominger_0004.jpg,1,0.555726,Kent_Rominger,Kent_Rominger,positive
Kevin_Hearn_0001.jpg,Kevin_Hearn_0004.jpg,1,0.379780,Kevin_Hearn,Kevin_Hearn,positive
King_Abdullah_II_0001.jpg,King_Abdullah_II_0003.jpg,1,0.622810,King_Abdullah_II,King_Abdullah_II,positive
Kirk_Ferentz_0001.jpg,Kirk_Ferentz_0004.jpg,1,0.394170,Kirk_Ferentz,Kirk_Ferentz,positive
Kristin_Scott_Thomas_0001.jpg,Kristin_Scott_Thomas_0004.jpg,1,0.719417,Kristin_Scott_Thomas,Kristin_Scott_Thomas,positive
Kurt_Busch_0001.jpg,Kurt_Busch_0003.jpg,1,0.571099,Kurt_Busch,Kurt_Busch,positive
Lachlan_Murdoch_0001.jpg,Lachlan_Murdoch_0004.jpg,1,0.669021,Lachlan_Murdoch,Lachlan_Murdoch,positive
Larry_Bowa_0001.jpg,Larry_Bowa_0003.jpg,1,0.421866,Larry_Bowa,Larry_Bowa,positive
Larry_Flynt_0001.jpg,Larry_Flynt_0004.jpg,1,0.585501,Larry_Flynt,Larry_Flynt,positive
Larry_Thompson_0001.jpg,Larry_Thompson_0002.jpg,1,0.751799,Larry_Thompson,Larry_Thompson,positive
Laura_Bush_0001.jpg,Laura_Bush_0004.jpg,1,0.428174,Laura_Bush,Laura_Bush,positive
Lauren_Hutton_0001.jpg,Lauren_Hutton_0003.jpg,1,0.484371,Lauren_Hutton,Lauren_Hutton,positive
Laurence_Tribe_0001.jpg,Laurence_Tribe_0004.jpg,1,0.448322,Laurence_Tribe,Laurence_Tribe,positive
Lee_Yuan-tseh_0001.jpg,Lee_Yuan-tseh_0004.jpg,1,0.635333,Lee_Yuan-tseh,Lee_Yuan-tseh,positive
Leland_Chapman_0001.jpg,Leland_Chapman_0002.jpg,1,0.667394,Leland_Chapman,Leland_Chapman,positive
Leslie_Moonves_0001.jpg,Leslie_Moonves_0002.jpg,1,0.520834,Leslie_Moonves,Leslie_Moonves,positive
Lisa_Murkowski_0001.jpg,Lisa_Murkowski_0004.jpg,1,0.691501,Lisa_Murkowski,Lisa_Murkowski,positive
Luca_Cordero_di_Montezemolo_0001.jpg,Luca_Cordero_di_Montezemolo_0004.jpg,1,0.425534,Luca_Cordero_di_Montezemolo,Luca_Cordero_di_Montezemolo,positive
Lyle_Vanclief_0001.jpg,Lyle_Vanclief_0002.jpg,1,0.749509,Lyle_Vanclief,Lyle_Vanclief,positive
Magui_Serna_0001.jpg,Magui_Serna_0002.jpg,1,0.228763,Magui_Serna,Magui_Serna,positive
Makhdoom_Amin_Fahim_0001.jpg,Makhdoom_Amin_Fahim_0002.jpg,1,0.541511,Makhdoom_Amin_Fahim,Makhdoom_Amin_Fahim,positive
Manuel_Pellegrini_0001.jpg,Manuel_Pellegrini_0004.jpg,1,0.760072,Manuel_Pellegrini,Manuel_Pellegrini,positive
Marc-Andre_Fleury_0001.jpg,Marc-Andre_Fleury_0002.jpg,1,0.624611,Marc-Andre_Fleury,Marc-Andre_Fleury,positive
Marco_Antonio_Barrera_0001.jpg,Marco_Antonio_Barrera_0003.jpg,1,0.509967,Marco_Antonio_Barrera,Marco_Antonio_Barrera,positive
Marianne_Stanley_0001.jpg,Marianne_Stanley_0002.jpg,1,0.499959,Marianne_Stanley,Marianne_Stanley,positive
Marie-Reine_Le_Gougne_0001.jpg,Marie-Reine_Le_Gougne_0002.jpg,1,0.612381,Marie-Reine_Le_Gougne,Marie-Reine_Le_Gougne,positive
Marieta_Chrousala_0001.jpg,Marieta_Chrousala_0004.jpg,1,0.633336,Marieta_Chrousala,Marieta_Chrousala,positive
Marina_Anissina_0001.jpg,Marina_Anissina_0004.jpg,1,0.617668,Marina_Anissina,Marina_Anissina,positive
Marion_Fahnestock_0001.jpg,Marion_Fahnestock_0003.jpg,1,0.329822,Marion_Fahnestock,Marion_Fahnestock,positive
Martha_Stewart_0001.jpg,Martha_Stewart_0004.jpg,1,0.703756,Martha_Stewart,Martha_Stewart,positive
Martin_Brodeur_0001.jpg,Martin_Brodeur_0004.jpg,1,0.761291,Martin_Brodeur,Martin_Brodeur,positive
Martin_Lawrence_0001.jpg,Martin_Lawrence_0003.jpg,1,0.479160,Martin_Lawrence,Martin_Lawrence,positive
Martin_Verkerk_0001.jpg,Martin_Verkerk_0002.jpg,1,0.532771,Martin_Verkerk,Martin_Verkerk,positive
Martina_McBride_0001.jpg,Martina_McBride_0002.jpg,1,0.499044,Martina_McBride,Martina_McBride,positive
Mary_Lou_Retton_0001.jpg,Mary_Lou_Retton_0003.jpg,1,0.354307,Mary_Lou_Retton,Mary_Lou_Retton,positive
Matt_Morris_0001.jpg,Matt_Morris_0002.jpg,1,0.518163,Matt_Morris,Matt_Morris,positive
Matthew_McConaughey_0001.jpg,Matthew_McConaughey_0004.jpg,1,0.579253,Matthew_McConaughey,Matthew_McConaughey,positive
Matthew_Perry_0001.jpg,Matthew_Perry_0003.jpg,1,0.559208,Matthew_Perry,Matthew_Perry,positive
Maura_Tierney_0001.jpg,Maura_Tierney_0004.jpg,1,0.647270,Maura_Tierney,Maura_Tierney,positive
Mehmet_Ali_Sahin_0001.jpg,Mehmet_Ali_Sahin_0002.jpg,1,0.545466,Mehmet_Ali_Sahin,Mehmet_Ali_Sahin,positive
Micah_Knorr_0001.jpg,Micah_Knorr_0002.jpg,1,0.590191,Micah_Knorr,Micah_Knorr,positive
Michael_Capellas_0001.jpg,Michael_Capellas_0002.jpg,1,0.743676,Michael_Capellas,Michael_Capellas,positive
Michelangelo_Antonioni_0001.jpg,Michelangelo_Antonioni_0004.jpg,1,0.420560,Michelangelo_Antonioni,Michelangelo_Antonioni,positive
Mickey_Sherman_0001.jpg,Mickey_Sherman_0003.jpg,1,0.592912,Mickey_Sherman,Mickey_Sherman,positive
Mike_Brey_0001.jpg,Mike_Brey_0003.jpg,1,0.531159,Mike_Brey,Mike_Brey,positive
Mike_Johanns_0001.jpg,Mike_Johanns_0004.jpg,1,0.695791,Mike_Johanns,Mike_Johanns,positive
Mike_Matheny_0001.jpg,Mike_Matheny_0004.jpg,1,0.512201,Mike_Matheny,Mike_Matheny,positive
Mother_Teresa_0001.jpg,Mother_Teresa_0003.jpg,1,0.423471,Mother_Teresa,Mother_Teresa,positive
Nanni_Moretti_0001.jpg,Nanni_Moretti_0004.jpg,1,0.357521,Nanni_Moretti,Nanni_Moretti,positive
Nastassia_Kinski_0001.jpg,Nastassia_Kinski_0003.jpg,1,0.277229,Nastassia_Kinski,Nastassia_Kinski,positive
Natalie_Coughlin_0001.jpg,Natalie_Coughlin_0004.jpg,1,0.593250,Natalie_Coughlin,Natalie_Coughlin,positive
Nick_Markakis_0001.jpg,Nick_Markakis_0003.jpg,1,0.384247,Nick_Markakis,Nick_Markakis,positive
Nick_Price_0001.jpg,Nick_Price_0003.jpg,1,0.614443,Nick_Price,Nick_Price,positive
Nobuyuki_Idei_0001.jpg,Nobuyuki_Idei_0003.jpg,1,0.550255,Nobuyuki_Idei,Nobuyuki_Idei,positive
Norm_Coleman_0001.jpg,Norm_Coleman_0003.jpg,1,0.817880,Norm_Coleman,Norm_Coleman,positive
Oscar_De_La_Hoya_0001.jpg,Oscar_De_La_Hoya_0004.jpg,1,0.457415,Oscar_De_La_Hoya,Oscar_De_La_Hoya,positive
Paddy_Torsney_0001.jpg,Paddy_Torsney_0003.jpg,1,-0.019824,Paddy_Torsney,Paddy_Torsney,positive
Pascal_Lamy_0001.jpg,Pascal_Lamy_0002.jpg,1,0.515422,Pascal_Lamy,Pascal_Lamy,positive
Pat_Burns_0001.jpg,Pat_Burns_0002.jpg,1,0.547825,Pat_Burns,Pat_Burns,positive
Patrick_Rafter_0001.jpg,Patrick_Rafter_0004.jpg,1,0.755656,Patrick_Rafter,Patrick_Rafter,positive
Paul_McCartney_0001.jpg,Paul_McCartney_0004.jpg,1,0.549317,Paul_McCartney,Paul_McCartney,positive
Paul_Wellstone_0001.jpg,Paul_Wellstone_0003.jpg,1,0.662454,Paul_Wellstone,Paul_Wellstone,positive
Paula_Dobriansky_0001.jpg,Paula_Dobriansky_0003.jpg,1,0.578904,Paula_Dobriansky,Paula_Dobriansky,positive
Penelope_Cruz_0001.jpg,Penelope_Cruz_0002.jpg,1,0.514443,Penelope_Cruz,Penelope_Cruz,positive
Penny_Lancaster_0001.jpg,Penny_Lancaster_0004.jpg,1,0.462638,Penny_Lancaster,Penny_Lancaster,positive
Peri_Gilpin_0001.jpg,Peri_Gilpin_0004.jpg,1,0.419856,Peri_Gilpin,Peri_Gilpin,positive
Pete_Rose_0001.jpg,Pete_Rose_0002.jpg,1,0.551249,Pete_Rose,Pete_Rose,positive
Peter_Care_0001.jpg,Peter_Care_0002.jpg,1,0.755304,Peter_Care,Peter_Care,positive
Peter_Chan_0001.jpg,Peter_Chan_0002.jpg,1,0.728116,Peter_Chan,Peter_Chan,positive
Peter_Schultz_0001.jpg,Peter_Schultz_0002.jpg,1,0.690315,Peter_Schultz,Peter_Schultz,positive
Peter_Ueberroth_0001.jpg,Peter_Ueberroth_0004.jpg,1,0.477197,Peter_Ueberroth,Peter_Ueberroth,positive
Phil_Cline_0001.jpg,Phil_Cline_0002.jpg,1,0.026596,Phil_Cline,Phil_Cline,positive
Pierre_Van_Hooijdonk_0001.jpg,Pierre_Van_Hooijdonk_0003.jpg,1,0.411228,Pierre_Van_Hooijdonk,Pierre_Van_Hooijdonk,positive
Prince_Harry_0001.jpg,Prince_Harry_0003.jpg,1,0.675513,Prince_Harry,Prince_Harry,positive
Princess_Caroline_0001.jpg,Princess_Caroline_0004.jpg,1,0.485769,Princess_Caroline,Princess_Caroline,positive
Raquel_Welch_0001.jpg,Raquel_Welch_0002.jpg,1,-0.068566,Raquel_Welch,Raquel_Welch,positive
Reggie_Miller_0001.jpg,Reggie_Miller_0004.jpg,1,0.661571,Reggie_Miller,Reggie_Miller,positive
Regina_Ip_0001.jpg,Regina_Ip_0004.jpg,1,0.647811,Regina_Ip,Regina_Ip,positive
Renee_Zellweger_0001.jpg,Renee_Zellweger_0004.jpg,1,0.451056,Renee_Zellweger,Renee_Zellweger,positive
Ricardo_Sanchez_0001.jpg,Ricardo_Sanchez_0002.jpg,1,0.517499,Ricardo_Sanchez,Ricardo_Sanchez,positive
Roberto_Canessa_0001.jpg,Roberto_Canessa_0002.jpg,1,0.640932,Roberto_Canessa,Roberto_Canessa,positive
Rolf_Eckrodt_0001.jpg,Rolf_Eckrodt_0002.jpg,1,0.751245,Rolf_Eckrodt,Rolf_Eckrodt,positive
Roman_Coppola_0001.jpg,Roman_Coppola_0003.jpg,1,0.524146,Roman_Coppola,Roman_Coppola,positive
Ron_Gonzales_0001.jpg,Ron_Gonzales_0004.jpg,1,0.023672,Ron_Gonzales,Ron_Gonzales,positive
Rubens_Barrichello_0001.jpg,Rubens_Barrichello_0003.jpg,1,0.663196,Rubens_Barrichello,Rubens_Barrichello,positive
Samira_Makhmalbaf_0001.jpg,Samira_Makhmalbaf_0003.jpg,1,0.504414,Samira_Makhmalbaf,Samira_Makhmalbaf,positive
Samuel_Waksal_0001.jpg,Samuel_Waksal_0003.jpg,1,0.605708,Samuel_Waksal,Samuel_Waksal,positive
Saoud_Al_Faisal_0001.jpg,Saoud_Al_Faisal_0002.jpg,1,0.537079,Saoud_Al_Faisal,Saoud_Al_Faisal,positive
Scott_McClellan_0001.jpg,Scott_McClellan_0002.jpg,1,0.541334,Scott_McClellan,Scott_McClellan,positive
Scott_Rudin_0001.jpg,Scott_Rudin_0002.jpg,1,0.565131,Scott_Rudin,Scott_Rudin,positive
Serge_Klarsfeld_0001.jpg,Serge_Klarsfeld_0004.jpg,1,0.398099,Serge_Klarsfeld,Serge_Klarsfeld,positive
Shane_Warne_0001.jpg,Shane_Warne_0002.jpg,1,0.571578,Shane_Warne,Shane_Warne,positive
Sheila_Wellstone_0001.jpg,Sheila_Wellstone_0002.jpg,1,0.613266,Sheila_Wellstone,Sheila_Wellstone,positive
Sheryl_Crow_0001.jpg,Sheryl_Crow_0004.jpg,1,0.497812,Sheryl_Crow,Sheryl_Crow,positive
Shigeru_Ishiba_0001.jpg,Shigeru_Ishiba_0002.jpg,1,0.720080,Shigeru_Ishiba,Shigeru_Ishiba,positive
Silvan_Shalom_0001.jpg,Silvan_Shalom_0002.jpg,1,0.687768,Silvan_Shalom,Silvan_Shalom,positive
Stacey_Jones_0001.jpg,Stacey_Jones_0002.jpg,1,0.583525,Stacey_Jones,Stacey_Jones,positive
Stanley_Ho_0001.jpg,Stanley_Ho_0004.jpg,1,0.476325,Stanley_Ho,Stanley_Ho,positive
Stephen_Frears_0001.jpg,Stephen_Frears_0004.jpg,1,0.609945,Stephen_Frears,Stephen_Frears,positive
Steve_Allee_0001.jpg,Steve_Allee_0002.jpg,1,0.791034,Steve_Allee,Steve_Allee,positive
Steve_Mariucci_0001.jpg,Steve_Mariucci_0004.jpg,1,0.582657,Steve_Mariucci,Steve_Mariucci,positive
Steven_Seagal_0001.jpg,Steven_Seagal_0003.jpg,1,0.451113,Steven_Seagal,Steven_Seagal,positive
Svend_Robinson_0001.jpg,Svend_Robinson_0003.jpg,1,0.539980,Svend_Robinson,Svend_Robinson,positive
Sylvia_Plachy_0001.jpg,Sylvia_Plachy_0002.jpg,1,0.079542,Sylvia_Plachy,Sylvia_Plachy,positive
Taha_Yassin_Ramadan_0001.jpg,Taha_Yassin_Ramadan_0002.jpg,1,0.516875,Taha_Yassin_Ramadan,Taha_Yassin_Ramadan,positive
Tammy_Lynn_Michaels_0001.jpg,Tammy_Lynn_Michaels_0002.jpg,1,0.751293,Tammy_Lynn_Michaels,Tammy_Lynn_Michaels,positive
Teresa_Heinz_Kerry_0001.jpg,Teresa_Heinz_Kerry_0004.jpg,1,0.516643,Teresa_Heinz_Kerry,Teresa_Heinz_Kerry,positive
Todd_MacCulloch_0001.jpg,Todd_MacCulloch_0002.jpg,1,0.425029,Todd_MacCulloch,Todd_MacCulloch,positive
Tom_Curley_0001.jpg,Tom_Curley_0002.jpg,1,0.712057,Tom_Curley,Tom_Curley,positive
Tony_Bennett_0001.jpg,Tony_Bennett_0004.jpg,1,0.522407,Tony_Bennett,Tony_Bennett,positive
Torri_Edwards_0001.jpg,Torri_Edwards_0004.jpg,1,0.056568,Torri_Edwards,Torri_Edwards,positive
Tung_Chee-hwa_0001.jpg,Tung_Chee-hwa_0002.jpg,1,0.660699,Tung_Chee-hwa,Tung_Chee-hwa,positive
Vecdi_Gonul_0001.jpg,Vecdi_Gonul_0004.jpg,1,0.690360,Vecdi_Gonul,Vecdi_Gonul,positive
Victor_Garber_0001.jpg,Victor_Garber_0002.jpg,1,0.591061,Victor_Garber,Victor_Garber,positive
Wanda_de_la_Jesus_0001.jpg,Wanda_de_la_Jesus_0002.jpg,1,0.510885,Wanda_de_la_Jesus,Wanda_de_la_Jesus,positive
Warren_Buffett_0001.jpg,Warren_Buffett_0004.jpg,1,0.416692,Warren_Buffett,Warren_Buffett,positive
Wen_Jiabao_0001.jpg,Wen_Jiabao_0002.jpg,1,0.555736,Wen_Jiabao,Wen_Jiabao,positive
Wesley_Clark_0001.jpg,Wesley_Clark_0004.jpg,1,0.491891,Wesley_Clark,Wesley_Clark,positive
William_Perry_0001.jpg,William_Perry_0004.jpg,1,0.515002,William_Perry,William_Perry,positive
Willie_Nelson_0001.jpg,Willie_Nelson_0003.jpg,1,0.386143,Willie_Nelson,Willie_Nelson,positive
Yekaterina_Guseva_0001.jpg,Yekaterina_Guseva_0002.jpg,1,0.615733,Yekaterina_Guseva,Yekaterina_Guseva,positive
Yuri_Malenchenko_0001.jpg,Yuri_Malenchenko_0002.jpg,1,0.655325,Yuri_Malenchenko,Yuri_Malenchenko,positive
Zhang_Yimou_0001.jpg,Zhang_Yimou_0004.jpg,1,0.597215,Zhang_Yimou,Zhang_Yimou,positive
Abdoulaye_Wade_0001.jpg,Abdoulaye_Wade_0002.jpg,1,0.305697,Abdoulaye_Wade,Abdoulaye_Wade,positive
Adam_Sandler_0001.jpg,Adam_Sandler_0004.jpg,1,0.697456,Adam_Sandler,Adam_Sandler,positive
Adam_Sandler_0001.jpg,Adam_Sandler_0003.jpg,1,0.609588,Adam_Sandler,Adam_Sandler,positive
Adolfo_Aguilar_Zinser_0001.jpg,Adolfo_Aguilar_Zinser_0003.jpg,1,0.588763,Adolfo_Aguilar_Zinser,Adolfo_Aguilar_Zinser,positive
Adolfo_Aguilar_Zinser_0003.jpg,Adolfo_Aguilar_Zinser_0004.jpg,1,0.570154,Adolfo_Aguilar_Zinser,Adolfo_Aguilar_Zinser,positive
Agnelo_Queiroz_0001.jpg,Agnelo_Queiroz_0002.jpg,1,0.633484,Agnelo_Queiroz,Agnelo_Queiroz,positive
Aicha_El_Ouafi_0001.jpg,Aicha_El_Ouafi_0002.jpg,1,0.665568,Aicha_El_Ouafi,Aicha_El_Ouafi,positive
Akbar_Hashemi_Rafsanjani_0001.jpg,Akbar_Hashemi_Rafsanjani_0003.jpg,1,0.354607,Akbar_Hashemi_Rafsanjani,Akbar_Hashemi_Rafsanjani,positive
Al_Pacino_0001.jpg,Al_Pacino_0004.jpg,1,0.501164,Al_Pacino,Al_Pacino,positive
Al_Pacino_0003.jpg,Al_Pacino_0004.jpg,1,0.591897,Al_Pacino,Al_Pacino,positive
Alex_Barros_0001.jpg,Alex_Barros_0004.jpg,1,0.689603,Alex_Barros,Alex_Barros,positive
Alex_Barros_0003.jpg,Alex_Barros_0004.jpg,1,0.565521,Alex_Barros,Alex_Barros,positive
Alex_Ferguson_0001.jpg,Alex_Ferguson_0003.jpg,1,0.333667,Alex_Ferguson,Alex_Ferguson,positive
Alex_Ferguson_0001.jpg,Alex_Ferguson_0004.jpg,1,0.348696,Alex_Ferguson,Alex_Ferguson,positive
Alex_Wallau_0001.jpg,Alex_Wallau_0002.jpg,1,0.075431,Alex_Wallau,Alex_Wallau,positive
Alfonso_Portillo_0001.jpg,Alfonso_Portillo_0004.jpg,1,0.623751,Alfonso_Portillo,Alfonso_Portillo,positive
Ali_Abdullah_Saleh_0001.jpg,Ali_Abdullah_Saleh_0004.jpg,1,0.629065,Ali_Abdullah_Saleh,Ali_Abdullah_Saleh,positive
Allan_Houston_0001.jpg,Allan_Houston_0004.jpg,1,0.562677,Allan_Houston,Allan_Houston,positive
Ally_Sheedy_0001.jpg,Ally_Sheedy_0004.jpg,1,0.260180,Ally_Sheedy,Ally_Sheedy,positive
Allyson_Felix_0001.jpg,Allyson_Felix_0002.jpg,1,0.618423,Allyson_Felix,Allyson_Felix,positive
Amanda_Marsh_0001.jpg,Amanda_Marsh_0002.jpg,1,0.658142,Amanda_Marsh,Amanda_Marsh,positive
Andy_Garcia_0001.jpg,Andy_Garcia_0004.jpg,1,0.432140,Andy_Garcia,Andy_Garcia,positive
Andy_Griggs_0001.jpg,Andy_Griggs_0004.jpg,1,0.500307,Andy_Griggs,Andy_Griggs,positive
Andy_Roddick_0001.jpg,Andy_Roddick_0002.jpg,1,0.120181,Andy_Roddick,Andy_Roddick,positive
Andy_Rooney_0001.jpg,Andy_Rooney_0002.jpg,1,0.528359,Andy_Rooney,Andy_Rooney,positive
Anna_Nicole_Smith_0001.jpg,Anna_Nicole_Smith_0004.jpg,1,0.466208,Anna_Nicole_Smith,Anna_Nicole_Smith,positive
Antonio_Palocci_0001.jpg,Antonio_Palocci_0003.jpg,1,0.405290,Antonio_Palocci,Antonio_Palocci,positive
Arif_Mardin_0001.jpg,Arif_Mardin_0003.jpg,1,0.548277,Arif_Mardin,Arif_Mardin,positive
Arnaud_Lagardere_0001.jpg,Arnaud_Lagardere_0003.jpg,1,0.709203,Arnaud_Lagardere,Arnaud_Lagardere,positive
Ashton_Kutcher_0001.jpg,Ashton_Kutcher_0004.jpg,1,0.504600,Ashton_Kutcher,Ashton_Kutcher,positive
Asmaa_Assad_0001.jpg,Asmaa_Assad_0002.jpg,1,0.434325,Asmaa_Assad,Asmaa_Assad,positive
Augusto_Roa_Bastos_0001.jpg,Augusto_Roa_Bastos_0004.jpg,1,0.032902,Augusto_Roa_Bastos,Augusto_Roa_Bastos,positive
Aung_San_Suu_Kyi_0001.jpg,Aung_San_Suu_Kyi_0002.jpg,1,0.415844,Aung_San_Suu_Kyi,Aung_San_Suu_Kyi,positive
Azmi_Bishara_0001.jpg,Azmi_Bishara_0003.jpg,1,0.640504,Azmi_Bishara,Azmi_Bishara,positive
Barry_Zito_0001.jpg,Barry_Zito_0002.jpg,1,0.576653,Barry_Zito,Barry_Zito,positive
Benito_Santiago_0001.jpg,Benito_Santiago_0004.jpg,1,0.427590,Benito_Santiago,Benito_Santiago,positive
Bill_Graham_0001.jpg,Bill_Graham_0002.jpg,1,0.630269,Bill_Graham,Bill_Graham,positive
Bill_Readdy_0001.jpg,Bill_Readdy_0002.jpg,1,0.729347,Bill_Readdy,Bill_Readdy,positive
Bison_Dele_0001.jpg,Bison_Dele_0002.jpg,1,0.150226,Bison_Dele,Bison_Dele,positive
Bob_Dole_0001.jpg,Bob_Dole_0004.jpg,1,0.397991,Bob_Dole,Bob_Dole,positive
Bob_Geldof_0001.jpg,Bob_Geldof_0002.jpg,1,0.499129,Bob_Geldof,Bob_Geldof,positive
Bob_Holden_0001.jpg,Bob_Holden_0004.jpg,1,0.603881,Bob_Holden,Bob_Holden,positive
Bob_Iger_0001.jpg,Bob_Iger_0004.jpg,1,0.620293,Bob_Iger,Bob_Iger,positive
Brendan_Gaughan_0001.jpg,Brendan_Gaughan_0002.jpg,1,0.533893,Brendan_Gaughan,Brendan_Gaughan,positive
Brian_Heidik_0001.jpg,Brian_Heidik_0004.jpg,1,0.611407,Brian_Heidik,Brian_Heidik,positive
Brook_Robinson_0001.jpg,Brook_Robinson_0002.jpg,1,0.516359,Brook_Robinson,Brook_Robinson,positive
Brooke_Adams_0001.jpg,Brooke_Adams_0004.jpg,1,0.533849,Brooke_Adams,Brooke_Adams,positive
Brooke_Gordon_0001.jpg,Brooke_Gordon_0002.jpg,1,-0.054439,Brooke_Gordon,Brooke_Gordon,positive
Bruce_Weber_0001.jpg,Bruce_Weber_0002.jpg,1,0.685983,Bruce_Weber,Bruce_Weber,positive
Carla_Sullivan_0001.jpg,Carla_Sullivan_0002.jpg,1,0.078012,Carla_Sullivan,Carla_Sullivan,positive
Carlos_Salinas_0001.jpg,Carlos_Salinas_0002.jpg,1,0.674117,Carlos_Salinas,Carlos_Salinas,positive
Carolyn_Dawn_Johnson_0001.jpg,Carolyn_Dawn_Johnson_0004.jpg,1,0.387338,Carolyn_Dawn_Johnson,Carolyn_Dawn_Johnson,positive
Carolyn_Kuhl_0001.jpg,Carolyn_Kuhl_0002.jpg,1,-0.031183,Carolyn_Kuhl,Carolyn_Kuhl,positive
Celine_Dion_0001.jpg,Celine_Dion_0004.jpg,1,0.326978,Celine_Dion,Celine_Dion,positive
Chakib_Khelil_0001.jpg,Chakib_Khelil_0002.jpg,1,0.674360,Chakib_Khelil,Chakib_Khelil,positive
Charla_Moye_0001.jpg,Charla_Moye_0002.jpg,1,0.195700,Charla_Moye,Charla_Moye,positive
Chen_Shui-bian_0001.jpg,Chen_Shui-bian_0004.jpg,1,0.350731,Chen_Shui-bian,Chen_Shui-bian,positive
Chris_Kolanas_0001.jpg,Chris_Kolanas_0004.jpg,1,0.579086,Chris_Kolanas,Chris_Kolanas,positive
Christopher_Walken_0001.jpg,Christopher_Walken_0002.jpg,1,0.516417,Christopher_Walken,Christopher_Walken,positive
Chuck_Woolery_0001.jpg,Chuck_Woolery_0004.jpg,1,0.597487,Chuck_Woolery,Chuck_Woolery,positive
Claudia_Pechstein_0001.jpg,Claudia_Pechstein_0004.jpg,1,0.497154,Claudia_Pechstein,Claudia_Pechstein,positive
Clay_Aiken_0001.jpg,Clay_Aiken_0003.jpg,1,0.566642,Clay_Aiken,Clay_Aiken,positive
Colin_Powell_0001.jpg,Colin_Powell_0004.jpg,1,0.723151,Colin_Powell,Colin_Powell,positive
Craig_David_0001.jpg,Craig_David_0004.jpg,1,0.311079,Craig_David,Craig_David,positive
Curtis_Joseph_0001.jpg,Curtis_Joseph_0004.jpg,1,0.614013,Curtis_Joseph,Curtis_Joseph,positive
Cynthia_Rowley_0001.jpg,Cynthia_Rowley_0003.jpg,1,0.573816,Cynthia_Rowley,Cynthia_Rowley,positive
Dai_Chul_Chyung_0001.jpg,Dai_Chul_Chyung_0002.jpg,1,0.599388,Dai_Chul_Chyung,Dai_Chul_Chyung,positive
Damon_van_Dam_0001.jpg,Damon_van_Dam_0002.jpg,1,0.581695,Damon_van_Dam,Damon_van_Dam,positive
Dan_Wheldon_0001.jpg,Dan_Wheldon_0004.jpg,1,0.599732,Dan_Wheldon,Dan_Wheldon,positive
Daniel_Barenboim_0001.jpg,Daniel_Barenboim_0004.jpg,1,0.486478,Daniel_Barenboim,Daniel_Barenboim,positive
Daniel_Bruehl_0001.jpg,Daniel_Bruehl_0003.jpg,1,0.562937,Daniel_Bruehl,Daniel_Bruehl,positive
Danielle_Spencer_0001.jpg,Danielle_Spencer_0004.jpg,1,0.537240,Danielle_Spencer,Danielle_Spencer,positive
Darcy_Regier_0001.jpg,Darcy_Regier_0004.jpg,1,0.554573,Darcy_Regier,Darcy_Regier,positive
Dave_Barr_0001.jpg,Dave_Barr_0002.jpg,1,0.492149,Dave_Barr,Dave_Barr,positive
Dave_Matthews_0001.jpg,Dave_Matthews_0004.jpg,1,0.678192,Dave_Matthews,Dave_Matthews,positive
David_Bisbal_0001.jpg,David_Bisbal_0004.jpg,1,0.593662,David_Bisbal,David_Bisbal,positive
David_Coulthard_0001.jpg,David_Coulthard_0004.jpg,1,0.594766,David_Coulthard,David_Coulthard,positive
David_Kelley_0001.jpg,David_Kelley_0002.jpg,1,0.765437,David_Kelley,David_Kelley,positive
David_McCullough_0001.jpg,David_McCullough_0002.jpg,1,0.824718,David_McCullough,David_McCullough,positive
David_McKiernan_0001.jpg,David_McKiernan_0004.jpg,1,0.005848,David_McKiernan,David_McKiernan,positive
Debra_Brown_0001.jpg,Debra_Brown_0002.jpg,1,0.707406,Debra_Brown,Debra_Brown,positive
Dennis_Erickson_0001.jpg,Dennis_Erickson_0004.jpg,1,0.662278,Dennis_Erickson,Dennis_Erickson,positive
Derek_Lowe_0001.jpg,Derek_Lowe_0004.jpg,1,0.374682,Derek_Lowe,Derek_Lowe,positive
Diego_Colorado_0001.jpg,Diego_Colorado_0002.jpg,1,0.769214,Diego_Colorado,Diego_Colorado,positive
Diego_Diego_Lerman_0001.jpg,Diego_Diego_Lerman_0003.jpg,1,0.665050,Diego_Diego_Lerman,Diego_Diego_Lerman,positive
Dominik_Hrbaty_0001.jpg,Dominik_Hrbaty_0002.jpg,1,0.586923,Dominik_Hrbaty,Dominik_Hrbaty,positive
Donald_Keck_0001.jpg,Donald_Keck_0002.jpg,1,0.799423,Donald_Keck,Donald_Keck,positive
Dragan_Covic_0001.jpg,Dragan_Covic_0004.jpg,1,0.581546,Dragan_Covic,Dragan_Covic,positive
Dunn_Lampton_0001.jpg,Dunn_Lampton_0002.jpg,1,0.661775,Dunn_Lampton,Dunn_Lampton,positive
Dustin_Hoffman_0001.jpg,Dustin_Hoffman_0004.jpg,1,0.592991,Dustin_Hoffman,Dustin_Hoffman,positive
Eddie_Sutton_0001.jpg,Eddie_Sutton_0004.jpg,1,0.428287,Eddie_Sutton,Eddie_Sutton,positive
Edie_Falco_0001.jpg,Edie_Falco_0004.jpg,1,0.754755,Edie_Falco,Edie_Falco,positive
Eli_Broad_0001.jpg,Eli_Broad_0002.jpg,1,0.461609,Eli_Broad,Eli_Broad,positive
Elijah_Wood_0001.jpg,Elijah_Wood_0004.jpg,1,0.622930,Elijah_Wood,Elijah_Wood,positive
Elizabeth_Hurley_0001.jpg,Elizabeth_Hurley_0004.jpg,1,0.531182,Elizabeth_Hurley,Elizabeth_Hurley,positive
Elvis_Costello_0001.jpg,Elvis_Costello_0003.jpg,1,0.577295,Elvis_Costello,Elvis_Costello,positive
Emily_Robison_0001.jpg,Emily_Robison_0004.jpg,1,0.671370,Emily_Robison,Emily_Robison,positive
Eric_Staal_0001.jpg,Eric_Staal_0002.jpg,1,0.667189,Eric_Staal,Eric_Staal,positive
Erin_Hershey_Presley_0001.jpg,Erin_Hershey_Presley_0004.jpg,1,0.642932,Erin_Hershey_Presley,Erin_Hershey_Presley,positive
Ethan_Hawke_0001.jpg,Ethan_Hawke_0004.jpg,1,0.547742,Ethan_Hawke,Ethan_Hawke,positive
Eunice_Barber_0001.jpg,Eunice_Barber_0002.jpg,1,0.592222,Eunice_Barber,Eunice_Barber,positive
Eva_Mendes_0001.jpg,Eva_Mendes_0002.jpg,1,0.595379,Eva_Mendes,Eva_Mendes,positive
Felix_Mantilla_0001.jpg,Felix_Mantilla_0003.jpg,1,0.526139,Felix_Mantilla,Felix_Mantilla,positive
Fernando_Leon_de_Aranoa_0001.jpg,Fernando_Leon_de_Aranoa_0002.jpg,1,0.609191,Fernando_Leon_de_Aranoa,Fernando_Leon_de_Aranoa,positive
Fidel_Castro_0001.jpg,Fidel_Castro_0003.jpg,1,0.456762,Fidel_Castro,Fidel_Castro,positive
Francisco_Flores_0001.jpg,Francisco_Flores_0002.jpg,1,0.581836,Francisco_Flores,Francisco_Flores,positive
Frank_Pallone_0001.jpg,Frank_Pallone_0002.jpg,1,0.704595,Frank_Pallone,Frank_Pallone,positive
Frank_Schmoekel_0001.jpg,Frank_Schmoekel_0003.jpg,1,0.529915,Frank_Schmoekel,Frank_Schmoekel,positive
Franko_Simatovic_0001.jpg,Franko_Simatovic_0002.jpg,1,0.552336,Franko_Simatovic,Franko_Simatovic,positive
Fred_Eckhard_0001.jpg,Fred_Eckhard_0002.jpg,1,0.417733,Fred_Eckhard,Fred_Eckhard,positive
GL_Peiris_0001.jpg,GL_Peiris_0004.jpg,1,0.649670,GL_Peiris,GL_Peiris,positive
Garry_Kasparov_0001.jpg,Garry_Kasparov_0002.jpg,1,0.712567,Garry_Kasparov,Garry_Kasparov,positive
Gary_Marshall_0001.jpg,Gary_Marshall_0002.jpg,1,0.323018,Gary_Marshall,Gary_Marshall,positive
Gaston_Gaudio_0001.jpg,Gaston_Gaudio_0002.jpg,1,0.496012,Gaston_Gaudio,Gaston_Gaudio,positive
Gerald_Fitch_0001.jpg,Gerald_Fitch_0002.jpg,1,0.601356,Gerald_Fitch,Gerald_Fitch,positive
Gerald_Riley_0001.jpg,Gerald_Riley_0002.jpg,1,-0.088983,Gerald_Riley,Gerald_Riley,positive
German_Khan_0001.jpg,German_Khan_0004.jpg,1,0.581197,German_Khan,German_Khan,positive
Grady_Little_0001.jpg,Grady_Little_0002.jpg,1,0.130537,Grady_Little,Grady_Little,positive
Gus_Frerotte_0001.jpg,Gus_Frerotte_0003.jpg,1,0.478153,Gus_Frerotte,Gus_Frerotte,positive
Hal_Sellers_0001.jpg,Hal_Sellers_0002.jpg,1,0.066401,Hal_Sellers,Hal_Sellers,positive
Hans_Corell_0001.jpg,Hans_Corell_0004.jpg,1,0.648430,Hans_Corell,Hans_Corell,positive
Hassan_Nasrallah_0001.jpg,Hassan_Nasrallah_0004.jpg,1,0.466250,Hassan_Nasrallah,Hassan_Nasrallah,positive
Heidi_Klum_0001.jpg,Heidi_Klum_0004.jpg,1,0.639509,Heidi_Klum,Heidi_Klum,positive
Holly_Robinson_Peete_0001.jpg,Holly_Robinson_Peete_0004.jpg,1,0.426576,Holly_Robinson_Peete,Holly_Robinson_Peete,positive
Hugh_Carey_0001.jpg,Hugh_Carey_0003.jpg,1,0.570151,Hugh_Carey,Hugh_Carey,positive
Iban_Mayo_0001.jpg,Iban_Mayo_0003.jpg,1,0.539379,Iban_Mayo,Iban_Mayo,positive
Ibrahim_Al-Marashi_0001.jpg,Ibrahim_Al-Marashi_0002.jpg,1,0.573894,Ibrahim_Al-Marashi,Ibrahim_Al-Marashi,positive
Inam-ul-Haq_0001.jpg,Inam-ul-Haq_0002.jpg,1,0.050807,Inam-ul-Haq,Inam-ul-Haq,positive
Ira_Einhorn_0001.jpg,Ira_Einhorn_0002.jpg,1,0.464895,Ira_Einhorn,Ira_Einhorn,positive
JC_Chasez_0001.jpg,JC_Chasez_0004.jpg,1,0.505257,JC_Chasez,JC_Chasez,positive
Jaime_Pressly_0001.jpg,Jaime_Pressly_0004.jpg,1,0.644058,Jaime_Pressly,Jaime_Pressly,positive
James_Brown_0001.jpg,James_Brown_0004.jpg,1,0.504653,James_Brown,James_Brown,positive
James_Gandolfini_0001.jpg,James_Gandolfini_0004.jpg,1,0.002719,James_Gandolfini,James_Gandolfini,positive
James_Wattana_0001.jpg,James_Wattana_0003.jpg,1,0.564322,James_Wattana,James_Wattana,positive
Jane_Leeves_0001.jpg,Jane_Leeves_0004.jpg,1,0.471479,Jane_Leeves,Jane_Leeves,positive
Janet_Thorpe_0001.jpg,Janet_Thorpe_0002.jpg,1,0.551649,Janet_Thorpe,Janet_Thorpe,positive
Jason_Vale_0001.jpg,Jason_Vale_0002.jpg,1,0.659847,Jason_Vale,Jason_Vale,positive
Jean-Claude_Van_Damme_0001.jpg,Jean-Claude_Van_Damme_0004.jpg,1,0.533355,Jean-Claude_Van_Damme,Jean-Claude_Van_Damme,positive
Jean-Pierre_Raffarin_0001.jpg,Jean-Pierre_Raffarin_0002.jpg,1,-0.126679,Jean-Pierre_Raffarin,Jean-Pierre_Raffarin,positive
Jennifer_Capriati_0001.jpg,Jennifer_Capriati_0002.jpg,1,0.674413,Jennifer_Capriati,Jennifer_Capriati,positive
Jerry_Lewis_0001.jpg,Jerry_Lewis_0004.jpg,1,0.435529,Jerry_Lewis,Jerry_Lewis,positive
Jessica_Simpson_0001.jpg,Jessica_Simpson_0004.jpg,1,0.740618,Jessica_Simpson,Jessica_Simpson,positive
Jim_Bunning_0001.jpg,Jim_Bunning_0004.jpg,1,0.293800,Jim_Bunning,Jim_Bunning,positive
Jim_Jeffords_0001.jpg,Jim_Jeffords_0004.jpg,1,0.587927,Jim_Jeffords,Jim_Jeffords,positive
Job_Cohen_0001.jpg,Job_Cohen_0003.jpg,1,0.587520,Job_Cohen,Job_Cohen,positive
Joey_Mantia_0001.jpg,Joey_Mantia_0004.jpg,1,0.547805,Joey_Mantia,Joey_Mantia,positive
John_Franco_0001.jpg,John_Franco_0003.jpg,1,0.595815,John_Franco,John_Franco,positive
John_Henry_0001.jpg,John_Henry_0002.jpg,1,0.105200,John_Henry,John_Henry,positive
John_Paul_II_0001.jpg,John_Paul_II_0002.jpg,1,0.561054,John_Paul_II,John_Paul_II,positive
John_Ruiz_0001.jpg,John_Ruiz_0002.jpg,1,0.395218,John_Ruiz,John_Ruiz,positive
John_Scarlett_0001.jpg,John_Scarlett_0002.jpg,1,0.675135,John_Scarlett,John_Scarlett,positive
John_Stallworth_0001.jpg,John_Stallworth_0003.jpg,1,0.480216,John_Stallworth,John_Stallworth,positive
John_Stockton_0001.jpg,John_Stockton_0004.jpg,1,0.726443,John_Stockton,John_Stockton,positive
John_Travolta_0001.jpg,John_Travolta_0004.jpg,1,0.519064,John_Travolta,John_Travolta,positive
Jonathan_Mostow_0001.jpg,Jonathan_Mostow_0004.jpg,1,0.688089,Jonathan_Mostow,Jonathan_Mostow,positive
Jorge_Arce_0001.jpg,Jorge_Arce_0003.jpg,1,0.713429,Jorge_Arce,Jorge_Arce,positive
Joschka_Fischer_0001.jpg,Joschka_Fischer_0003.jpg,1,0.614979,Joschka_Fischer,Joschka_Fischer,positive
Jose_Canseco_0001.jpg,Jose_Canseco_0004.jpg,1,0.591225,Jose_Canseco,Jose_Canseco,positive
Jose_Woldenberg_0001.jpg,Jose_Woldenberg_0004.jpg,1,0.668934,Jose_Woldenberg,Jose_Woldenberg,positive
Joshua_Gracin_0001.jpg,Joshua_Gracin_0002.jpg,1,0.673655,Joshua_Gracin,Joshua_Gracin,positive
Juan_Manuel_Marquez_0001.jpg,Juan_Manuel_Marquez_0004.jpg,1,0.620787,Juan_Manuel_Marquez,Juan_Manuel_Marquez,positive
Juan_Valencia_Osorio_0001.jpg,Juan_Valencia_Osorio_0002.jpg,1,0.638971,Juan_Valencia_Osorio,Juan_Valencia_Osorio,positive
Juergen_Schrempp_0001.jpg,Juergen_Schrempp_0003.jpg,1,0.659233,Juergen_Schrempp,Juergen_Schrempp,positive
Julie_Gerberding_0001.jpg,Julie_Gerberding_0004.jpg,1,0.699266,Julie_Gerberding,Julie_Gerberding,positive
Julien_Boutter_0001.jpg,Julien_Boutter_0002.jpg,1,0.001133,Julien_Boutter,Julien_Boutter,positive
Kaisser_Bazan_0001.jpg,Kaisser_Bazan_0003.jpg,1,0.361221,Kaisser_Bazan,Kaisser_Bazan,positive
Kajsa_Bergqvist_0001.jpg,Kajsa_Bergqvist_0002.jpg,1,0.466205,Kajsa_Bergqvist,Kajsa_Bergqvist,positive
Kemal_Dervis_0001.jpg,Kemal_Dervis_0002.jpg,1,0.760454,Kemal_Dervis,Kemal_Dervis,positive
Khalid_Qazi_0001.jpg,Khalid_Qazi_0002.jpg,1,0.007589,Khalid_Qazi,Khalid_Qazi,positive
Khatol_Mohammad_Zai_0001.jpg,Khatol_Mohammad_Zai_0002.jpg,1,0.041350,Khatol_Mohammad_Zai,Khatol_Mohammad_Zai,positive
Kirk_Douglas_0001.jpg,Kirk_Douglas_0004.jpg,1,0.305668,Kirk_Douglas,Kirk_Douglas,positive
Kyoko_Nakayama_0001.jpg,Kyoko_Nakayama_0002.jpg,1,0.642278,Kyoko_Nakayama,Kyoko_Nakayama,positive
Larry_Lucchino_0001.jpg,Larry_Lucchino_0004.jpg,1,0.693427,Larry_Lucchino,Larry_Lucchino,positive
Latrell_Sprewell_0001.jpg,Latrell_Sprewell_0002.jpg,1,0.535568,Latrell_Sprewell,Latrell_Sprewell,positive
Laura_Schlessinger_0001.jpg,Laura_Schlessinger_0004.jpg,1,0.503183,Laura_Schlessinger,Laura_Schlessinger,positive
Lech_Walesa_0001.jpg,Lech_Walesa_0003.jpg,1,0.435280,Lech_Walesa,Lech_Walesa,positive
Lee_Tae-sik_0001.jpg,Lee_Tae-sik_0002.jpg,1,0.584416,Lee_Tae-sik,Lee_Tae-sik,positive
Lesley_Coppin_0001.jpg,Lesley_Coppin_0002.jpg,1,0.736179,Lesley_Coppin,Lesley_Coppin,positive
Lew_Rywin_0001.jpg,Lew_Rywin_0002.jpg,1,0.551946,Lew_Rywin,Lew_Rywin,positive
Lidija_Djukanovic_0001.jpg,Lidija_Djukanovic_0002.jpg,1,0.656643,Lidija_Djukanovic,Lidija_Djukanovic,positive
Lily_Safra_0001.jpg,Lily_Safra_0003.jpg,1,0.517179,Lily_Safra,Lily_Safra,positive
Linda_Dano_0001.jpg,Linda_Dano_0004.jpg,1,0.411540,Linda_Dano,Linda_Dano,positive
Lisa_Marie_Presley_0001.jpg,Lisa_Marie_Presley_0004.jpg,1,0.051614,Lisa_Marie_Presley,Lisa_Marie_Presley,positive
Liza_Minnelli_0001.jpg,Liza_Minnelli_0003.jpg,1,0.552118,Liza_Minnelli,Liza_Minnelli,positive
Lydia_Shum_0001.jpg,Lydia_Shum_0004.jpg,1,0.315416,Lydia_Shum,Lydia_Shum,positive
Lynne_Thigpen_0001.jpg,Lynne_Thigpen_0004.jpg,1,0.400325,Lynne_Thigpen,Lynne_Thigpen,positive
Madonna_0001.jpg,Madonna_0004.jpg,1,0.179502,Madonna,Madonna,positive
Malcolm_Glazer_0001.jpg,Malcolm_Glazer_0002.jpg,1,0.551772,Malcolm_Glazer,Malcolm_Glazer,positive
Marc_Bulger_0001.jpg,Marc_Bulger_0003.jpg,1,0.589469,Marc_Bulger,Marc_Bulger,positive
Mariah_Carey_0001.jpg,Mariah_Carey_0002.jpg,1,0.488033,Mariah_Carey,Mariah_Carey,positive
Maribel_Dominguez_0001.jpg,Maribel_Dominguez_0004.jpg,1,0.454600,Maribel_Dominguez,Maribel_Dominguez,positive
Mario_Vasquez_Rana_0001.jpg,Mario_Vasquez_Rana_0002.jpg,1,0.587706,Mario_Vasquez_Rana,Mario_Vasquez_Rana,positive
Marion_Barry_0001.jpg,Marion_Barry_0004.jpg,1,0.381669,Marion_Barry,Marion_Barry,positive
Mark_Hogan_0001.jpg,Mark_Hogan_0002.jpg,1,0.714273,Mark_Hogan,Mark_Hogan,positive
Mary_Blige_0001.jpg,Mary_Blige_0003.jpg,1,0.619406,Mary_Blige,Mary_Blige,positive
Mary_Tyler_Moore_0001.jpg,Mary_Tyler_Moore_0003.jpg,1,0.297326,Mary_Tyler_Moore,Mary_Tyler_Moore,positive
Massoud_Barzani_0001.jpg,Massoud_Barzani_0004.jpg,1,0.633591,Massoud_Barzani,Massoud_Barzani,positive
Mathias_Reichhold_0001.jpg,Mathias_Reichhold_0003.jpg,1,0.603080,Mathias_Reichhold,Mathias_Reichhold,positive
Matt_Damon_0001.jpg,Matt_Damon_0004.jpg,1,0.498262,Matt_Damon,Matt_Damon,positive
Matthew_Ouimet_0001.jpg,Matthew_Ouimet_0003.jpg,1,0.664341,Matthew_Ouimet,Matthew_Ouimet,positive
Max_Mosley_0001.jpg,Max_Mosley_0003.jpg,1,0.684624,Max_Mosley,Max_Mosley,positive
Melanie_Griffith_0001.jpg,Melanie_Griffith_0004.jpg,1,0.432961,Melanie_Griffith,Melanie_Griffith,positive
Melvin_Talbert_0001.jpg,Melvin_Talbert_0003.jpg,1,0.720751,Melvin_Talbert,Melvin_Talbert,positive
Michael_Ballack_0001.jpg,Michael_Ballack_0004.jpg,1,0.660975,Michael_Ballack,Michael_Ballack,positive
Michael_Hagee_0001.jpg,Michael_Hagee_0002.jpg,1,0.149977,Michael_Hagee,Michael_Hagee,positive
Michael_Winterbottom_0001.jpg,Michael_Winterbottom_0004.jpg,1,0.069545,Michael_Winterbottom,Michael_Winterbottom,positive
Mike_Leach_0001.jpg,Mike_Leach_0004.jpg,1,0.706971,Mike_Leach,Mike_Leach,positive
Mike_Price_0001.jpg,Mike_Price_0002.jpg,1,0.084360,Mike_Price,Mike_Price,positive
Mitch_Kupchak_0001.jpg,Mitch_Kupchak_0002.jpg,1,0.637183,Mitch_Kupchak,Mitch_Kupchak,positive
Mitt_Romney_0001.jpg,Mitt_Romney_0004.jpg,1,0.480301,Mitt_Romney,Mitt_Romney,positive
Mohamed_Benaissa_0001.jpg,Mohamed_Benaissa_0002.jpg,1,-0.001443,Mohamed_Benaissa,Mohamed_Benaissa,positive
Morgan_Freeman_0001.jpg,Morgan_Freeman_0003.jpg,1,0.417611,Morgan_Freeman,Morgan_Freeman,positive
Muhammad_Ali_0001.jpg,Muhammad_Ali_0003.jpg,1,0.476379,Muhammad_Ali,Muhammad_Ali,positive
Nick_Cassavetes_0001.jpg,Nick_Cassavetes_0003.jpg,1,0.578014,Nick_Cassavetes,Nick_Cassavetes,positive
Nicole_Parker_0001.jpg,Nicole_Parker_0004.jpg,1,0.481149,Nicole_Parker,Nicole_Parker,positive
Nida_Blanca_0001.jpg,Nida_Blanca_0004.jpg,1,0.427868,Nida_Blanca,Nida_Blanca,positive
Nino_DAngelo_0001.jpg,Nino_DAngelo_0003.jpg,1,0.500904,Nino_DAngelo,Nino_DAngelo,positive
Norman_Mailer_0001.jpg,Norman_Mailer_0004.jpg,1,0.406242,Norman_Mailer,Norman_Mailer,positive
Paris_Hilton_0001.jpg,Paris_Hilton_0004.jpg,1,0.391020,Paris_Hilton,Paris_Hilton,positive
Pat_Cox_0001.jpg,Pat_Cox_0003.jpg,1,0.689046,Pat_Cox,Pat_Cox,positive
Patti_Balgojevich_0001.jpg,Patti_Balgojevich_0002.jpg,1,0.483908,Patti_Balgojevich,Patti_Balgojevich,positive
Paul_Burrell_0001.jpg,Paul_Burrell_0004.jpg,1,0.736142,Paul_Burrell,Paul_Burrell,positive
Paul_Reiser_0001.jpg,Paul_Reiser_0004.jpg,1,0.515328,Paul_Reiser,Paul_Reiser,positive
Paul_Tracy_0001.jpg,Paul_Tracy_0002.jpg,1,0.606490,Paul_Tracy,Paul_Tracy,positive
Paul_Vathis_0001.jpg,Paul_Vathis_0002.jpg,1,0.433842,Paul_Vathis,Paul_Vathis,positive
Paul_Wolfowitz_0001.jpg,Paul_Wolfowitz_0004.jpg,1,0.674789,Paul_Wolfowitz,Paul_Wolfowitz,positive
Paula_Prentiss_0001.jpg,Paula_Prentiss_0002.jpg,1,0.350966,Paula_Prentiss,Paula_Prentiss,positive
Paula_Radcliffe_0001.jpg,Paula_Radcliffe_0004.jpg,1,0.614689,Paula_Radcliffe,Paula_Radcliffe,positive
Pedro_Solbes_0001.jpg,Pedro_Solbes_0002.jpg,1,0.444806,Pedro_Solbes,Pedro_Solbes,positive
Pete_Carroll_0001.jpg,Pete_Carroll_0002.jpg,1,0.708911,Pete_Carroll,Pete_Carroll,positive
Pete_Sampras_0001.jpg,Pete_Sampras_0004.jpg,1,0.704835,Pete_Sampras,Pete_Sampras,positive
Peter_Struck_0001.jpg,Peter_Struck_0004.jpg,1,0.464148,Peter_Struck,Peter_Struck,positive
Phil_Vassar_0001.jpg,Phil_Vassar_0002.jpg,1,0.597980,Phil_Vassar,Phil_Vassar,positive
Pierre_Boulanger_0001.jpg,Pierre_Boulanger_0004.jpg,1,0.575952,Pierre_Boulanger,Pierre_Boulanger,positive
Pierre_Lacroix_0001.jpg,Pierre_Lacroix_0004.jpg,1,0.613070,Pierre_Lacroix,Pierre_Lacroix,positive
Prince_Willem-Alexander_0001.jpg,Prince_Willem-Alexander_0004.jpg,1,0.425490,Prince_Willem-Alexander,Prince_Willem-Alexander,positive
Queen_Elizabeth_II_0001.jpg,Queen_Elizabeth_II_0003.jpg,1,0.438358,Queen_Elizabeth_II,Queen_Elizabeth_II,positive
Rainer_Gut_0001.jpg,Rainer_Gut_0002.jpg,1,0.707859,Rainer_Gut,Rainer_Gut,positive
Rashid_Qureshi_0001.jpg,Rashid_Qureshi_0002.jpg,1,0.186909,Rashid_Qureshi,Rashid_Qureshi,positive
Raul_Gonzalez_0001.jpg,Raul_Gonzalez_0004.jpg,1,0.546404,Raul_Gonzalez,Raul_Gonzalez,positive
Ray_Nagin_0001.jpg,Ray_Nagin_0002.jpg,1,0.721400,Ray_Nagin,Ray_Nagin,positive
Ricardo_Maduro_0001.jpg,Ricardo_Maduro_0002.jpg,1,0.718617,Ricardo_Maduro,Ricardo_Maduro,positive
Richard_Branson_0001.jpg,Richard_Branson_0002.jpg,1,0.693920,Richard_Branson,Richard_Branson,positive
Richard_Virenque_0001.jpg,Richard_Virenque_0004.jpg,1,0.546678,Richard_Virenque,Richard_Virenque,positive
Rick_Carlisle_0001.jpg,Rick_Carlisle_0002.jpg,1,0.509857,Rick_Carlisle,Rick_Carlisle,positive
Rick_Wagoner_0001.jpg,Rick_Wagoner_0004.jpg,1,0.623953,Rick_Wagoner,Rick_Wagoner,positive
Robbie_Williams_0001.jpg,Robbie_Williams_0004.jpg,1,0.518751,Robbie_Williams,Robbie_Williams,positive
Robert_Morvillo_0001.jpg,Robert_Morvillo_0002.jpg,1,0.555799,Robert_Morvillo,Robert_Morvillo,positive
Roberta_Combs_0001.jpg,Roberta_Combs_0004.jpg,1,0.335935,Roberta_Combs,Roberta_Combs,positive
Roberto_Carlos_0001.jpg,Roberto_Carlos_0004.jpg,1,0.571821,Roberto_Carlos,Roberto_Carlos,positive
Robin_Williams_0001.jpg,Robin_Williams_0002.jpg,1,0.505168,Robin_Williams,Robin_Williams,positive
Roger_Staubach_0001.jpg,Roger_Staubach_0004.jpg,1,0.452115,Roger_Staubach,Roger_Staubach,positive
Roger_Toussaint_0001.jpg,Roger_Toussaint_0004.jpg,1,0.542417,Roger_Toussaint,Roger_Toussaint,positive
Ron_Kirk_0001.jpg,Ron_Kirk_0004.jpg,1,0.609845,Ron_Kirk,Ron_Kirk,positive
Ronald_Harwood_0001.jpg,Ronald_Harwood_0004.jpg,1,0.498460,Ronald_Harwood,Ronald_Harwood,positive
Roseanne_Barr_0001.jpg,Roseanne_Barr_0004.jpg,1,0.554637,Roseanne_Barr,Roseanne_Barr,positive
Ruben_Studdard_0001.jpg,Ruben_Studdard_0004.jpg,1,0.517437,Ruben_Studdard,Ruben_Studdard,positive
Ruben_Wolkowyski_0001.jpg,Ruben_Wolkowyski_0004.jpg,1,0.643856,Ruben_Wolkowyski,Ruben_Wolkowyski,positive
Rudy_Tomjanovich_0001.jpg,Rudy_Tomjanovich_0004.jpg,1,0.340874,Rudy_Tomjanovich,Rudy_Tomjanovich,positive
Saeed_Anwar_0001.jpg,Saeed_Anwar_0004.jpg,1,0.600415,Saeed_Anwar,Saeed_Anwar,positive
Sammy_Sosa_0001.jpg,Sammy_Sosa_0004.jpg,1,0.510720,Sammy_Sosa,Sammy_Sosa,positive
Sandra_Ceccarelli_0001.jpg,Sandra_Ceccarelli_0004.jpg,1,0.678841,Sandra_Ceccarelli,Sandra_Ceccarelli,positive
Sarah_Jessica_Parker_0001.jpg,Sarah_Jessica_Parker_0004.jpg,1,0.499950,Sarah_Jessica_Parker,Sarah_Jessica_Parker,positive
Severino_Antinori_0001.jpg,Severino_Antinori_0003.jpg,1,0.699747,Severino_Antinori,Severino_Antinori,positive
Shaul_Mofaz_0001.jpg,Shaul_Mofaz_0002.jpg,1,0.679857,Shaul_Mofaz,Shaul_Mofaz,positive
Sinead_OConnor_0001.jpg,Sinead_OConnor_0004.jpg,1,0.257070,Sinead_OConnor,Sinead_OConnor,positive
Sonya_Walger_0001.jpg,Sonya_Walger_0004.jpg,1,0.693749,Sonya_Walger,Sonya_Walger,positive
Stacey_Dales-Schuman_0001.jpg,Stacey_Dales-Schuman_0002.jpg,1,0.504753,Stacey_Dales-Schuman,Stacey_Dales-Schuman,positive
Stan_Heath_0001.jpg,Stan_Heath_0002.jpg,1,0.772867,Stan_Heath,Stan_Heath,positive
Stefan_Holm_0001.jpg,Stefan_Holm_0004.jpg,1,0.593560,Stefan_Holm,Stefan_Holm,positive
Stefano_Gabbana_0001.jpg,Stefano_Gabbana_0004.jpg,1,0.502588,Stefano_Gabbana,Stefano_Gabbana,positive
Stephane_Rousseau_0001.jpg,Stephane_Rousseau_0003.jpg,1,0.640780,Stephane_Rousseau,Stephane_Rousseau,positive
Steve_Peace_0001.jpg,Steve_Peace_0002.jpg,1,0.613873,Steve_Peace,Steve_Peace,positive
Sushma_Swaraj_0001.jpg,Sushma_Swaraj_0002.jpg,1,0.391911,Sushma_Swaraj,Sushma_Swaraj,positive
Svetlana_Koroleva_0001.jpg,Svetlana_Koroleva_0004.jpg,1,0.104575,Svetlana_Koroleva,Svetlana_Koroleva,positive
Tabare_Vazquez_0001.jpg,Tabare_Vazquez_0004.jpg,1,0.777210,Tabare_Vazquez,Tabare_Vazquez,positive
Tara_Dawn_Christensen_0001.jpg,Tara_Dawn_Christensen_0002.jpg,1,0.616554,Tara_Dawn_Christensen,Tara_Dawn_Christensen,positive
Tayshaun_Prince_0001.jpg,Tayshaun_Prince_0004.jpg,1,0.746373,Tayshaun_Prince,Tayshaun_Prince,positive
Terence_Newman_0001.jpg,Terence_Newman_0002.jpg,1,0.722294,Terence_Newman,Terence_Newman,positive
Terrell_Suggs_0001.jpg,Terrell_Suggs_0002.jpg,1,0.642602,Terrell_Suggs,Terrell_Suggs,positive
Terri_Clark_0001.jpg,Terri_Clark_0004.jpg,1,0.479271,Terri_Clark,Terri_Clark,positive
Thomas_Mesereau_Jr_0001.jpg,Thomas_Mesereau_Jr_0002.jpg,1,0.576167,Thomas_Mesereau_Jr,Thomas_Mesereau_Jr,positive
Tiago_Splitter_0001.jpg,Tiago_Splitter_0004.jpg,1,0.740627,Tiago_Splitter,Tiago_Splitter,positive
Tim_Henman_0001.jpg,Tim_Henman_0004.jpg,1,0.514603,Tim_Henman,Tim_Henman,positive
Tom_Daschle_0001.jpg,Tom_Daschle_0003.jpg,1,0.675564,Tom_Daschle,Tom_Daschle,positive
Tom_McClintock_0001.jpg,Tom_McClintock_0002.jpg,1,0.749681,Tom_McClintock,Tom_McClintock,positive
Tom_Poston_0001.jpg,Tom_Poston_0003.jpg,1,0.539706,Tom_Poston,Tom_Poston,positive
Tom_Sizemore_0001.jpg,Tom_Sizemore_0003.jpg,1,0.579821,Tom_Sizemore,Tom_Sizemore,positive
Tommy_Tubberville_0001.jpg,Tommy_Tubberville_0004.jpg,1,0.481918,Tommy_Tubberville,Tommy_Tubberville,positive
Tony_Curtis_0001.jpg,Tony_Curtis_0003.jpg,1,0.387687,Tony_Curtis,Tony_Curtis,positive
Valentino_Rossi_0001.jpg,Valentino_Rossi_0004.jpg,1,0.730866,Valentino_Rossi,Valentino_Rossi,positive
Vanessa_Redgrave_0001.jpg,Vanessa_Redgrave_0003.jpg,1,0.310100,Vanessa_Redgrave,Vanessa_Redgrave,positive
Vladimiro_Montesinos_0001.jpg,Vladimiro_Montesinos_0002.jpg,1,0.658592,Vladimiro_Montesinos,Vladimiro_Montesinos,positive
Wayne_Ferreira_0001.jpg,Wayne_Ferreira_0002.jpg,1,0.647098,Wayne_Ferreira,Wayne_Ferreira,positive
Wes_Craven_0001.jpg,Wes_Craven_0004.jpg,1,0.578164,Wes_Craven,Wes_Craven,positive
Will_Smith_0001.jpg,Will_Smith_0004.jpg,1,0.491574,Will_Smith,Will_Smith,positive
William_Delahunt_0001.jpg,William_Delahunt_0002.jpg,1,0.742040,William_Delahunt,William_Delahunt,positive
William_Hurt_0001.jpg,William_Hurt_0002.jpg,1,0.482642,William_Hurt,William_Hurt,positive
Yukio_Hatoyama_0001.jpg,Yukio_Hatoyama_0004.jpg,1,0.555889,Yukio_Hatoyama,Yukio_Hatoyama,positive
Zoran_Djindjic_0001.jpg,Zoran_Djindjic_0004.jpg,1,0.523341,Zoran_Djindjic,Zoran_Djindjic,positive
Adrian_Annus_0001.jpg,Adrian_Annus_0002.jpg,1,0.718574,Adrian_Annus,Adrian_Annus,positive
Adrian_Murrell_0001.jpg,Adrian_Murrell_0002.jpg,1,0.438200,Adrian_Murrell,Adrian_Murrell,positive
Aileen_Riggin_Soule_0001.jpg,Aileen_Riggin_Soule_0002.jpg,1,0.073801,Aileen_Riggin_Soule,Aileen_Riggin_Soule,positive
Aitor_Gonzalez_0001.jpg,Aitor_Gonzalez_0002.jpg,1,0.603119,Aitor_Gonzalez,Aitor_Gonzalez,positive
Ajit_Agarkar_0001.jpg,Ajit_Agarkar_0003.jpg,1,0.591091,Ajit_Agarkar,Ajit_Agarkar,positive
Alanna_Ubach_0001.jpg,Alanna_Ubach_0002.jpg,1,0.577135,Alanna_Ubach,Alanna_Ubach,positive
Alec_Baldwin_0001.jpg,Alec_Baldwin_0004.jpg,1,0.566621,Alec_Baldwin,Alec_Baldwin,positive
Alec_Baldwin_0001.jpg,Alec_Baldwin_0003.jpg,1,0.507814,Alec_Baldwin,Alec_Baldwin,positive
Alfred_Sant_0001.jpg,Alfred_Sant_0003.jpg,1,0.596986,Alfred_Sant,Alfred_Sant,positive
Alfredo_Moreno_0001.jpg,Alfredo_Moreno_0003.jpg,1,0.633335,Alfredo_Moreno,Alfredo_Moreno,positive
Alfredo_Pena_0001.jpg,Alfredo_Pena_0002.jpg,1,0.709208,Alfredo_Pena,Alfredo_Pena,positive
Allison_Janney_0003.jpg,Allison_Janney_0004.jpg,1,0.734684,Allison_Janney,Allison_Janney,positive
Allison_Janney_0001.jpg,Allison_Janney_0004.jpg,1,0.644891,Allison_Janney,Allison_Janney,positive
Amanda_Coetzer_0003.jpg,Amanda_Coetzer_0004.jpg,1,0.552877,Amanda_Coetzer,Amanda_Coetzer,positive
Amanda_Coetzer_0001.jpg,Amanda_Coetzer_0003.jpg,1,0.463355,Amanda_Coetzer,Amanda_Coetzer,positive
Amy_Brenneman_0001.jpg,Amy_Brenneman_0002.jpg,1,0.568520,Amy_Brenneman,Amy_Brenneman,positive
Ana_Guevara_0001.jpg,Ana_Guevara_0002.jpg,1,0.731754,Ana_Guevara,Ana_Guevara,positive
Andrei_Konchalovsky_0003.jpg,Andrei_Konchalovsky_0004.jpg,1,0.606970,Andrei_Konchalovsky,Andrei_Konchalovsky,positive
Andrei_Konchalovsky_0001.jpg,Andrei_Konchalovsky_0003.jpg,1,0.775608,Andrei_Konchalovsky,Andrei_Konchalovsky,positive
Andrew_Firestone_0003.jpg,Andrew_Firestone_0004.jpg,1,0.793762,Andrew_Firestone,Andrew_Firestone,positive
Andrew_Firestone_0001.jpg,Andrew_Firestone_0003.jpg,1,0.705607,Andrew_Firestone,Andrew_Firestone,positive
Andy_Graves_0001.jpg,Andy_Graves_0002.jpg,1,0.214475,Andy_Graves,Andy_Graves,positive
Angela_Alvarado_Rosa_0001.jpg,Angela_Alvarado_Rosa_0003.jpg,1,0.556765,Angela_Alvarado_Rosa,Angela_Alvarado_Rosa,positive
Angela_Alvarado_Rosa_0001.jpg,Angela_Alvarado_Rosa_0004.jpg,1,0.497767,Angela_Alvarado_Rosa,Angela_Alvarado_Rosa,positive
Anneli_Jaatteenmaki_0001.jpg,Anneli_Jaatteenmaki_0002.jpg,1,0.579929,Anneli_Jaatteenmaki,Anneli_Jaatteenmaki,positive
Anthony_Pico_0001.jpg,Anthony_Pico_0002.jpg,1,0.736053,Anthony_Pico,Anthony_Pico,positive
Ari_Fleischer_0001.jpg,Ari_Fleischer_0002.jpg,1,0.668937,Ari_Fleischer,Ari_Fleischer,positive
Arianna_Huffington_0001.jpg,Arianna_Huffington_0004.jpg,1,0.598683,Arianna_Huffington,Arianna_Huffington,positive
Arianna_Huffington_0003.jpg,Arianna_Huffington_0004.jpg,1,0.589600,Arianna_Huffington,Arianna_Huffington,positive
Arnaud_Clement_0003.jpg,Arnaud_Clement_0004.jpg,1,0.562101,Arnaud_Clement,Arnaud_Clement,positive
Arnaud_Clement_0001.jpg,Arnaud_Clement_0003.jpg,1,0.603388,Arnaud_Clement,Arnaud_Clement,positive
Arsinee_Khanjian_0001.jpg,Arsinee_Khanjian_0002.jpg,1,0.470407,Arsinee_Khanjian,Arsinee_Khanjian,positive
Art_Howe_0001.jpg,Art_Howe_0003.jpg,1,0.583453,Art_Howe,Art_Howe,positive
Astrid_Betancourt_0001.jpg,Astrid_Betancourt_0003.jpg,1,0.601824,Astrid_Betancourt,Astrid_Betancourt,positive
Barbara_De_Brun_0001.jpg,Barbara_De_Brun_0002.jpg,1,0.645040,Barbara_De_Brun,Barbara_De_Brun,positive
Barry_Collier_0001.jpg,Barry_Collier_0003.jpg,1,0.615079,Barry_Collier,Barry_Collier,positive
Beatrice_Dalle_0001.jpg,Beatrice_Dalle_0003.jpg,1,0.498062,Beatrice_Dalle,Beatrice_Dalle,positive
Ben_Affleck_0003.jpg,Ben_Affleck_0004.jpg,1,0.722192,Ben_Affleck,Ben_Affleck,positive
Ben_Affleck_0001.jpg,Ben_Affleck_0004.jpg,1,0.589497,Ben_Affleck,Ben_Affleck,positive
Ben_Broussard_0001.jpg,Ben_Broussard_0002.jpg,1,0.716307,Ben_Broussard,Ben_Broussard,positive
Betty_Williams_0001.jpg,Betty_Williams_0003.jpg,1,0.082851,Betty_Williams,Betty_Williams,positive
Bianca_Jagger_0001.jpg,Bianca_Jagger_0003.jpg,1,0.498059,Bianca_Jagger,Bianca_Jagger,positive
Bianca_Jagger_0003.jpg,Bianca_Jagger_0004.jpg,1,0.641290,Bianca_Jagger,Bianca_Jagger,positive
Bill_Callahan_0001.jpg,Bill_Callahan_0003.jpg,1,0.514278,Bill_Callahan,Bill_Callahan,positive
Bill_Callahan_0001.jpg,Bill_Callahan_0004.jpg,1,0.023217,Bill_Callahan,Bill_Callahan,positive
Bill_Kollar_0001.jpg,Bill_Kollar_0002.jpg,1,0.570128,Bill_Kollar,Bill_Kollar,positive
Bill_Stein_0001.jpg,Bill_Stein_0002.jpg,1,0.069327,Bill_Stein,Bill_Stein,positive
Bob_Huggins_0001.jpg,Bob_Huggins_0004.jpg,1,0.425812,Bob_Huggins,Bob_Huggins,positive
Bono_0001.jpg,Bono_0003.jpg,1,0.435542,Bono,Bono,positive
Brad_Garrett_0001.jpg,Brad_Garrett_0003.jpg,1,0.623205,Brad_Garrett,Brad_Garrett,positive
Brandon_Hammond_0001.jpg,Brandon_Hammond_0003.jpg,1,0.512432,Brandon_Hammond,Brandon_Hammond,positive
Brett_Boone_0001.jpg,Brett_Boone_0002.jpg,1,0.605319,Brett_Boone,Brett_Boone,positive
Brian_Billick_0001.jpg,Brian_Billick_0004.jpg,1,0.547291,Brian_Billick,Brian_Billick,positive
Brian_Mulroney_0001.jpg,Brian_Mulroney_0003.jpg,1,0.578768,Brian_Mulroney,Brian_Mulroney,positive
Brian_Olson_0001.jpg,Brian_Olson_0002.jpg,1,0.724829,Brian_Olson,Brian_Olson,positive
Bridgette_Wilson-Sampras_0001.jpg,Bridgette_Wilson-Sampras_0004.jpg,1,0.483330,Bridgette_Wilson-Sampras,Bridgette_Wilson-Sampras,positive
Bud_Selig_0001.jpg,Bud_Selig_0004.jpg,1,0.426343,Bud_Selig,Bud_Selig,positive
Carla_Del_Ponte_0001.jpg,Carla_Del_Ponte_0002.jpg,1,0.565150,Carla_Del_Ponte,Carla_Del_Ponte,positive
Carlos_Beltran_0001.jpg,Carlos_Beltran_0002.jpg,1,0.736453,Carlos_Beltran,Carlos_Beltran,positive
Carlos_Ghosn_0001.jpg,Carlos_Ghosn_0002.jpg,1,0.741690,Carlos_Ghosn,Carlos_Ghosn,positive
Carlos_Manuel_Pruneda_0001.jpg,Carlos_Manuel_Pruneda_0002.jpg,1,0.447333,Carlos_Manuel_Pruneda,Carlos_Manuel_Pruneda,positive
Carlos_Menem_0001.jpg,Carlos_Menem_0004.jpg,1,0.565494,Carlos_Menem,Carlos_Menem,positive
Carlton_Dotson_0001.jpg,Carlton_Dotson_0002.jpg,1,0.693539,Carlton_Dotson,Carlton_Dotson,positive
Carmen_Electra_0001.jpg,Carmen_Electra_0004.jpg,1,0.532822,Carmen_Electra,Carmen_Electra,positive
Cass_Ballenger_0001.jpg,Cass_Ballenger_0004.jpg,1,0.447535,Cass_Ballenger,Cass_Ballenger,positive
Cecile_de_France_0001.jpg,Cecile_de_France_0002.jpg,1,0.527554,Cecile_de_France,Cecile_de_France,positive
Charlotte_Rampling_0001.jpg,Charlotte_Rampling_0004.jpg,1,0.470576,Charlotte_Rampling,Charlotte_Rampling,positive
Chick_Hearn_0001.jpg,Chick_Hearn_0004.jpg,1,0.513957,Chick_Hearn,Chick_Hearn,positive
Christine_Todd_Whitman_0001.jpg,Christine_Todd_Whitman_0004.jpg,1,0.654124,Christine_Todd_Whitman,Christine_Todd_Whitman,positive
Christopher_Reeve_0001.jpg,Christopher_Reeve_0004.jpg,1,0.420453,Christopher_Reeve,Christopher_Reeve,positive
Chuck_Amato_0001.jpg,Chuck_Amato_0003.jpg,1,0.477627,Chuck_Amato,Chuck_Amato,positive
Cindy_Crawford_0001.jpg,Cindy_Crawford_0002.jpg,1,0.581098,Cindy_Crawford,Cindy_Crawford,positive
Cindy_Margolis_0001.jpg,Cindy_Margolis_0004.jpg,1,0.715862,Cindy_Margolis,Cindy_Margolis,positive
Claire_Danes_0001.jpg,Claire_Danes_0004.jpg,1,0.243642,Claire_Danes,Claire_Danes,positive
Claudio_Lopez_0001.jpg,Claudio_Lopez_0003.jpg,1,0.602221,Claudio_Lopez,Claudio_Lopez,positive
Collis_Temple_III_0001.jpg,Collis_Temple_III_0002.jpg,1,0.313071,Collis_Temple_III,Collis_Temple_III,positive
Conan_OBrien_0001.jpg,Conan_OBrien_0004.jpg,1,0.573407,Conan_OBrien,Conan_OBrien,positive
Conchita_Martinez_0001.jpg,Conchita_Martinez_0004.jpg,1,0.575113,Conchita_Martinez,Conchita_Martinez,positive
Corinna_Harfouch_0001.jpg,Corinna_Harfouch_0004.jpg,1,0.561090,Corinna_Harfouch,Corinna_Harfouch,positive
Cristina_Kirchner_0001.jpg,Cristina_Kirchner_0004.jpg,1,0.647144,Cristina_Kirchner,Cristina_Kirchner,positive
Dan_Guerrero_0001.jpg,Dan_Guerrero_0002.jpg,1,0.715846,Dan_Guerrero,Dan_Guerrero,positive
Dan_Morales_0001.jpg,Dan_Morales_0002.jpg,1,0.543309,Dan_Morales,Dan_Morales,positive
Daniel_Scioli_0001.jpg,Daniel_Scioli_0004.jpg,1,0.606238,Daniel_Scioli,Daniel_Scioli,positive
David_Brinkley_0001.jpg,David_Brinkley_0004.jpg,1,0.531660,David_Brinkley,David_Brinkley,positive
David_Hyde_Pierce_0001.jpg,David_Hyde_Pierce_0003.jpg,1,0.440039,David_Hyde_Pierce,David_Hyde_Pierce,positive
David_Montoya_0001.jpg,David_Montoya_0002.jpg,1,0.719426,David_Montoya,David_Montoya,positive
David_Nalbandian_0001.jpg,David_Nalbandian_0003.jpg,1,0.461466,David_Nalbandian,David_Nalbandian,positive
David_Stern_0001.jpg,David_Stern_0002.jpg,1,0.640673,David_Stern,David_Stern,positive
Dennis_Johnson_0001.jpg,Dennis_Johnson_0004.jpg,1,0.491075,Dennis_Johnson,Dennis_Johnson,positive
Denys_Arcand_0001.jpg,Denys_Arcand_0004.jpg,1,0.569270,Denys_Arcand,Denys_Arcand,positive
Derek_Jeter_0001.jpg,Derek_Jeter_0004.jpg,1,0.483683,Derek_Jeter,Derek_Jeter,positive
Derrick_Battie_0001.jpg,Derrick_Battie_0002.jpg,1,0.695778,Derrick_Battie,Derrick_Battie,positive
Diego_Armando_Maradona_0001.jpg,Diego_Armando_Maradona_0004.jpg,1,0.581892,Diego_Armando_Maradona,Diego_Armando_Maradona,positive
Don_King_0001.jpg,Don_King_0003.jpg,1,0.185086,Don_King,Don_King,positive
Donatella_Versace_0001.jpg,Donatella_Versace_0002.jpg,1,0.626397,Donatella_Versace,Donatella_Versace,positive
Donna_Shalala_0001.jpg,Donna_Shalala_0003.jpg,1,0.692474,Donna_Shalala,Donna_Shalala,positive
Dustin_Brown_0001.jpg,Dustin_Brown_0003.jpg,1,0.655331,Dustin_Brown,Dustin_Brown,positive
Dyab_Abou_Jahjah_0001.jpg,Dyab_Abou_Jahjah_0004.jpg,1,0.520827,Dyab_Abou_Jahjah,Dyab_Abou_Jahjah,positive
Eddie_Jordan_0001.jpg,Eddie_Jordan_0003.jpg,1,0.502983,Eddie_Jordan,Eddie_Jordan,positive
Edmund_Hillary_0001.jpg,Edmund_Hillary_0004.jpg,1,0.509422,Edmund_Hillary,Edmund_Hillary,positive
Elena_Likhovtseva_0001.jpg,Elena_Likhovtseva_0003.jpg,1,0.058662,Elena_Likhovtseva,Elena_Likhovtseva,positive
Eli_Stutsman_0001.jpg,Eli_Stutsman_0002.jpg,1,0.702423,Eli_Stutsman,Eli_Stutsman,positive
Elisabeth_Schumacher_0001.jpg,Elisabeth_Schumacher_0002.jpg,1,0.627424,Elisabeth_Schumacher,Elisabeth_Schumacher,positive
Elizabeth_Smart_0001.jpg,Elizabeth_Smart_0004.jpg,1,0.632086,Elizabeth_Smart,Elizabeth_Smart,positive
Emmanuel_Milingo_0001.jpg,Emmanuel_Milingo_0002.jpg,1,0.648944,Emmanuel_Milingo,Emmanuel_Milingo,positive
Enrica_Fico_0001.jpg,Enrica_Fico_0004.jpg,1,0.623713,Enrica_Fico,Enrica_Fico,positive
Fabricio_Oberto_0001.jpg,Fabricio_Oberto_0003.jpg,1,0.554780,Fabricio_Oberto,Fabricio_Oberto,positive
Felix_Sanchez_0001.jpg,Felix_Sanchez_0002.jpg,1,0.644928,Felix_Sanchez,Felix_Sanchez,positive
Fernando_Henrique_Cardoso_0001.jpg,Fernando_Henrique_Cardoso_0004.jpg,1,0.299938,Fernando_Henrique_Cardoso,Fernando_Henrique_Cardoso,positive
Francis_Mer_0001.jpg,Francis_Mer_0002.jpg,1,0.472206,Francis_Mer,Francis_Mer,positive
Franz_Fischler_0001.jpg,Franz_Fischler_0004.jpg,1,0.561895,Franz_Fischler,Franz_Fischler,positive
Gabrielle_Rose_0001.jpg,Gabrielle_Rose_0002.jpg,1,0.751402,Gabrielle_Rose,Gabrielle_Rose,positive
Gary_Bauer_0001.jpg,Gary_Bauer_0003.jpg,1,0.628201,Gary_Bauer,Gary_Bauer,positive
Gary_Condit_0001.jpg,Gary_Condit_0004.jpg,1,0.574001,Gary_Condit,Gary_Condit,positive
Gary_Locke_0001.jpg,Gary_Locke_0002.jpg,1,0.648426,Gary_Locke,Gary_Locke,positive
Gerry_Adams_0001.jpg,Gerry_Adams_0003.jpg,1,0.391553,Gerry_Adams,Gerry_Adams,positive
Gianna_Angelopoulos-Daskalaki_0001.jpg,Gianna_Angelopoulos-Daskalaki_0002.jpg,1,0.453254,Gianna_Angelopoulos-Daskalaki,Gianna_Angelopoulos-Daskalaki,positive
Gil_de_Ferran_0001.jpg,Gil_de_Ferran_0004.jpg,1,0.623199,Gil_de_Ferran,Gil_de_Ferran,positive
Gilles_Panizzi_0001.jpg,Gilles_Panizzi_0004.jpg,1,-0.085360,Gilles_Panizzi,Gilles_Panizzi,positive
Gina_Gershon_0001.jpg,Gina_Gershon_0004.jpg,1,0.497336,Gina_Gershon,Gina_Gershon,positive
Goh_Kun_0001.jpg,Goh_Kun_0004.jpg,1,0.005035,Goh_Kun,Goh_Kun,positive
Grady_Irvin_Jr_0001.jpg,Grady_Irvin_Jr_0002.jpg,1,0.635998,Grady_Irvin_Jr,Grady_Irvin_Jr,positive
Graeme_Smith_0001.jpg,Graeme_Smith_0004.jpg,1,0.668737,Graeme_Smith,Graeme_Smith,positive
Guillaume_Depardieu_0001.jpg,Guillaume_Depardieu_0004.jpg,1,0.697902,Guillaume_Depardieu,Guillaume_Depardieu,positive
Hanns_Schumacher_0001.jpg,Hanns_Schumacher_0004.jpg,1,0.602561,Hanns_Schumacher,Hanns_Schumacher,positive
Harry_Belafonte_0001.jpg,Harry_Belafonte_0004.jpg,1,0.433707,Harry_Belafonte,Harry_Belafonte,positive
Helen_Clark_0001.jpg,Helen_Clark_0004.jpg,1,0.591175,Helen_Clark,Helen_Clark,positive
Henri_Proglio_0001.jpg,Henri_Proglio_0003.jpg,1,0.648546,Henri_Proglio,Henri_Proglio,positive
Hermann_Maier_0001.jpg,Hermann_Maier_0003.jpg,1,0.566965,Hermann_Maier,Hermann_Maier,positive
Hideki_Sato_0001.jpg,Hideki_Sato_0002.jpg,1,0.462866,Hideki_Sato,Hideki_Sato,positive
Hunter_Kemper_0001.jpg,Hunter_Kemper_0002.jpg,1,0.738221,Hunter_Kemper,Hunter_Kemper,positive
Ian_Huntley_0001.jpg,Ian_Huntley_0003.jpg,1,0.648013,Ian_Huntley,Ian_Huntley,positive
Ian_Moran_0001.jpg,Ian_Moran_0003.jpg,1,0.040349,Ian_Moran,Ian_Moran,positive
Ian_Thorpe_0001.jpg,Ian_Thorpe_0004.jpg,1,0.369458,Ian_Thorpe,Ian_Thorpe,positive
Isabelle_Huppert_0001.jpg,Isabelle_Huppert_0004.jpg,1,0.418796,Isabelle_Huppert,Isabelle_Huppert,positive
Ivan_Shvedoff_0001.jpg,Ivan_Shvedoff_0003.jpg,1,0.755017,Ivan_Shvedoff,Ivan_Shvedoff,positive
Jackie_Dennis_0001.jpg,Jackie_Dennis_0002.jpg,1,0.017923,Jackie_Dennis,Jackie_Dennis,positive
Jackie_Sherrill_0001.jpg,Jackie_Sherrill_0003.jpg,1,0.412957,Jackie_Sherrill,Jackie_Sherrill,positive
Jacques_Villeneuve_0001.jpg,Jacques_Villeneuve_0004.jpg,1,0.544909,Jacques_Villeneuve,Jacques_Villeneuve,positive
Jalen_Rose_0001.jpg,Jalen_Rose_0004.jpg,1,0.639369,Jalen_Rose,Jalen_Rose,positive
James_Butts_0001.jpg,James_Butts_0002.jpg,1,0.595872,James_Butts,James_Butts,positive
Jamir_Miller_0001.jpg,Jamir_Miller_0004.jpg,1,0.124405,Jamir_Miller,Jamir_Miller,positive
Jan-Michael_Gambill_0001.jpg,Jan-Michael_Gambill_0004.jpg,1,0.579034,Jan-Michael_Gambill,Jan-Michael_Gambill,positive
Jean-Francois_Pontal_0001.jpg,Jean-Francois_Pontal_0002.jpg,1,0.741493,Jean-Francois_Pontal,Jean-Francois_Pontal,positive
Jean-Marc_de_La_Sabliere_0001.jpg,Jean-Marc_de_La_Sabliere_0004.jpg,1,0.630451,Jean-Marc_de_La_Sabliere,Jean-Marc_de_La_Sabliere,positive
Jean-Sebastien_Giguere_0001.jpg,Jean-Sebastien_Giguere_0004.jpg,1,0.404020,Jean-Sebastien_Giguere,Jean-Sebastien_Giguere,positive
Jeb_Bush_0001.jpg,Jeb_Bush_0003.jpg,1,0.591569,Jeb_Bush,Jeb_Bush,positive
Jeff_Bridges_0001.jpg,Jeff_Bridges_0004.jpg,1,0.347169,Jeff_Bridges,Jeff_Bridges,positive
Jeffrey_Jones_0001.jpg,Jeffrey_Jones_0003.jpg,1,0.501676,Jeffrey_Jones,Jeffrey_Jones,positive
Jennifer_McCoy_0001.jpg,Jennifer_McCoy_0002.jpg,1,0.627011,Jennifer_McCoy,Jennifer_McCoy,positive
Jeremy_Wotherspoon_0001.jpg,Jeremy_Wotherspoon_0003.jpg,1,0.571090,Jeremy_Wotherspoon,Jeremy_Wotherspoon,positive
Jerry_Colangelo_0001.jpg,Jerry_Colangelo_0004.jpg,1,0.447750,Jerry_Colangelo,Jerry_Colangelo,positive
Jerry_Rice_0001.jpg,Jerry_Rice_0004.jpg,1,0.816359,Jerry_Rice,Jerry_Rice,positive
Jim_Letten_0001.jpg,Jim_Letten_0004.jpg,1,0.373581,Jim_Letten,Jim_Letten,positive
Joe_Gatti_0001.jpg,Joe_Gatti_0004.jpg,1,0.474668,Joe_Gatti,Joe_Gatti,positive
John_Cornyn_0001.jpg,John_Cornyn_0002.jpg,1,0.085256,John_Cornyn,John_Cornyn,positive
John_Cusack_0001.jpg,John_Cusack_0004.jpg,1,0.627572,John_Cusack,John_Cusack,positive
John_Edwards_0001.jpg,John_Edwards_0002.jpg,1,0.652875,John_Edwards,John_Edwards,positive
John_Salazar_0001.jpg,John_Salazar_0002.jpg,1,0.172670,John_Salazar,John_Salazar,positive
John_Walsh_0001.jpg,John_Walsh_0003.jpg,1,0.657601,John_Walsh,John_Walsh,positive
John_Wayne_0001.jpg,John_Wayne_0004.jpg,1,0.556012,John_Wayne,John_Wayne,positive
John_Wright_0001.jpg,John_Wright_0002.jpg,1,0.063564,John_Wright,John_Wright,positive
Johnny_Benson_0001.jpg,Johnny_Benson_0004.jpg,1,0.504284,Johnny_Benson,Johnny_Benson,positive
Jose_Carlo_Fernandez_0001.jpg,Jose_Carlo_Fernandez_0004.jpg,1,0.162599,Jose_Carlo_Fernandez,Jose_Carlo_Fernandez,positive
Jose_Miguel_Aleman_0001.jpg,Jose_Miguel_Aleman_0004.jpg,1,0.580284,Jose_Miguel_Aleman,Jose_Miguel_Aleman,positive
Jose_Mourinho_0001.jpg,Jose_Mourinho_0004.jpg,1,0.680915,Jose_Mourinho,Jose_Mourinho,positive
Jose_Vicente_Rangel_0001.jpg,Jose_Vicente_Rangel_0002.jpg,1,0.675072,Jose_Vicente_Rangel,Jose_Vicente_Rangel,positive
Josh_Childress_0001.jpg,Josh_Childress_0004.jpg,1,0.663678,Josh_Childress,Josh_Childress,positive
Julia_Glass_0001.jpg,Julia_Glass_0004.jpg,1,0.556952,Julia_Glass,Julia_Glass,positive
Kalpana_Chawla_0001.jpg,Kalpana_Chawla_0002.jpg,1,0.784260,Kalpana_Chawla,Kalpana_Chawla,positive
Keith_Olbermann_0001.jpg,Keith_Olbermann_0004.jpg,1,0.538014,Keith_Olbermann,Keith_Olbermann,positive
Keith_Van_Horn_0001.jpg,Keith_Van_Horn_0002.jpg,1,0.573067,Keith_Van_Horn,Keith_Van_Horn,positive
Kim_Jin-sun_0001.jpg,Kim_Jin-sun_0004.jpg,1,0.199298,Kim_Jin-sun,Kim_Jin-sun,positive
King_Gyanendra_0001.jpg,King_Gyanendra_0002.jpg,1,0.593571,King_Gyanendra,King_Gyanendra,positive
Lana_Clarkson_0001.jpg,Lana_Clarkson_0003.jpg,1,0.508517,Lana_Clarkson,Lana_Clarkson,positive
Landon_Donovan_0001.jpg,Landon_Donovan_0004.jpg,1,0.638620,Landon_Donovan,Landon_Donovan,positive
Larry_Tanenbaum_0001.jpg,Larry_Tanenbaum_0003.jpg,1,0.432889,Larry_Tanenbaum,Larry_Tanenbaum,positive
Laura_Hernandez_0001.jpg,Laura_Hernandez_0002.jpg,1,0.489727,Laura_Hernandez,Laura_Hernandez,positive
Laura_Linney_0001.jpg,Laura_Linney_0003.jpg,1,0.669924,Laura_Linney,Laura_Linney,positive
Laura_Ziskin_0001.jpg,Laura_Ziskin_0002.jpg,1,0.482949,Laura_Ziskin,Laura_Ziskin,positive
Lee_Chang-dong_0001.jpg,Lee_Chang-dong_0002.jpg,1,0.698628,Lee_Chang-dong,Lee_Chang-dong,positive
Lena_Katina_0001.jpg,Lena_Katina_0002.jpg,1,0.481693,Lena_Katina,Lena_Katina,positive
Lenny_Wilkens_0001.jpg,Lenny_Wilkens_0004.jpg,1,0.499557,Lenny_Wilkens,Lenny_Wilkens,positive
Liliana_Cavani_0001.jpg,Liliana_Cavani_0004.jpg,1,0.373410,Liliana_Cavani,Liliana_Cavani,positive
Lindsay_Lohan_0001.jpg,Lindsay_Lohan_0002.jpg,1,0.326297,Lindsay_Lohan,Lindsay_Lohan,positive
Liv_Tyler_0001.jpg,Liv_Tyler_0002.jpg,1,0.619226,Liv_Tyler,Liv_Tyler,positive
Lloyd_Ward_0001.jpg,Lloyd_Ward_0003.jpg,1,0.715481,Lloyd_Ward,Lloyd_Ward,positive
Mae_Jemison_0001.jpg,Mae_Jemison_0003.jpg,1,0.602126,Mae_Jemison,Mae_Jemison,positive
Mahathir_Mohamad_0001.jpg,Mahathir_Mohamad_0003.jpg,1,0.514729,Mahathir_Mohamad,Mahathir_Mohamad,positive
Manuel_Llorente_0001.jpg,Manuel_Llorente_0004.jpg,1,0.633414,Manuel_Llorente,Manuel_Llorente,positive
Mark_Cuban_0001.jpg,Mark_Cuban_0004.jpg,1,0.613173,Mark_Cuban,Mark_Cuban,positive
Mark_Schweiker_0001.jpg,Mark_Schweiker_0003.jpg,1,0.712234,Mark_Schweiker,Mark_Schweiker,positive
Marsha_Thomason_0001.jpg,Marsha_Thomason_0004.jpg,1,0.575115,Marsha_Thomason,Marsha_Thomason,positive
Marty_Mornhinweg_0001.jpg,Marty_Mornhinweg_0002.jpg,1,0.523969,Marty_Mornhinweg,Marty_Mornhinweg,positive
Mary_Elizabeth_Mastrantonio_0001.jpg,Mary_Elizabeth_Mastrantonio_0004.jpg,1,0.423731,Mary_Elizabeth_Mastrantonio,Mary_Elizabeth_Mastrantonio,positive
Matthew_Vaughan_0001.jpg,Matthew_Vaughan_0003.jpg,1,0.714242,Matthew_Vaughan,Matthew_Vaughan,positive
Michael_Arif_0001.jpg,Michael_Arif_0002.jpg,1,0.089796,Michael_Arif,Michael_Arif,positive
Michael_Phelps_0001.jpg,Michael_Phelps_0004.jpg,1,0.439040,Michael_Phelps,Michael_Phelps,positive
Mick_Jagger_0001.jpg,Mick_Jagger_0003.jpg,1,0.307030,Mick_Jagger,Mick_Jagger,positive
Mickey_Gilley_0001.jpg,Mickey_Gilley_0003.jpg,1,0.492797,Mickey_Gilley,Mickey_Gilley,positive
Mickey_Rooney_0001.jpg,Mickey_Rooney_0004.jpg,1,0.373668,Mickey_Rooney,Mickey_Rooney,positive
Miguel_Cotto_0001.jpg,Miguel_Cotto_0002.jpg,1,0.691922,Miguel_Cotto,Miguel_Cotto,positive
Miguel_Estrada_0001.jpg,Miguel_Estrada_0004.jpg,1,0.569457,Miguel_Estrada,Miguel_Estrada,positive
Mike_Alden_0001.jpg,Mike_Alden_0002.jpg,1,0.632291,Mike_Alden,Mike_Alden,positive
Mike_Myers_0001.jpg,Mike_Myers_0003.jpg,1,0.649249,Mike_Myers,Mike_Myers,positive
Mike_Samp_0001.jpg,Mike_Samp_0002.jpg,1,0.099430,Mike_Samp,Mike_Samp,positive
Mireya_Elisa_Moscoso_Rodriguez_0001.jpg,Mireya_Elisa_Moscoso_Rodriguez_0003.jpg,1,0.425991,Mireya_Elisa_Moscoso_Rodriguez,Mireya_Elisa_Moscoso_Rodriguez,positive
Mo_Elleithee_0001.jpg,Mo_Elleithee_0003.jpg,1,0.749690,Mo_Elleithee,Mo_Elleithee,positive
Momir_Nikolic_0001.jpg,Momir_Nikolic_0002.jpg,1,0.689098,Momir_Nikolic,Momir_Nikolic,positive
Narendra_Modi_0001.jpg,Narendra_Modi_0004.jpg,1,0.463631,Narendra_Modi,Narendra_Modi,positive
Nathan_Lane_0001.jpg,Nathan_Lane_0004.jpg,1,0.469953,Nathan_Lane,Nathan_Lane,positive
Nicolas_Cage_0001.jpg,Nicolas_Cage_0004.jpg,1,0.651323,Nicolas_Cage,Nicolas_Cage,positive
Nicole_Kidman_0001.jpg,Nicole_Kidman_0004.jpg,1,0.391430,Nicole_Kidman,Nicole_Kidman,positive
Norio_Ohga_0001.jpg,Norio_Ohga_0002.jpg,1,0.613431,Norio_Ohga,Norio_Ohga,positive
Omar_Sharif_0001.jpg,Omar_Sharif_0003.jpg,1,0.520342,Omar_Sharif,Omar_Sharif,positive
Oracene_Williams_0001.jpg,Oracene_Williams_0004.jpg,1,0.544396,Oracene_Williams,Oracene_Williams,positive
Otto_Reich_0001.jpg,Otto_Reich_0003.jpg,1,0.617111,Otto_Reich,Otto_Reich,positive
Patricia_Hearst_0001.jpg,Patricia_Hearst_0002.jpg,1,0.544372,Patricia_Hearst,Patricia_Hearst,positive
Patrick_Bourrat_0001.jpg,Patrick_Bourrat_0003.jpg,1,0.633782,Patrick_Bourrat,Patrick_Bourrat,positive
Patrick_Leahy_0001.jpg,Patrick_Leahy_0002.jpg,1,0.584284,Patrick_Leahy,Patrick_Leahy,positive
Patrick_McEnroe_0001.jpg,Patrick_McEnroe_0003.jpg,1,0.755141,Patrick_McEnroe,Patrick_McEnroe,positive
Patrick_Stewart_0001.jpg,Patrick_Stewart_0004.jpg,1,0.696724,Patrick_Stewart,Patrick_Stewart,positive
Patty_Duke_0001.jpg,Patty_Duke_0004.jpg,1,0.224794,Patty_Duke,Patty_Duke,positive
Patty_Sheehan_0001.jpg,Patty_Sheehan_0004.jpg,1,0.526380,Patty_Sheehan,Patty_Sheehan,positive
Paul_Bettany_0001.jpg,Paul_Bettany_0004.jpg,1,0.712826,Paul_Bettany,Paul_Bettany,positive
Paul_Brandt_0001.jpg,Paul_Brandt_0002.jpg,1,0.509066,Paul_Brandt,Paul_Brandt,positive
Paul_Clark_0001.jpg,Paul_Clark_0002.jpg,1,0.126462,Paul_Clark,Paul_Clark,positive
Paul_Gascoigne_0001.jpg,Paul_Gascoigne_0003.jpg,1,0.337676,Paul_Gascoigne,Paul_Gascoigne,positive
Paul_Greengrass_0001.jpg,Paul_Greengrass_0004.jpg,1,0.536950,Paul_Greengrass,Paul_Greengrass,positive
Pauline_Landers_0001.jpg,Pauline_Landers_0004.jpg,1,0.239910,Pauline_Landers,Pauline_Landers,positive
Peter_Hillary_0001.jpg,Peter_Hillary_0004.jpg,1,0.789353,Peter_Hillary,Peter_Hillary,positive
Peter_Mugyeni_0001.jpg,Peter_Mugyeni_0002.jpg,1,0.496430,Peter_Mugyeni,Peter_Mugyeni,positive
Phil_Bredesen_0001.jpg,Phil_Bredesen_0002.jpg,1,0.619860,Phil_Bredesen,Phil_Bredesen,positive
Porter_Goss_0001.jpg,Porter_Goss_0002.jpg,1,0.487668,Porter_Goss,Porter_Goss,positive
Prince_Claus_0001.jpg,Prince_Claus_0002.jpg,1,0.768395,Prince_Claus,Prince_Claus,positive
Raghad_Saddam_Hussein_0001.jpg,Raghad_Saddam_Hussein_0002.jpg,1,0.503346,Raghad_Saddam_Hussein,Raghad_Saddam_Hussein,positive
Rand_Miller_0001.jpg,Rand_Miller_0003.jpg,1,0.553925,Rand_Miller,Rand_Miller,positive
Randall_Tobias_0001.jpg,Randall_Tobias_0003.jpg,1,0.669576,Randall_Tobias,Randall_Tobias,positive
Randy_Dryer_0001.jpg,Randy_Dryer_0004.jpg,1,0.443906,Randy_Dryer,Randy_Dryer,positive
Ray_Allen_0001.jpg,Ray_Allen_0002.jpg,1,0.610346,Ray_Allen,Ray_Allen,positive
Razali_Ismail_0001.jpg,Razali_Ismail_0004.jpg,1,0.584278,Razali_Ismail,Razali_Ismail,positive
Rich_Brooks_0001.jpg,Rich_Brooks_0004.jpg,1,0.442604,Rich_Brooks,Rich_Brooks,positive
Richard_Crenna_0001.jpg,Richard_Crenna_0003.jpg,1,0.488511,Richard_Crenna,Richard_Crenna,positive
Richard_Gere_0001.jpg,Richard_Gere_0004.jpg,1,0.388348,Richard_Gere,Richard_Gere,positive
Richard_Myers_0001.jpg,Richard_Myers_0002.jpg,1,-0.062184,Richard_Myers,Richard_Myers,positive
Richard_Pennington_0001.jpg,Richard_Pennington_0004.jpg,1,0.542672,Richard_Pennington,Richard_Pennington,positive
Rick_Romley_0001.jpg,Rick_Romley_0002.jpg,1,0.595937,Rick_Romley,Rick_Romley,positive
Rob_Lowe_0001.jpg,Rob_Lowe_0004.jpg,1,0.836405,Rob_Lowe,Rob_Lowe,positive
Rob_Niedermayer_0001.jpg,Rob_Niedermayer_0004.jpg,1,0.038976,Rob_Niedermayer,Rob_Niedermayer,positive
Robby_Ginepri_0001.jpg,Robby_Ginepri_0003.jpg,1,0.550116,Robby_Ginepri,Robby_Ginepri,positive
Rolandas_Paksas_0001.jpg,Rolandas_Paksas_0004.jpg,1,0.661949,Rolandas_Paksas,Rolandas_Paksas,positive
Rudi_Voeller_0001.jpg,Rudi_Voeller_0002.jpg,1,0.538529,Rudi_Voeller,Rudi_Voeller,positive
Russell_Coutts_0001.jpg,Russell_Coutts_0002.jpg,1,0.377932,Russell_Coutts,Russell_Coutts,positive
Ruth_Christofferson_0001.jpg,Ruth_Christofferson_0002.jpg,1,0.120497,Ruth_Christofferson,Ruth_Christofferson,positive
Ruth_Dreifuss_0001.jpg,Ruth_Dreifuss_0003.jpg,1,0.594474,Ruth_Dreifuss,Ruth_Dreifuss,positive
Sally_Kirkland_0001.jpg,Sally_Kirkland_0004.jpg,1,0.457917,Sally_Kirkland,Sally_Kirkland,positive
Sandra_Milo_0001.jpg,Sandra_Milo_0004.jpg,1,0.338374,Sandra_Milo,Sandra_Milo,positive
Santiago_Botero_0001.jpg,Santiago_Botero_0004.jpg,1,0.593153,Santiago_Botero,Santiago_Botero,positive
Satnarine_Sharma_0001.jpg,Satnarine_Sharma_0002.jpg,1,0.011182,Satnarine_Sharma,Satnarine_Sharma,positive
Scott_OGrady_0001.jpg,Scott_OGrady_0004.jpg,1,0.528673,Scott_OGrady,Scott_OGrady,positive
Sean_Patrick_OMalley_0001.jpg,Sean_Patrick_OMalley_0004.jpg,1,0.017263,Sean_Patrick_OMalley,Sean_Patrick_OMalley,positive
Sebastian_Saja_0001.jpg,Sebastian_Saja_0004.jpg,1,0.512450,Sebastian_Saja,Sebastian_Saja,positive
Sereyvuth_Kem_0001.jpg,Sereyvuth_Kem_0002.jpg,1,0.617419,Sereyvuth_Kem,Sereyvuth_Kem,positive
Shi_Guangsheng_0001.jpg,Shi_Guangsheng_0004.jpg,1,-0.021903,Shi_Guangsheng,Shi_Guangsheng,positive
Sila_Calderon_0001.jpg,Sila_Calderon_0002.jpg,1,0.597960,Sila_Calderon,Sila_Calderon,positive
Stanley_Tong_0001.jpg,Stanley_Tong_0002.jpg,1,0.654245,Stanley_Tong,Stanley_Tong,positive
Stephanie_Cohen_Aloro_0001.jpg,Stephanie_Cohen_Aloro_0002.jpg,1,0.502621,Stephanie_Cohen_Aloro,Stephanie_Cohen_Aloro,positive
Stephen_Arigbabu_0001.jpg,Stephen_Arigbabu_0004.jpg,1,0.709469,Stephen_Arigbabu,Stephen_Arigbabu,positive
Steve_Nesbitt_0001.jpg,Steve_Nesbitt_0002.jpg,1,0.006285,Steve_Nesbitt,Steve_Nesbitt,positive
Steve_Park_0001.jpg,Steve_Park_0002.jpg,1,0.591766,Steve_Park,Steve_Park,positive
Susie_Castillo_0001.jpg,Susie_Castillo_0002.jpg,1,0.717009,Susie_Castillo,Susie_Castillo,positive
Sylvester_Stallone_0001.jpg,Sylvester_Stallone_0004.jpg,1,0.382433,Sylvester_Stallone,Sylvester_Stallone,positive
Sylvie_Guillem_0001.jpg,Sylvie_Guillem_0004.jpg,1,0.512572,Sylvie_Guillem,Sylvie_Guillem,positive
TJ_Ford_0001.jpg,TJ_Ford_0002.jpg,1,0.705473,TJ_Ford,TJ_Ford,positive
Takashi_Sorimachi_0001.jpg,Takashi_Sorimachi_0004.jpg,1,0.414401,Takashi_Sorimachi,Takashi_Sorimachi,positive
Tang_Jiaxuan_0001.jpg,Tang_Jiaxuan_0002.jpg,1,0.715550,Tang_Jiaxuan,Tang_Jiaxuan,positive
Tara_Kirk_0001.jpg,Tara_Kirk_0002.jpg,1,0.742449,Tara_Kirk,Tara_Kirk,positive
Tatjana_Gsell_0001.jpg,Tatjana_Gsell_0002.jpg,1,0.381805,Tatjana_Gsell,Tatjana_Gsell,positive
Teresa_Worbis_0001.jpg,Teresa_Worbis_0002.jpg,1,-0.021037,Teresa_Worbis,Teresa_Worbis,positive
Terje_Roed-Larsen_0001.jpg,Terje_Roed-Larsen_0004.jpg,1,0.585726,Terje_Roed-Larsen,Terje_Roed-Larsen,positive
Thabo_Mbeki_0001.jpg,Thabo_Mbeki_0003.jpg,1,0.476177,Thabo_Mbeki,Thabo_Mbeki,positive
Tian_Zhuang_Zhuang_0001.jpg,Tian_Zhuang_Zhuang_0004.jpg,1,0.090158,Tian_Zhuang_Zhuang,Tian_Zhuang_Zhuang,positive
Tiger_Woods_0001.jpg,Tiger_Woods_0003.jpg,1,0.645667,Tiger_Woods,Tiger_Woods,positive
Tim_Curry_0001.jpg,Tim_Curry_0004.jpg,1,0.583592,Tim_Curry,Tim_Curry,positive
Tim_Pawlenty_0001.jpg,Tim_Pawlenty_0002.jpg,1,0.654228,Tim_Pawlenty,Tim_Pawlenty,positive
Tina_Andrews_0001.jpg,Tina_Andrews_0002.jpg,1,0.521888,Tina_Andrews,Tina_Andrews,positive
Tom_Brady_0001.jpg,Tom_Brady_0002.jpg,1,0.561158,Tom_Brady,Tom_Brady,positive
Trevor_McDonald_0001.jpg,Trevor_McDonald_0002.jpg,1,0.653792,Trevor_McDonald,Trevor_McDonald,positive
Troy_Aikman_0001.jpg,Troy_Aikman_0004.jpg,1,0.652184,Troy_Aikman,Troy_Aikman,positive
Uma_Thurman_0001.jpg,Uma_Thurman_0004.jpg,1,0.467544,Uma_Thurman,Uma_Thurman,positive
Vanessa_Incontrada_0001.jpg,Vanessa_Incontrada_0002.jpg,1,0.491694,Vanessa_Incontrada,Vanessa_Incontrada,positive
Vin_Diesel_0001.jpg,Vin_Diesel_0004.jpg,1,0.555477,Vin_Diesel,Vin_Diesel,positive
Vojislav_Seselj_0001.jpg,Vojislav_Seselj_0002.jpg,1,0.658020,Vojislav_Seselj,Vojislav_Seselj,positive
Vyacheslav_Fetisov_0001.jpg,Vyacheslav_Fetisov_0002.jpg,1,0.506154,Vyacheslav_Fetisov,Vyacheslav_Fetisov,positive
Wang_Nan_0001.jpg,Wang_Nan_0002.jpg,1,0.507779,Wang_Nan,Wang_Nan,positive
William_Shatner_0001.jpg,William_Shatner_0004.jpg,1,0.399969,William_Shatner,William_Shatner,positive
Wim_Duisenberg_0001.jpg,Wim_Duisenberg_0003.jpg,1,0.547672,Wim_Duisenberg,Wim_Duisenberg,positive
Yasein_Taher_0001.jpg,Yasein_Taher_0003.jpg,1,0.110715,Yasein_Taher,Yasein_Taher,positive
Zhang_Ziyi_0001.jpg,Zhang_Ziyi_0003.jpg,1,0.571324,Zhang_Ziyi,Zhang_Ziyi,positive
Zurab_Tsereteli_0001.jpg,Zurab_Tsereteli_0004.jpg,1,0.118341,Zurab_Tsereteli,Zurab_Tsereteli,positive
Rodney_Dangerfield_0001.jpg,Rodney_Dangerfield_0002.jpg,1,0.363739,Rodney_Dangerfield,Rodney_Dangerfield,positive
Jane_Russell_0001.jpg,Jane_Russell_0004.jpg,1,0.458431,Jane_Russell,Jane_Russell,positive
Nancy_Reagan_0001.jpg,Nancy_Reagan_0004.jpg,1,0.359721,Nancy_Reagan,Nancy_Reagan,positive
Carol_Burnett_0001.jpg,Carol_Burnett_0004.jpg,1,0.318250,Carol_Burnett,Carol_Burnett,positive
Billy_Graham_0001.jpg,Billy_Graham_0002.jpg,1,0.464048,Billy_Graham,Billy_Graham,positive
Jackie_Chan_0001.jpg,Jackie_Chan_0004.jpg,1,0.648566,Jackie_Chan,Jackie_Chan,positive
Gordon_Lightfoot_0001.jpg,Gordon_Lightfoot_0004.jpg,1,0.382565,Gordon_Lightfoot,Gordon_Lightfoot,positive
Tom_Smothers_0001.jpg,Tom_Smothers_0004.jpg,1,0.488736,Tom_Smothers,Tom_Smothers,positive
Anton_Balasingham_0001.jpg,Anton_Balasingham_0004.jpg,1,0.110665,Anton_Balasingham,Anton_Balasingham,positive
LK_Advani_0001.jpg,LK_Advani_0002.jpg,1,0.303712,LK_Advani,LK_Advani,positive
Gilberto_Rodriguez_Orejuela_0001.jpg,Gilberto_Rodriguez_Orejuela_0004.jpg,1,0.370172,Gilberto_Rodriguez_Orejuela,Gilberto_Rodriguez_Orejuela,positive
Hosni_Mubarak_0001.jpg,Hosni_Mubarak_0004.jpg,1,0.389603,Hosni_Mubarak,Hosni_Mubarak,positive
Peter_Arnett_0001.jpg,Peter_Arnett_0003.jpg,1,0.456919,Peter_Arnett,Peter_Arnett,positive
Prince_Charles_0001.jpg,Prince_Charles_0002.jpg,1,0.431638,Prince_Charles,Prince_Charles,positive
Elisabeth_Welch_0001.jpg,Elisabeth_Welch_0004.jpg,1,0.491470,Elisabeth_Welch,Elisabeth_Welch,positive
Ken_Macha_0001.jpg,Ken_Macha_0003.jpg,1,0.499512,Ken_Macha,Ken_Macha,positive
Sally_Ride_0001.jpg,Sally_Ride_0004.jpg,1,0.570057,Sally_Ride,Sally_Ride,positive
Ellen_DeGeneres_0001.jpg,Ellen_DeGeneres_0004.jpg,1,0.545370,Ellen_DeGeneres,Ellen_DeGeneres,positive
Hank_Aaron_0001.jpg,Hank_Aaron_0004.jpg,1,0.576169,Hank_Aaron,Hank_Aaron,positive
James_Baker_0001.jpg,James_Baker_0003.jpg,1,0.359365,James_Baker,James_Baker,positive
Lily_Tomlin_0001.jpg,Lily_Tomlin_0004.jpg,1,0.475744,Lily_Tomlin,Lily_Tomlin,positive
Martha_Smith_0001.jpg,Martha_Smith_0004.jpg,1,0.320233,Martha_Smith,Martha_Smith,positive
Scott_Weiland_0001.jpg,Scott_Weiland_0004.jpg,1,0.480722,Scott_Weiland,Scott_Weiland,positive
Henry_Hyde_0001.jpg,Henry_Hyde_0002.jpg,1,0.516307,Henry_Hyde,Henry_Hyde,positive
John_Madden_0001.jpg,John_Madden_0003.jpg,1,0.543762,John_Madden,John_Madden,positive
Elizabeth_Taylor_0001.jpg,Elizabeth_Taylor_0002.jpg,1,0.347681,Elizabeth_Taylor,Elizabeth_Taylor,positive
Eric_Idle_0001.jpg,Eric_Idle_0004.jpg,1,0.411648,Eric_Idle,Eric_Idle,positive
Jose_Luis_Rodriguez_Zapatero_0001.jpg,Jose_Luis_Rodriguez_Zapatero_0004.jpg,1,0.367906,Jose_Luis_Rodriguez_Zapatero,Jose_Luis_Rodriguez_Zapatero,positive
Mstislav_Rostropovich_0001.jpg,Mstislav_Rostropovich_0004.jpg,1,0.439974,Mstislav_Rostropovich,Mstislav_Rostropovich,positive
Randy_Travis_0001.jpg,Randy_Travis_0004.jpg,1,0.461448,Randy_Travis,Randy_Travis,positive
Robert_Stack_0001.jpg,Robert_Stack_0004.jpg,1,0.379958,Robert_Stack,Robert_Stack,positive
Edward_Albee_0001.jpg,Edward_Albee_0002.jpg,1,0.455914,Edward_Albee,Edward_Albee,positive
Jay_Leno_0001.jpg,Jay_Leno_0002.jpg,1,0.502713,Jay_Leno,Jay_Leno,positive
Pedro_Almodovar_0001.jpg,Pedro_Almodovar_0004.jpg,1,0.378370,Pedro_Almodovar,Pedro_Almodovar,positive
Diana_Krall_0001.jpg,Diana_Krall_0002.jpg,1,0.578516,Diana_Krall,Diana_Krall,positive
Billy_Crystal_0001.jpg,Billy_Crystal_0004.jpg,1,0.569046,Billy_Crystal,Billy_Crystal,positive
Hun_Sen_0001.jpg,Hun_Sen_0004.jpg,1,0.267603,Hun_Sen,Hun_Sen,positive
Princess_Victoria_0001.jpg,Princess_Victoria_0003.jpg,1,0.558960,Princess_Victoria,Princess_Victoria,positive
Richard_Penniman_0001.jpg,Richard_Penniman_0004.jpg,1,0.263758,Richard_Penniman,Richard_Penniman,positive
Sun_Myung_Moon_0001.jpg,Sun_Myung_Moon_0004.jpg,1,0.489754,Sun_Myung_Moon,Sun_Myung_Moon,positive
Christoph_Daum_0001.jpg,Christoph_Daum_0004.jpg,1,0.669827,Christoph_Daum,Christoph_Daum,positive
Guenter_Verheugen_0001.jpg,Guenter_Verheugen_0003.jpg,1,0.493899,Guenter_Verheugen,Guenter_Verheugen,positive
Buddy_Ryan_0001.jpg,Buddy_Ryan_0004.jpg,1,0.433298,Buddy_Ryan,Buddy_Ryan,positive
Imre_Kertasz_0001.jpg,Imre_Kertasz_0002.jpg,1,0.043495,Imre_Kertasz,Imre_Kertasz,positive
Vince_Dooley_0001.jpg,Vince_Dooley_0004.jpg,1,0.610700,Vince_Dooley,Vince_Dooley,positive
Andres_DAlessandro_0001.jpg,Andres_DAlessandro_0004.jpg,1,0.560687,Andres_DAlessandro,Andres_DAlessandro,positive
Christine_Ebersole_0001.jpg,Christine_Ebersole_0004.jpg,1,0.332323,Christine_Ebersole,Christine_Ebersole,positive
Lennox_Lewis_0001.jpg,Lennox_Lewis_0004.jpg,1,0.472449,Lennox_Lewis,Lennox_Lewis,positive
Michael_Caine_0001.jpg,Michael_Caine_0004.jpg,1,0.578552,Michael_Caine,Michael_Caine,positive
Mike_Tice_0001.jpg,Mike_Tice_0002.jpg,1,0.539963,Mike_Tice,Mike_Tice,positive
Kevin_Borseth_0001.jpg,Kevin_Borseth_0004.jpg,1,0.667370,Kevin_Borseth,Kevin_Borseth,positive
Matt_Dillon_0001.jpg,Matt_Dillon_0002.jpg,1,0.528777,Matt_Dillon,Matt_Dillon,positive
Michael_Andretti_0001.jpg,Michael_Andretti_0003.jpg,1,0.486370,Michael_Andretti,Michael_Andretti,positive
Brett_Hull_0001.jpg,Brett_Hull_0003.jpg,1,0.689282,Brett_Hull,Brett_Hull,positive
John_Warner_0001.jpg,John_Warner_0002.jpg,1,0.524768,John_Warner,John_Warner,positive
Pedro_Martinez_0001.jpg,Pedro_Martinez_0004.jpg,1,0.474605,Pedro_Martinez,Pedro_Martinez,positive
Chandrika_Kumaratunga_0001.jpg,Chandrika_Kumaratunga_0002.jpg,1,0.634949,Chandrika_Kumaratunga,Chandrika_Kumaratunga,positive
Ellen_Barkin_0001.jpg,Ellen_Barkin_0004.jpg,1,0.463807,Ellen_Barkin,Ellen_Barkin,positive
Elva_Hsiao_0001.jpg,Elva_Hsiao_0004.jpg,1,0.559745,Elva_Hsiao,Elva_Hsiao,positive
Fernando_Hierro_0001.jpg,Fernando_Hierro_0004.jpg,1,0.512672,Fernando_Hierro,Fernando_Hierro,positive
Lon_Kruger_0001.jpg,Lon_Kruger_0004.jpg,1,0.613268,Lon_Kruger,Lon_Kruger,positive
Mark_Richt_0001.jpg,Mark_Richt_0004.jpg,1,0.619485,Mark_Richt,Mark_Richt,positive
Mike_Flanagan_0001.jpg,Mike_Flanagan_0003.jpg,1,0.411960,Mike_Flanagan,Mike_Flanagan,positive
Begum_Khaleda_Zia_0001.jpg,Begum_Khaleda_Zia_0004.jpg,1,0.482078,Begum_Khaleda_Zia,Begum_Khaleda_Zia,positive
Byron_Scott_0001.jpg,Byron_Scott_0003.jpg,1,0.368941,Byron_Scott,Byron_Scott,positive
Claudia_Schiffer_0001.jpg,Claudia_Schiffer_0004.jpg,1,0.392052,Claudia_Schiffer,Claudia_Schiffer,positive
Ernesto_Zedillo_0001.jpg,Ernesto_Zedillo_0003.jpg,1,0.622381,Ernesto_Zedillo,Ernesto_Zedillo,positive
Kaspar_Villiger_0001.jpg,Kaspar_Villiger_0004.jpg,1,0.582721,Kaspar_Villiger,Kaspar_Villiger,positive
Mahmoud_Abbas_0001.jpg,Mahmoud_Abbas_0004.jpg,1,0.070609,Mahmoud_Abbas,Mahmoud_Abbas,positive
Picabo_Street_0001.jpg,Picabo_Street_0004.jpg,1,0.516551,Picabo_Street,Picabo_Street,positive
Sananda_Maitreya_0001.jpg,Sananda_Maitreya_0003.jpg,1,0.281444,Sananda_Maitreya,Sananda_Maitreya,positive
Sean_Penn_0001.jpg,Sean_Penn_0004.jpg,1,0.538569,Sean_Penn,Sean_Penn,positive
Leszek_Miller_0001.jpg,Leszek_Miller_0002.jpg,1,0.655075,Leszek_Miller,Leszek_Miller,positive
Michael_Keaton_0001.jpg,Michael_Keaton_0003.jpg,1,0.393697,Michael_Keaton,Michael_Keaton,positive
Mohammed_Baqir_al-Hakim_0001.jpg,Mohammed_Baqir_al-Hakim_0004.jpg,1,0.410440,Mohammed_Baqir_al-Hakim,Mohammed_Baqir_al-Hakim,positive
Patti_Smith_0001.jpg,Patti_Smith_0003.jpg,1,0.591376,Patti_Smith,Patti_Smith,positive
Raf_Vallone_0001.jpg,Raf_Vallone_0004.jpg,1,0.510205,Raf_Vallone,Raf_Vallone,positive
Richard_Naughton_0001.jpg,Richard_Naughton_0002.jpg,1,-0.002504,Richard_Naughton,Richard_Naughton,positive
Sonia_Gandhi_0001.jpg,Sonia_Gandhi_0003.jpg,1,0.677828,Sonia_Gandhi,Sonia_Gandhi,positive
Antje_Buschschulte_0001.jpg,Antje_Buschschulte_0004.jpg,1,0.338830,Antje_Buschschulte,Antje_Buschschulte,positive
Edward_James_Olmos_0001.jpg,Edward_James_Olmos_0002.jpg,1,0.451554,Edward_James_Olmos,Edward_James_Olmos,positive
Norm_Macdonald_0001.jpg,Norm_Macdonald_0004.jpg,1,0.261992,Norm_Macdonald,Norm_Macdonald,positive
Ralph_Nader_0001.jpg,Ralph_Nader_0004.jpg,1,0.487466,Ralph_Nader,Ralph_Nader,positive
Wayne_Gretzky_0001.jpg,Wayne_Gretzky_0004.jpg,1,0.378850,Wayne_Gretzky,Wayne_Gretzky,positive
Amelie_Mauresmo_0001.jpg,Amelie_Mauresmo_0003.jpg,1,0.565641,Amelie_Mauresmo,Amelie_Mauresmo,positive
Gerard_Depardieu_0001.jpg,Gerard_Depardieu_0004.jpg,1,0.651489,Gerard_Depardieu,Gerard_Depardieu,positive
Sherri_Coale_0001.jpg,Sherri_Coale_0004.jpg,1,0.476147,Sherri_Coale,Sherri_Coale,positive
Bruce_Willis_0001.jpg,Bruce_Willis_0003.jpg,1,0.540006,Bruce_Willis,Bruce_Willis,positive
Gracia_Burnham_0001.jpg,Gracia_Burnham_0002.jpg,1,0.543398,Gracia_Burnham,Gracia_Burnham,positive
Howard_Wilkinson_0001.jpg,Howard_Wilkinson_0002.jpg,1,0.583782,Howard_Wilkinson,Howard_Wilkinson,positive
Janet_Napolitano_0001.jpg,Janet_Napolitano_0004.jpg,1,0.629519,Janet_Napolitano,Janet_Napolitano,positive
Jim_Carrey_0001.jpg,Jim_Carrey_0003.jpg,1,0.336673,Jim_Carrey,Jim_Carrey,positive
Laura_Flessel_0001.jpg,Laura_Flessel_0004.jpg,1,0.476694,Laura_Flessel,Laura_Flessel,positive
Monica_Lewinsky_0001.jpg,Monica_Lewinsky_0004.jpg,1,0.476169,Monica_Lewinsky,Monica_Lewinsky,positive
Nicola_Bono_0001.jpg,Nicola_Bono_0002.jpg,1,0.633832,Nicola_Bono,Nicola_Bono,positive
Padraig_Harrington_0001.jpg,Padraig_Harrington_0004.jpg,1,0.622372,Padraig_Harrington,Padraig_Harrington,positive
Rudolph_Holton_0001.jpg,Rudolph_Holton_0002.jpg,1,0.548304,Rudolph_Holton,Rudolph_Holton,positive
Sean_OKeefe_0001.jpg,Sean_OKeefe_0003.jpg,1,0.588653,Sean_OKeefe,Sean_OKeefe,positive
BJ_Habibie_0001.jpg,BJ_Habibie_0004.jpg,1,0.556059,BJ_Habibie,BJ_Habibie,positive
Condoleezza_Rice_0001.jpg,Condoleezza_Rice_0004.jpg,1,0.581703,Condoleezza_Rice,Condoleezza_Rice,positive
Giuseppe_Gibilisco_0001.jpg,Giuseppe_Gibilisco_0004.jpg,1,0.673804,Giuseppe_Gibilisco,Giuseppe_Gibilisco,positive
Heath_Ledger_0001.jpg,Heath_Ledger_0004.jpg,1,0.490191,Heath_Ledger,Heath_Ledger,positive
Joseph_Kabila_0001.jpg,Joseph_Kabila_0002.jpg,1,0.545856,Joseph_Kabila,Joseph_Kabila,positive
Lynn_Abraham_0001.jpg,Lynn_Abraham_0002.jpg,1,0.619258,Lynn_Abraham,Lynn_Abraham,positive
Megan_Mullally_0001.jpg,Megan_Mullally_0004.jpg,1,0.348102,Megan_Mullally,Megan_Mullally,positive
Olympia_Dukakis_0001.jpg,Olympia_Dukakis_0004.jpg,1,0.499824,Olympia_Dukakis,Olympia_Dukakis,positive
Ahmet_Demir_0001.jpg,Ahmet_Demir_0002.jpg,1,0.520024,Ahmet_Demir,Ahmet_Demir,positive
Brent_Coles_0001.jpg,Brent_Coles_0002.jpg,1,0.565499,Brent_Coles,Brent_Coles,positive
Charles_Mathews_0001.jpg,Charles_Mathews_0002.jpg,1,-0.119312,Charles_Mathews,Charles_Mathews,positive
Elton_John_0001.jpg,Elton_John_0003.jpg,1,0.533877,Elton_John,Elton_John,positive
Inocencio_Arias_0001.jpg,Inocencio_Arias_0003.jpg,1,0.579374,Inocencio_Arias,Inocencio_Arias,positive
John_Reid_0001.jpg,John_Reid_0004.jpg,1,-0.042130,John_Reid,John_Reid,positive
Mufti_Mohammad_Syed_0001.jpg,Mufti_Mohammad_Syed_0004.jpg,1,0.564028,Mufti_Mohammad_Syed,Mufti_Mohammad_Syed,positive
Oliver_Neuville_0001.jpg,Oliver_Neuville_0004.jpg,1,0.613918,Oliver_Neuville,Oliver_Neuville,positive
Steve_Karsay_0001.jpg,Steve_Karsay_0003.jpg,1,0.493160,Steve_Karsay,Steve_Karsay,positive
Tim_Duncan_0001.jpg,Tim_Duncan_0004.jpg,1,0.681239,Tim_Duncan,Tim_Duncan,positive
Tom_Cruise_0001.jpg,Tom_Cruise_0004.jpg,1,0.500497,Tom_Cruise,Tom_Cruise,positive
Will_Young_0001.jpg,Will_Young_0004.jpg,1,0.693737,Will_Young,Will_Young,positive
Xanana_Gusmao_0001.jpg,Xanana_Gusmao_0004.jpg,1,0.575510,Xanana_Gusmao,Xanana_Gusmao,positive
Brian_Cowen_0001.jpg,Brian_Cowen_0004.jpg,1,0.197879,Brian_Cowen,Brian_Cowen,positive
Hal_McCoy_0001.jpg,Hal_McCoy_0002.jpg,1,0.657998,Hal_McCoy,Hal_McCoy,positive
Idi_Amin_0001.jpg,Idi_Amin_0003.jpg,1,0.320616,Idi_Amin,Idi_Amin,positive
Jane_Kaczmarek_0001.jpg,Jane_Kaczmarek_0004.jpg,1,0.514503,Jane_Kaczmarek,Jane_Kaczmarek,positive
Malcolm_Jamal_Warner_0001.jpg,Malcolm_Jamal_Warner_0002.jpg,1,0.489127,Malcolm_Jamal_Warner,Malcolm_Jamal_Warner,positive
Mario_Jardel_0001.jpg,Mario_Jardel_0002.jpg,1,0.482656,Mario_Jardel,Mario_Jardel,positive
Owen_Nolan_0001.jpg,Owen_Nolan_0004.jpg,1,0.439822,Owen_Nolan,Owen_Nolan,positive
Sharon_Stone_0001.jpg,Sharon_Stone_0004.jpg,1,0.489308,Sharon_Stone,Sharon_Stone,positive
Ahmed_Chalabi_0001.jpg,Ahmed_Chalabi_0004.jpg,1,0.659821,Ahmed_Chalabi,Ahmed_Chalabi,positive
Aishwarya_Rai_0001.jpg,Aishwarya_Rai_0004.jpg,1,0.468067,Aishwarya_Rai,Aishwarya_Rai,positive
Alan_Zemaitis_0001.jpg,Alan_Zemaitis_0002.jpg,1,0.623586,Alan_Zemaitis,Alan_Zemaitis,positive
Alimzhan_Tokhtakhounov_0001.jpg,Alimzhan_Tokhtakhounov_0004.jpg,1,0.706047,Alimzhan_Tokhtakhounov,Alimzhan_Tokhtakhounov,positive
David_Blaine_0001.jpg,David_Blaine_0004.jpg,1,0.539774,David_Blaine,David_Blaine,positive
Kristanna_Loken_0001.jpg,Kristanna_Loken_0004.jpg,1,0.503894,Kristanna_Loken,Kristanna_Loken,positive
Lenny_Kravitz_0001.jpg,Lenny_Kravitz_0002.jpg,1,0.520646,Lenny_Kravitz,Lenny_Kravitz,positive
Leticia_Van_de_Putte_0001.jpg,Leticia_Van_de_Putte_0004.jpg,1,0.663281,Leticia_Van_de_Putte,Leticia_Van_de_Putte,positive
Lili_Taylor_0001.jpg,Lili_Taylor_0004.jpg,1,0.468572,Lili_Taylor,Lili_Taylor,positive
Mariano_Zabaleta_0001.jpg,Mariano_Zabaleta_0004.jpg,1,0.592566,Mariano_Zabaleta,Mariano_Zabaleta,positive
Robin_Cook_0001.jpg,Robin_Cook_0003.jpg,1,0.635072,Robin_Cook,Robin_Cook,positive
Ronaldo_Luis_Nazario_de_Lima_0001.jpg,Ronaldo_Luis_Nazario_de_Lima_0004.jpg,1,0.611067,Ronaldo_Luis_Nazario_de_Lima,Ronaldo_Luis_Nazario_de_Lima,positive
Steve_Austin_0001.jpg,Steve_Austin_0003.jpg,1,0.476764,Steve_Austin,Steve_Austin,positive
Winona_Ryder_0001.jpg,Winona_Ryder_0004.jpg,1,0.367289,Winona_Ryder,Winona_Ryder,positive
Aaron_Peirsol_0001.jpg,Aaron_Peirsol_0004.jpg,1,0.516431,Aaron_Peirsol,Aaron_Peirsol,positive
Alex_Cejka_0001.jpg,Alex_Cejka_0004.jpg,1,0.664876,Alex_Cejka,Alex_Cejka,positive
Cyndi_Thompson_0001.jpg,Cyndi_Thompson_0004.jpg,1,0.540583,Cyndi_Thompson,Cyndi_Thompson,positive
Dick_Armey_0001.jpg,Dick_Armey_0003.jpg,1,0.602313,Dick_Armey,Dick_Armey,positive
Don_Siegelman_0001.jpg,Don_Siegelman_0004.jpg,1,0.732088,Don_Siegelman,Don_Siegelman,positive
Frank_Murkowski_0001.jpg,Frank_Murkowski_0004.jpg,1,0.514910,Frank_Murkowski,Frank_Murkowski,positive
Ismael_Miranda_0001.jpg,Ismael_Miranda_0002.jpg,1,0.491399,Ismael_Miranda,Ismael_Miranda,positive
Orrin_Hatch_0001.jpg,Orrin_Hatch_0002.jpg,1,0.558426,Orrin_Hatch,Orrin_Hatch,positive
Pauley_Perrette_0001.jpg,Pauley_Perrette_0004.jpg,1,0.608088,Pauley_Perrette,Pauley_Perrette,positive
Rosario_Dawson_0001.jpg,Rosario_Dawson_0002.jpg,1,0.433832,Rosario_Dawson,Rosario_Dawson,positive
Roy_Chaderton_0001.jpg,Roy_Chaderton_0004.jpg,1,0.518445,Roy_Chaderton,Roy_Chaderton,positive
Zoe_Ball_0001.jpg,Zoe_Ball_0002.jpg,1,0.548131,Zoe_Ball,Zoe_Ball,positive
David_Heymann_0001.jpg,David_Heymann_0002.jpg,1,0.603075,David_Heymann,David_Heymann,positive
Evelyn_Lauder_0001.jpg,Evelyn_Lauder_0004.jpg,1,0.561292,Evelyn_Lauder,Evelyn_Lauder,positive
Fran_Drescher_0001.jpg,Fran_Drescher_0002.jpg,1,0.457331,Fran_Drescher,Fran_Drescher,positive
Frank_Stallone_0001.jpg,Frank_Stallone_0003.jpg,1,0.524949,Frank_Stallone,Frank_Stallone,positive
Gregorio_Rosal_0001.jpg,Gregorio_Rosal_0002.jpg,1,0.054067,Gregorio_Rosal,Gregorio_Rosal,positive
Jim_Bollman_0001.jpg,Jim_Bollman_0002.jpg,1,0.783853,Jim_Bollman,Jim_Bollman,positive
Leon_Lai_0001.jpg,Leon_Lai_0004.jpg,1,0.598604,Leon_Lai,Leon_Lai,positive
Petro_Symonenko_0001.jpg,Petro_Symonenko_0002.jpg,1,0.605981,Petro_Symonenko,Petro_Symonenko,positive
Raoul_Ruiz_0001.jpg,Raoul_Ruiz_0004.jpg,1,0.645774,Raoul_Ruiz,Raoul_Ruiz,positive
Retief_Goosen_0001.jpg,Retief_Goosen_0003.jpg,1,0.531214,Retief_Goosen,Retief_Goosen,positive
Roger_Federer_0001.jpg,Roger_Federer_0004.jpg,1,0.563150,Roger_Federer,Roger_Federer,positive
Steve_Zahn_0001.jpg,Steve_Zahn_0004.jpg,1,0.520522,Steve_Zahn,Steve_Zahn,positive
Alejandro_Toledo_0001.jpg,Alejandro_Toledo_0004.jpg,1,0.542319,Alejandro_Toledo,Alejandro_Toledo,positive
Brandon_Boyd_0001.jpg,Brandon_Boyd_0004.jpg,1,0.466127,Brandon_Boyd,Brandon_Boyd,positive
Costas_Simitis_0001.jpg,Costas_Simitis_0002.jpg,1,0.631644,Costas_Simitis,Costas_Simitis,positive
Emma_Watson_0001.jpg,Emma_Watson_0004.jpg,1,0.386796,Emma_Watson,Emma_Watson,positive
Guillermo_Canas_0001.jpg,Guillermo_Canas_0004.jpg,1,0.665332,Guillermo_Canas,Guillermo_Canas,positive
Jeane_Kirkpatrick_0001.jpg,Jeane_Kirkpatrick_0002.jpg,1,0.785718,Jeane_Kirkpatrick,Jeane_Kirkpatrick,positive
Michael_Milton_0001.jpg,Michael_Milton_0002.jpg,1,0.039549,Michael_Milton,Michael_Milton,positive
Neil_Moritz_0001.jpg,Neil_Moritz_0002.jpg,1,0.056829,Neil_Moritz,Neil_Moritz,positive
Nicholas_Tse_0001.jpg,Nicholas_Tse_0004.jpg,1,0.582002,Nicholas_Tse,Nicholas_Tse,positive
Parthiv_Patel_0001.jpg,Parthiv_Patel_0004.jpg,1,0.473107,Parthiv_Patel,Parthiv_Patel,positive
Pascal_Rheaume_0001.jpg,Pascal_Rheaume_0004.jpg,1,0.368648,Pascal_Rheaume,Pascal_Rheaume,positive
Ricardo_Lopez_Murphy_0001.jpg,Ricardo_Lopez_Murphy_0004.jpg,1,0.608580,Ricardo_Lopez_Murphy,Ricardo_Lopez_Murphy,positive
Anne_Heche_0001.jpg,Anne_Heche_0004.jpg,1,0.499938,Anne_Heche,Anne_Heche,positive
Ben_Cahoon_0001.jpg,Ben_Cahoon_0004.jpg,1,0.722008,Ben_Cahoon,Ben_Cahoon,positive
Donald_Pettit_0001.jpg,Donald_Pettit_0004.jpg,1,0.732069,Donald_Pettit,Donald_Pettit,positive
Dyana_Calub_0001.jpg,Dyana_Calub_0002.jpg,1,-0.009309,Dyana_Calub,Dyana_Calub,positive
Gerhard_Schroeder_0001.jpg,Gerhard_Schroeder_0003.jpg,1,0.636919,Gerhard_Schroeder,Gerhard_Schroeder,positive
Hans_Eichel_0001.jpg,Hans_Eichel_0003.jpg,1,0.621485,Hans_Eichel,Hans_Eichel,positive
Javier_Camara_0001.jpg,Javier_Camara_0002.jpg,1,0.730459,Javier_Camara,Javier_Camara,positive
Kenneth_Carlsen_0001.jpg,Kenneth_Carlsen_0004.jpg,1,0.770162,Kenneth_Carlsen,Kenneth_Carlsen,positive
Lincoln_Chafee_0001.jpg,Lincoln_Chafee_0004.jpg,1,0.679275,Lincoln_Chafee,Lincoln_Chafee,positive
Mekhi_Phifer_0001.jpg,Mekhi_Phifer_0004.jpg,1,0.482786,Mekhi_Phifer,Mekhi_Phifer,positive
Nan_Wang_0001.jpg,Nan_Wang_0004.jpg,1,0.659858,Nan_Wang,Nan_Wang,positive
Naoto_Kan_0001.jpg,Naoto_Kan_0003.jpg,1,0.460919,Naoto_Kan,Naoto_Kan,positive
Paul_Walker_0001.jpg,Paul_Walker_0004.jpg,1,0.605531,Paul_Walker,Paul_Walker,positive
Piers_Sellers_0001.jpg,Piers_Sellers_0004.jpg,1,0.589782,Piers_Sellers,Piers_Sellers,positive
Rafael_Bielsa_0001.jpg,Rafael_Bielsa_0003.jpg,1,0.620934,Rafael_Bielsa,Rafael_Bielsa,positive
Scott_McNealy_0001.jpg,Scott_McNealy_0004.jpg,1,0.628721,Scott_McNealy,Scott_McNealy,positive
Stephen_Silas_0001.jpg,Stephen_Silas_0003.jpg,1,0.702247,Stephen_Silas,Stephen_Silas,positive
Chris_Cornell_0001.jpg,Chris_Cornell_0002.jpg,1,0.558890,Chris_Cornell,Chris_Cornell,positive
Hilary_Duff_0001.jpg,Hilary_Duff_0004.jpg,1,0.313358,Hilary_Duff,Hilary_Duff,positive
John_Garamendi_0001.jpg,John_Garamendi_0004.jpg,1,0.612660,John_Garamendi,John_Garamendi,positive
Koichi_Tanaka_0001.jpg,Koichi_Tanaka_0004.jpg,1,0.591894,Koichi_Tanaka,Koichi_Tanaka,positive
Petria_Thomas_0001.jpg,Petria_Thomas_0002.jpg,1,0.621639,Petria_Thomas,Petria_Thomas,positive
Roy_Williams_0001.jpg,Roy_Williams_0004.jpg,1,0.609228,Roy_Williams,Roy_Williams,positive
Wally_Szczerbiak_0001.jpg,Wally_Szczerbiak_0004.jpg,1,0.627743,Wally_Szczerbiak,Wally_Szczerbiak,positive
Warren_Truss_0001.jpg,Warren_Truss_0002.jpg,1,0.562026,Warren_Truss,Warren_Truss,positive
Aaron_Guiel_0001.jpg,Aaron_Guiel_0002.jpg,1,0.689366,Aaron_Guiel,Aaron_Guiel,positive
Colin_Cowie_0001.jpg,Colin_Cowie_0004.jpg,1,0.751240,Colin_Cowie,Colin_Cowie,positive
Jim_Calhoun_0001.jpg,Jim_Calhoun_0002.jpg,1,0.648351,Jim_Calhoun,Jim_Calhoun,positive
Mary-Kate_Olsen_0001.jpg,Mary-Kate_Olsen_0002.jpg,1,0.471342,Mary-Kate_Olsen,Mary-Kate_Olsen,positive
Meg_Wakeman_0001.jpg,Meg_Wakeman_0002.jpg,1,0.661414,Meg_Wakeman,Meg_Wakeman,positive
Mehmet_Okur_0001.jpg,Mehmet_Okur_0004.jpg,1,0.525449,Mehmet_Okur,Mehmet_Okur,positive
Melissa_Stark_0001.jpg,Melissa_Stark_0004.jpg,1,0.616776,Melissa_Stark,Melissa_Stark,positive
Peter_Greenspun_0001.jpg,Peter_Greenspun_0002.jpg,1,0.603031,Peter_Greenspun,Peter_Greenspun,positive
Ricky_Ponting_0001.jpg,Ricky_Ponting_0004.jpg,1,0.560316,Ricky_Ponting,Ricky_Ponting,positive
Rosie_Perez_0001.jpg,Rosie_Perez_0004.jpg,1,0.529060,Rosie_Perez,Rosie_Perez,positive
Sasha_Alexander_0001.jpg,Sasha_Alexander_0002.jpg,1,0.481544,Sasha_Alexander,Sasha_Alexander,positive
Scott_Ritter_0001.jpg,Scott_Ritter_0002.jpg,1,0.670291,Scott_Ritter,Scott_Ritter,positive
Taufik_Hidayat_0001.jpg,Taufik_Hidayat_0002.jpg,1,0.608847,Taufik_Hidayat,Taufik_Hidayat,positive
Adrian_Nastase_0001.jpg,Adrian_Nastase_0003.jpg,1,0.621154,Adrian_Nastase,Adrian_Nastase,positive
Benicio_Del_Toro_0001.jpg,Benicio_Del_Toro_0003.jpg,1,0.645573,Benicio_Del_Toro,Benicio_Del_Toro,positive
Dominique_de_Villepin_0001.jpg,Dominique_de_Villepin_0002.jpg,1,0.550309,Dominique_de_Villepin,Dominique_de_Villepin,positive
Jennifer_Gratz_0001.jpg,Jennifer_Gratz_0002.jpg,1,0.527383,Jennifer_Gratz,Jennifer_Gratz,positive
John_F_Kennedy_Jr_0001.jpg,John_F_Kennedy_Jr_0002.jpg,1,0.598586,John_F_Kennedy_Jr,John_F_Kennedy_Jr,positive
Michael_Boyce_0001.jpg,Michael_Boyce_0003.jpg,1,0.700734,Michael_Boyce,Michael_Boyce,positive
Miguel_Rosseto_0001.jpg,Miguel_Rosseto_0002.jpg,1,0.571006,Miguel_Rosseto,Miguel_Rosseto,positive
Neri_Marcore_0001.jpg,Neri_Marcore_0004.jpg,1,0.701654,Neri_Marcore,Neri_Marcore,positive
Richard_Greenberg_0001.jpg,Richard_Greenberg_0004.jpg,1,0.635985,Richard_Greenberg,Richard_Greenberg,positive
Rod_Thorn_0001.jpg,Rod_Thorn_0002.jpg,1,0.826442,Rod_Thorn,Rod_Thorn,positive
Tassos_Papadopoulos_0001.jpg,Tassos_Papadopoulos_0002.jpg,1,0.769255,Tassos_Papadopoulos,Tassos_Papadopoulos,positive
Toni_Braxton_0001.jpg,Toni_Braxton_0002.jpg,1,0.382861,Toni_Braxton,Toni_Braxton,positive
Chloe_Sevigny_0001.jpg,Chloe_Sevigny_0004.jpg,1,0.473285,Chloe_Sevigny,Chloe_Sevigny,positive
Denis_Coderre_0001.jpg,Denis_Coderre_0002.jpg,1,0.650053,Denis_Coderre,Denis_Coderre,positive
Elin_Nordegren_0001.jpg,Elin_Nordegren_0002.jpg,1,0.407032,Elin_Nordegren,Elin_Nordegren,positive
Jacqueline_Gold_0001.jpg,Jacqueline_Gold_0002.jpg,1,0.580282,Jacqueline_Gold,Jacqueline_Gold,positive
Jeff_Van_Gundy_0001.jpg,Jeff_Van_Gundy_0004.jpg,1,0.612953,Jeff_Van_Gundy,Jeff_Van_Gundy,positive
Laurie_Laychak_0001.jpg,Laurie_Laychak_0002.jpg,1,0.592748,Laurie_Laychak,Laurie_Laychak,positive
Miguel_Contreras_0001.jpg,Miguel_Contreras_0002.jpg,1,0.657555,Miguel_Contreras,Miguel_Contreras,positive
Oswald_Gruebel_0001.jpg,Oswald_Gruebel_0002.jpg,1,0.693369,Oswald_Gruebel,Oswald_Gruebel,positive
Ramon_Delgado_0001.jpg,Ramon_Delgado_0002.jpg,1,0.649755,Ramon_Delgado,Ramon_Delgado,positive
Sebastien_Grosjean_0001.jpg,Sebastien_Grosjean_0004.jpg,1,0.623375,Sebastien_Grosjean,Sebastien_Grosjean,positive
Steve_Valentine_0001.jpg,Steve_Valentine_0004.jpg,1,0.624836,Steve_Valentine,Steve_Valentine,positive
Tavis_Smiley_0001.jpg,Tavis_Smiley_0004.jpg,1,0.564390,Tavis_Smiley,Tavis_Smiley,positive
Troy_Garity_0001.jpg,Troy_Garity_0002.jpg,1,0.509509,Troy_Garity,Troy_Garity,positive
Yann_Martel_0001.jpg,Yann_Martel_0004.jpg,1,0.662445,Yann_Martel,Yann_Martel,positive
Baz_Luhrmann_0001.jpg,Baz_Luhrmann_0002.jpg,1,0.597203,Baz_Luhrmann,Baz_Luhrmann,positive
Chip_Knight_0001.jpg,Chip_Knight_0002.jpg,1,0.459580,Chip_Knight,Chip_Knight,positive
Ismail_Khan_0001.jpg,Ismail_Khan_0002.jpg,1,0.035592,Ismail_Khan,Ismail_Khan,positive
Karin_Pilsaeter_0001.jpg,Karin_Pilsaeter_0002.jpg,1,0.534478,Karin_Pilsaeter,Karin_Pilsaeter,positive
Misty_Dawn_Clymer_0001.jpg,Misty_Dawn_Clymer_0002.jpg,1,0.622682,Misty_Dawn_Clymer,Misty_Dawn_Clymer,positive
Natasha_McElhone_0001.jpg,Natasha_McElhone_0002.jpg,1,0.645111,Natasha_McElhone,Natasha_McElhone,positive
Sheila_Taormina_0001.jpg,Sheila_Taormina_0003.jpg,1,0.575359,Sheila_Taormina,Sheila_Taormina,positive
Will_Ferrell_0001.jpg,Will_Ferrell_0003.jpg,1,0.520799,Will_Ferrell,Will_Ferrell,positive
Ali_Bin_Hussein_0001.jpg,Ali_Bin_Hussein_0002.jpg,1,0.723736,Ali_Bin_Hussein,Ali_Bin_Hussein,positive
Angelo_Reyes_0001.jpg,Angelo_Reyes_0002.jpg,1,0.662426,Angelo_Reyes,Angelo_Reyes,positive
Chris_Cookson_0001.jpg,Chris_Cookson_0003.jpg,1,0.727741,Chris_Cookson,Chris_Cookson,positive
George_Lopez_0001.jpg,George_Lopez_0004.jpg,1,0.408517,George_Lopez,George_Lopez,positive
Jean-David_Levitte_0001.jpg,Jean-David_Levitte_0002.jpg,1,0.705195,Jean-David_Levitte,Jean-David_Levitte,positive
Mikhail_Kasyanov_0001.jpg,Mikhail_Kasyanov_0002.jpg,1,0.557149,Mikhail_Kasyanov,Mikhail_Kasyanov,positive
Ryan_Nyquist_0001.jpg,Ryan_Nyquist_0002.jpg,1,0.534617,Ryan_Nyquist,Ryan_Nyquist,positive
Sara_Silverman_0001.jpg,Sara_Silverman_0002.jpg,1,0.666236,Sara_Silverman,Sara_Silverman,positive
Steven_Hatfill_0001.jpg,Steven_Hatfill_0004.jpg,1,0.613766,Steven_Hatfill,Steven_Hatfill,positive
Tanya_Lindenmuth_0001.jpg,Tanya_Lindenmuth_0002.jpg,1,0.477816,Tanya_Lindenmuth,Tanya_Lindenmuth,positive
Tirunesh_Dibaba_0001.jpg,Tirunesh_Dibaba_0004.jpg,1,0.729707,Tirunesh_Dibaba,Tirunesh_Dibaba,positive
Alexandre_Daigle_0001.jpg,Alexandre_Daigle_0002.jpg,1,0.690085,Alexandre_Daigle,Alexandre_Daigle,positive
Dean_Barkley_0001.jpg,Dean_Barkley_0002.jpg,1,0.628802,Dean_Barkley,Dean_Barkley,positive
Doug_Collins_0001.jpg,Doug_Collins_0004.jpg,1,0.681246,Doug_Collins,Doug_Collins,positive
Gary_Sayler_0001.jpg,Gary_Sayler_0002.jpg,1,0.434800,Gary_Sayler,Gary_Sayler,positive
Iain_Duncan_Smith_0001.jpg,Iain_Duncan_Smith_0002.jpg,1,0.764797,Iain_Duncan_Smith,Iain_Duncan_Smith,positive
JK_Rowling_0001.jpg,JK_Rowling_0004.jpg,1,0.699609,JK_Rowling,JK_Rowling,positive
Jennette_Bradley_0001.jpg,Jennette_Bradley_0002.jpg,1,0.696579,Jennette_Bradley,Jennette_Bradley,positive
Juan_Roman_Riquelme_0001.jpg,Juan_Roman_Riquelme_0002.jpg,1,0.573990,Juan_Roman_Riquelme,Juan_Roman_Riquelme,positive
Julia_Tymoshenko_0001.jpg,Julia_Tymoshenko_0002.jpg,1,0.479624,Julia_Tymoshenko,Julia_Tymoshenko,positive
Lawrence_Di_Rita_0001.jpg,Lawrence_Di_Rita_0002.jpg,1,0.667024,Lawrence_Di_Rita,Lawrence_Di_Rita,positive
Martin_ONeill_0001.jpg,Martin_ONeill_0002.jpg,1,0.618258,Martin_ONeill,Martin_ONeill,positive
Maurice_Cheeks_0001.jpg,Maurice_Cheeks_0003.jpg,1,0.753040,Maurice_Cheeks,Maurice_Cheeks,positive
Robert_Nardelli_0001.jpg,Robert_Nardelli_0003.jpg,1,-0.048627,Robert_Nardelli,Robert_Nardelli,positive
Steve_Backley_0001.jpg,Steve_Backley_0002.jpg,1,0.613802,Steve_Backley,Steve_Backley,positive
Yashwant_Sinha_0001.jpg,Yashwant_Sinha_0003.jpg,1,0.566433,Yashwant_Sinha,Yashwant_Sinha,positive
Hans_Blix_0001.jpg,Hans_Blix_0002.jpg,1,0.689359,Hans_Blix,Hans_Blix,positive
Kenneth_Bowersox_0001.jpg,Kenneth_Bowersox_0002.jpg,1,0.714281,Kenneth_Bowersox,Kenneth_Bowersox,positive
Lois_Smart_0001.jpg,Lois_Smart_0004.jpg,1,0.578576,Lois_Smart,Lois_Smart,positive
Penelope_Ann_Miller_0001.jpg,Penelope_Ann_Miller_0002.jpg,1,0.525523,Penelope_Ann_Miller,Penelope_Ann_Miller,positive
Ben_Curtis_0001.jpg,Ben_Curtis_0002.jpg,1,0.691531,Ben_Curtis,Ben_Curtis,positive
Cheryl_Ford_0001.jpg,Cheryl_Ford_0002.jpg,1,0.713457,Cheryl_Ford,Cheryl_Ford,positive
Dinah_Turner_0001.jpg,Dinah_Turner_0003.jpg,1,0.112774,Dinah_Turner,Dinah_Turner,positive
Don_Matthews_0001.jpg,Don_Matthews_0002.jpg,1,0.556293,Don_Matthews,Don_Matthews,positive
Flavia_Delaroli_0001.jpg,Flavia_Delaroli_0002.jpg,1,0.630577,Flavia_Delaroli,Flavia_Delaroli,positive
Jose_Santos_0001.jpg,Jose_Santos_0002.jpg,1,0.563729,Jose_Santos,Jose_Santos,positive
Juan_Francisco_Palencia_0001.jpg,Juan_Francisco_Palencia_0002.jpg,1,0.636595,Juan_Francisco_Palencia,Juan_Francisco_Palencia,positive
Monte_Kiffin_0001.jpg,Monte_Kiffin_0002.jpg,1,0.703296,Monte_Kiffin,Monte_Kiffin,positive
Nicolas_Escude_0001.jpg,Nicolas_Escude_0002.jpg,1,0.643458,Nicolas_Escude,Nicolas_Escude,positive
Ralph_Sampson_0001.jpg,Ralph_Sampson_0003.jpg,1,0.836703,Ralph_Sampson,Ralph_Sampson,positive
Scott_Peterson_0001.jpg,Scott_Peterson_0002.jpg,1,0.515853,Scott_Peterson,Scott_Peterson,positive
Alexander_Losyukov_0001.jpg,Alexander_Losyukov_0002.jpg,1,0.614588,Alexander_Losyukov,Alexander_Losyukov,positive
Butch_Davis_0001.jpg,Butch_Davis_0002.jpg,1,0.615141,Butch_Davis,Butch_Davis,positive
Cristina_Saralegui_0001.jpg,Cristina_Saralegui_0002.jpg,1,0.590880,Cristina_Saralegui,Cristina_Saralegui,positive
Fabrice_Santoro_0001.jpg,Fabrice_Santoro_0003.jpg,1,0.775727,Fabrice_Santoro,Fabrice_Santoro,positive
James_Brosnahan_0001.jpg,James_Brosnahan_0002.jpg,1,0.624880,James_Brosnahan,James_Brosnahan,positive
Jim_Furyk_0001.jpg,Jim_Furyk_0002.jpg,1,0.672754,Jim_Furyk,Jim_Furyk,positive
Kristin_Scott_0001.jpg,Kristin_Scott_0002.jpg,1,0.584467,Kristin_Scott,Kristin_Scott,positive
Lauren_Killian_0001.jpg,Lauren_Killian_0002.jpg,1,0.581333,Lauren_Killian,Lauren_Killian,positive
Tora_Takagi_0001.jpg,Tora_Takagi_0002.jpg,1,0.652519,Tora_Takagi,Tora_Takagi,positive
Ana_Claudia_Talancon_0001.jpg,Ana_Claudia_Talancon_0002.jpg,1,0.599472,Ana_Claudia_Talancon,Ana_Claudia_Talancon,positive
Coretta_Scott_King_0001.jpg,Coretta_Scott_King_0003.jpg,1,0.524090,Coretta_Scott_King,Coretta_Scott_King,positive
Donald_Rumsfeld_0001.jpg,Donald_Rumsfeld_0004.jpg,1,0.337705,Donald_Rumsfeld,Donald_Rumsfeld,positive
Catherine_Deneuve_0001.jpg,Catherine_Deneuve_0004.jpg,1,0.296907,Catherine_Deneuve,Catherine_Deneuve,positive
Frank_Griswold_0001.jpg,Frank_Griswold_0003.jpg,1,-0.016065,Frank_Griswold,Frank_Griswold,positive
Glen_Sather_0001.jpg,Glen_Sather_0004.jpg,1,0.469660,Glen_Sather,Glen_Sather,positive
Camilla_Parker_Bowles_0001.jpg,Camilla_Parker_Bowles_0004.jpg,1,0.341864,Camilla_Parker_Bowles,Camilla_Parker_Bowles,positive
Paul_Schrader_0001.jpg,Paul_Schrader_0004.jpg,1,0.434285,Paul_Schrader,Paul_Schrader,positive
Roman_Polanski_0001.jpg,Roman_Polanski_0003.jpg,1,0.511580,Roman_Polanski,Roman_Polanski,positive
Atal_Bihari_Vajpayee_0001.jpg,Atal_Bihari_Vajpayee_0002.jpg,1,0.414471,Atal_Bihari_Vajpayee,Atal_Bihari_Vajpayee,positive
Kathryn_Grayson_0001.jpg,Kathryn_Grayson_0003.jpg,1,0.424648,Kathryn_Grayson,Kathryn_Grayson,positive
Nancy_Sinatra_0001.jpg,Nancy_Sinatra_0004.jpg,1,0.383731,Nancy_Sinatra,Nancy_Sinatra,positive
Warren_Beatty_0001.jpg,Warren_Beatty_0002.jpg,1,0.460603,Warren_Beatty,Warren_Beatty,positive
Yoko_Ono_0001.jpg,Yoko_Ono_0004.jpg,1,0.404968,Yoko_Ono,Yoko_Ono,positive
Charlie_Deane_0001.jpg,Charlie_Deane_0002.jpg,1,0.471453,Charlie_Deane,Charlie_Deane,positive
Robert_Wagner_0001.jpg,Robert_Wagner_0004.jpg,1,0.448484,Robert_Wagner,Robert_Wagner,positive
Boris_Yeltsin_0001.jpg,Boris_Yeltsin_0003.jpg,1,0.368305,Boris_Yeltsin,Boris_Yeltsin,positive
Hugh_Hefner_0001.jpg,Hugh_Hefner_0004.jpg,1,0.420910,Hugh_Hefner,Hugh_Hefner,positive
Jeffrey_Immelt_0001.jpg,Jeffrey_Immelt_0003.jpg,1,0.341501,Jeffrey_Immelt,Jeffrey_Immelt,positive
Theo_Angelopoulos_0001.jpg,Theo_Angelopoulos_0004.jpg,1,0.020724,Theo_Angelopoulos,Theo_Angelopoulos,positive
Ralph_Lauren_0001.jpg,Ralph_Lauren_0003.jpg,1,0.531855,Ralph_Lauren,Ralph_Lauren,positive
Ron_Howard_0001.jpg,Ron_Howard_0004.jpg,1,0.463097,Ron_Howard,Ron_Howard,positive
Ilie_Nastase_0001.jpg,Ilie_Nastase_0004.jpg,1,0.463241,Ilie_Nastase,Ilie_Nastase,positive
Queen_Silvia_0001.jpg,Queen_Silvia_0004.jpg,1,0.525080,Queen_Silvia,Queen_Silvia,positive
Bill_Belichick_0001.jpg,Bill_Belichick_0003.jpg,1,0.403425,Bill_Belichick,Bill_Belichick,positive
Luciano_Pavarotti_0001.jpg,Luciano_Pavarotti_0004.jpg,1,0.330305,Luciano_Pavarotti,Luciano_Pavarotti,positive
Jack_Valenti_0001.jpg,Jack_Valenti_0002.jpg,1,0.432017,Jack_Valenti,Jack_Valenti,positive
Carina_Lau_Ka-ling_0001.jpg,Carina_Lau_Ka-ling_0003.jpg,1,0.441310,Carina_Lau_Ka-ling,Carina_Lau_Ka-ling,positive
Jean_Chretien_0001.jpg,Jean_Chretien_0004.jpg,1,0.512094,Jean_Chretien,Jean_Chretien,positive
Meryl_Streep_0001.jpg,Meryl_Streep_0002.jpg,1,0.401025,Meryl_Streep,Meryl_Streep,positive
Kyra_Sedgwick_0001.jpg,Kyra_Sedgwick_0003.jpg,1,0.466486,Kyra_Sedgwick,Kyra_Sedgwick,positive
Vladimir_Putin_0001.jpg,Vladimir_Putin_0004.jpg,1,0.268820,Vladimir_Putin,Vladimir_Putin,positive
Jerry_Falwell_0001.jpg,Jerry_Falwell_0004.jpg,1,0.373982,Jerry_Falwell,Jerry_Falwell,positive
Harrison_Ford_0001.jpg,Harrison_Ford_0004.jpg,1,0.426693,Harrison_Ford,Harrison_Ford,positive
John_Negroponte_0001.jpg,John_Negroponte_0004.jpg,1,0.566986,John_Negroponte,John_Negroponte,positive
Andy_North_0001.jpg,Andy_North_0002.jpg,1,0.370955,Andy_North,Andy_North,positive
Arlen_Specter_0001.jpg,Arlen_Specter_0003.jpg,1,0.281645,Arlen_Specter,Arlen_Specter,positive
Joseph_Estrada_0001.jpg,Joseph_Estrada_0004.jpg,1,0.386522,Joseph_Estrada,Joseph_Estrada,positive
Princess_Anne_0001.jpg,Princess_Anne_0002.jpg,1,0.564563,Princess_Anne,Princess_Anne,positive
Ronald_Reagan_0001.jpg,Ronald_Reagan_0004.jpg,1,0.514586,Ronald_Reagan,Ronald_Reagan,positive
Barbara_Boxer_0001.jpg,Barbara_Boxer_0004.jpg,1,0.425023,Barbara_Boxer,Barbara_Boxer,positive
Robin_Wright_Penn_0001.jpg,Robin_Wright_Penn_0004.jpg,1,0.467771,Robin_Wright_Penn,Robin_Wright_Penn,positive
Gwen_Stefani_0001.jpg,Gwen_Stefani_0002.jpg,1,0.508020,Gwen_Stefani,Gwen_Stefani,positive
Marta_Dominguz_0001.jpg,Marta_Dominguz_0004.jpg,1,0.514668,Marta_Dominguz,Marta_Dominguz,positive
Rosemarie_Stack_0001.jpg,Rosemarie_Stack_0004.jpg,1,0.452068,Rosemarie_Stack,Rosemarie_Stack,positive
Stanley_McChrystal_0001.jpg,Stanley_McChrystal_0004.jpg,1,0.255491,Stanley_McChrystal,Stanley_McChrystal,positive
Don_Hewitt_0001.jpg,Don_Hewitt_0003.jpg,1,0.578861,Don_Hewitt,Don_Hewitt,positive
Heather_Locklear_0001.jpg,Heather_Locklear_0004.jpg,1,0.301834,Heather_Locklear,Heather_Locklear,positive
Kiki_Vandeweghe_0001.jpg,Kiki_Vandeweghe_0003.jpg,1,0.506041,Kiki_Vandeweghe,Kiki_Vandeweghe,positive
Michelle_Yeoh_0001.jpg,Michelle_Yeoh_0004.jpg,1,0.312163,Michelle_Yeoh,Michelle_Yeoh,positive
Steve_Alford_0001.jpg,Steve_Alford_0004.jpg,1,0.454111,Steve_Alford,Steve_Alford,positive
Susan_Collins_0001.jpg,Susan_Collins_0004.jpg,1,0.064522,Susan_Collins,Susan_Collins,positive
Tessa_Jowell_0001.jpg,Tessa_Jowell_0003.jpg,1,0.465695,Tessa_Jowell,Tessa_Jowell,positive
Courtney_Love_0001.jpg,Courtney_Love_0004.jpg,1,0.468637,Courtney_Love,Courtney_Love,positive
Jack_Nicholson_0001.jpg,Jack_Nicholson_0004.jpg,1,0.633148,Jack_Nicholson,Jack_Nicholson,positive
John_Paul_DeJoria_0001.jpg,John_Paul_DeJoria_0004.jpg,1,0.609559,John_Paul_DeJoria,John_Paul_DeJoria,positive
Muhammad_Saeed_al-Sahhaf_0001.jpg,Muhammad_Saeed_al-Sahhaf_0004.jpg,1,0.113209,Muhammad_Saeed_al-Sahhaf,Muhammad_Saeed_al-Sahhaf,positive
Richard_Gephardt_0001.jpg,Richard_Gephardt_0002.jpg,1,0.643313,Richard_Gephardt,Richard_Gephardt,positive
Shannon_OBrien_0001.jpg,Shannon_OBrien_0002.jpg,1,0.002529,Shannon_OBrien,Shannon_OBrien,positive
Shawn_Bradley_0001.jpg,Shawn_Bradley_0004.jpg,1,0.504234,Shawn_Bradley,Shawn_Bradley,positive
Strom_Thurmond_0001.jpg,Strom_Thurmond_0003.jpg,1,0.320169,Strom_Thurmond,Strom_Thurmond,positive
Britney_Spears_0001.jpg,Britney_Spears_0004.jpg,1,0.412749,Britney_Spears,Britney_Spears,positive
Craig_Burley_0001.jpg,Craig_Burley_0004.jpg,1,0.230604,Craig_Burley,Craig_Burley,positive
Juan_Antonio_Samaranch_0001.jpg,Juan_Antonio_Samaranch_0004.jpg,1,0.230885,Juan_Antonio_Samaranch,Juan_Antonio_Samaranch,positive
Robert_Mugabe_0001.jpg,Robert_Mugabe_0002.jpg,1,0.575554,Robert_Mugabe,Robert_Mugabe,positive
Valery_Giscard_dEstaing_0001.jpg,Valery_Giscard_dEstaing_0004.jpg,1,0.537825,Valery_Giscard_dEstaing,Valery_Giscard_dEstaing,positive
Paul_Shanley_0001.jpg,Paul_Shanley_0002.jpg,1,0.332997,Paul_Shanley,Paul_Shanley,positive
Sourav_Ganguly_0001.jpg,Sourav_Ganguly_0004.jpg,1,0.491572,Sourav_Ganguly,Sourav_Ganguly,positive
Steve_Lavin_0001.jpg,Steve_Lavin_0002.jpg,1,0.507524,Steve_Lavin,Steve_Lavin,positive
Jose_Sarney_0001.jpg,Jose_Sarney_0004.jpg,1,0.609265,Jose_Sarney,Jose_Sarney,positive
Marissa_Jaret_Winokur_0001.jpg,Marissa_Jaret_Winokur_0004.jpg,1,0.590856,Marissa_Jaret_Winokur,Marissa_Jaret_Winokur,positive
Roger_Machado_0001.jpg,Roger_Machado_0003.jpg,1,0.499797,Roger_Machado,Roger_Machado,positive
Terry_Stotts_0001.jpg,Terry_Stotts_0004.jpg,1,0.516315,Terry_Stotts,Terry_Stotts,positive
Brian_Jordan_0001.jpg,Brian_Jordan_0003.jpg,1,0.633838,Brian_Jordan,Brian_Jordan,positive
Daniel_Coats_0001.jpg,Daniel_Coats_0003.jpg,1,0.567778,Daniel_Coats,Daniel_Coats,positive
Gregory_Hines_0001.jpg,Gregory_Hines_0004.jpg,1,0.752884,Gregory_Hines,Gregory_Hines,positive
Jacky_Cheung_0001.jpg,Jacky_Cheung_0003.jpg,1,0.468667,Jacky_Cheung,Jacky_Cheung,positive
Lionel_Hampton_0001.jpg,Lionel_Hampton_0004.jpg,1,0.477284,Lionel_Hampton,Lionel_Hampton,positive
Loretta_Lynn_Harper_0001.jpg,Loretta_Lynn_Harper_0002.jpg,1,0.206093,Loretta_Lynn_Harper,Loretta_Lynn_Harper,positive
Michael_Schumacher_0001.jpg,Michael_Schumacher_0003.jpg,1,0.427596,Michael_Schumacher,Michael_Schumacher,positive
Queen_Beatrix_0001.jpg,Queen_Beatrix_0003.jpg,1,0.519465,Queen_Beatrix,Queen_Beatrix,positive
Rachel_Hunter_0001.jpg,Rachel_Hunter_0004.jpg,1,0.496156,Rachel_Hunter,Rachel_Hunter,positive
Billy_Beane_0001.jpg,Billy_Beane_0002.jpg,1,0.389012,Billy_Beane,Billy_Beane,positive
Chris_Penn_0001.jpg,Chris_Penn_0003.jpg,1,0.571389,Chris_Penn,Chris_Penn,positive
Gary_Leon_Ridgway_0001.jpg,Gary_Leon_Ridgway_0003.jpg,1,0.502985,Gary_Leon_Ridgway,Gary_Leon_Ridgway,positive
Igor_Ivanov_0001.jpg,Igor_Ivanov_0004.jpg,1,0.634743,Igor_Ivanov,Igor_Ivanov,positive
Joaquin_Sanchez_0001.jpg,Joaquin_Sanchez_0004.jpg,1,0.620261,Joaquin_Sanchez,Joaquin_Sanchez,positive
Leslie_Caldwell_0001.jpg,Leslie_Caldwell_0002.jpg,1,0.505001,Leslie_Caldwell,Leslie_Caldwell,positive
Markus_Naslund_0001.jpg,Markus_Naslund_0004.jpg,1,0.576871,Markus_Naslund,Markus_Naslund,positive
Masum_Turker_0001.jpg,Masum_Turker_0003.jpg,1,0.566208,Masum_Turker,Masum_Turker,positive
Patti_Labelle_0001.jpg,Patti_Labelle_0004.jpg,1,0.573333,Patti_Labelle,Patti_Labelle,positive
Queen_Rania_0001.jpg,Queen_Rania_0004.jpg,1,0.282233,Queen_Rania,Queen_Rania,positive
Sharon_Osbourne_0001.jpg,Sharon_Osbourne_0002.jpg,1,0.593087,Sharon_Osbourne,Sharon_Osbourne,positive
Teri_Garr_0001.jpg,Teri_Garr_0003.jpg,1,0.322803,Teri_Garr,Teri_Garr,positive
Toni_Jennings_0001.jpg,Toni_Jennings_0002.jpg,1,0.547546,Toni_Jennings,Toni_Jennings,positive
Vanessa_Williams_0001.jpg,Vanessa_Williams_0004.jpg,1,0.426703,Vanessa_Williams,Vanessa_Williams,positive
Alex_Corretja_0001.jpg,Alex_Corretja_0003.jpg,1,0.506988,Alex_Corretja,Alex_Corretja,positive
Angela_Merkel_0001.jpg,Angela_Merkel_0004.jpg,1,0.442746,Angela_Merkel,Angela_Merkel,positive
Barry_Alvarez_0001.jpg,Barry_Alvarez_0004.jpg,1,0.592617,Barry_Alvarez,Barry_Alvarez,positive
Christina_Aguilera_0001.jpg,Christina_Aguilera_0004.jpg,1,0.487478,Christina_Aguilera,Christina_Aguilera,positive
Daniel_Day-Lewis_0001.jpg,Daniel_Day-Lewis_0003.jpg,1,0.569510,Daniel_Day-Lewis,Daniel_Day-Lewis,positive
Emma_Thompson_0001.jpg,Emma_Thompson_0004.jpg,1,0.633452,Emma_Thompson,Emma_Thompson,positive
Katherine_Harris_0001.jpg,Katherine_Harris_0004.jpg,1,0.045157,Katherine_Harris,Katherine_Harris,positive
Liu_Ye_0001.jpg,Liu_Ye_0004.jpg,1,0.546960,Liu_Ye,Liu_Ye,positive
Martha_Lucia_Ramirez_0001.jpg,Martha_Lucia_Ramirez_0004.jpg,1,0.535094,Martha_Lucia_Ramirez,Martha_Lucia_Ramirez,positive
Susan_Sarandon_0001.jpg,Susan_Sarandon_0004.jpg,1,0.573449,Susan_Sarandon,Susan_Sarandon,positive
Tom_Hanks_0001.jpg,Tom_Hanks_0002.jpg,1,0.644381,Tom_Hanks,Tom_Hanks,positive
Tommy_Franks_0001.jpg,Tommy_Franks_0004.jpg,1,0.099669,Tommy_Franks,Tommy_Franks,positive
Clara_Harris_0001.jpg,Clara_Harris_0004.jpg,1,0.581065,Clara_Harris,Clara_Harris,positive
E_Clay_Shaw_0001.jpg,E_Clay_Shaw_0003.jpg,1,0.657251,E_Clay_Shaw,E_Clay_Shaw,positive
Edwina_Currie_0001.jpg,Edwina_Currie_0002.jpg,1,0.675189,Edwina_Currie,Edwina_Currie,positive
Eric_Hinske_0001.jpg,Eric_Hinske_0004.jpg,1,0.459209,Eric_Hinske,Eric_Hinske,positive
Joe_Nichols_0001.jpg,Joe_Nichols_0004.jpg,1,0.357877,Joe_Nichols,Joe_Nichols,positive
Jon_Corzine_0001.jpg,Jon_Corzine_0002.jpg,1,0.442048,Jon_Corzine,Jon_Corzine,positive
Shane_Reynolds_0001.jpg,Shane_Reynolds_0003.jpg,1,0.550261,Shane_Reynolds,Shane_Reynolds,positive
Stefan_Koubek_0001.jpg,Stefan_Koubek_0004.jpg,1,0.661483,Stefan_Koubek,Stefan_Koubek,positive
Angelina_Jolie_0001.jpg,Angelina_Jolie_0004.jpg,1,0.515398,Angelina_Jolie,Angelina_Jolie,positive
Brad_Brownell_0001.jpg,Brad_Brownell_0003.jpg,1,0.560194,Brad_Brownell,Brad_Brownell,positive
Catriona_Le_May_Doan_0001.jpg,Catriona_Le_May_Doan_0002.jpg,1,0.340916,Catriona_Le_May_Doan,Catriona_Le_May_Doan,positive
Frances_Fisher_0001.jpg,Frances_Fisher_0004.jpg,1,0.644242,Frances_Fisher,Frances_Fisher,positive
John_Rowland_0001.jpg,John_Rowland_0004.jpg,1,0.722812,John_Rowland,John_Rowland,positive
Leo_Mullin_0001.jpg,Leo_Mullin_0002.jpg,1,0.677791,Leo_Mullin,Leo_Mullin,positive
Michael_Bolton_0001.jpg,Michael_Bolton_0003.jpg,1,0.549069,Michael_Bolton,Michael_Bolton,positive
Steve_Kerr_0001.jpg,Steve_Kerr_0004.jpg,1,0.499929,Steve_Kerr,Steve_Kerr,positive
Turner_Stevenson_0001.jpg,Turner_Stevenson_0004.jpg,1,0.392831,Turner_Stevenson,Turner_Stevenson,positive
Darin_Erstad_0001.jpg,Darin_Erstad_0004.jpg,1,0.494105,Darin_Erstad,Darin_Erstad,positive
Emmit_Smith_0001.jpg,Emmit_Smith_0002.jpg,1,0.532726,Emmit_Smith,Emmit_Smith,positive
Ernie_Harwell_0001.jpg,Ernie_Harwell_0002.jpg,1,0.622926,Ernie_Harwell,Ernie_Harwell,positive
Gloria_Macapagal_Arroyo_0001.jpg,Gloria_Macapagal_Arroyo_0003.jpg,1,0.629498,Gloria_Macapagal_Arroyo,Gloria_Macapagal_Arroyo,positive
Kaoru_Hasuike_0001.jpg,Kaoru_Hasuike_0004.jpg,1,0.329955,Kaoru_Hasuike,Kaoru_Hasuike,positive
Li_Zhaoxing_0001.jpg,Li_Zhaoxing_0004.jpg,1,0.687259,Li_Zhaoxing,Li_Zhaoxing,positive
Mark_Kelly_0001.jpg,Mark_Kelly_0003.jpg,1,0.621743,Mark_Kelly,Mark_Kelly,positive
Mark_Philippoussis_0001.jpg,Mark_Philippoussis_0004.jpg,1,0.495772,Mark_Philippoussis,Mark_Philippoussis,positive
Michel_Temer_0001.jpg,Michel_Temer_0002.jpg,1,0.441044,Michel_Temer,Michel_Temer,positive
Phil_Mickelson_0001.jpg,Phil_Mickelson_0004.jpg,1,0.652549,Phil_Mickelson,Phil_Mickelson,positive
Robert_Zoellick_0001.jpg,Robert_Zoellick_0004.jpg,1,0.573277,Robert_Zoellick,Robert_Zoellick,positive
Saburo_Kawabuchi_0001.jpg,Saburo_Kawabuchi_0002.jpg,1,0.392282,Saburo_Kawabuchi,Saburo_Kawabuchi,positive
Diane_Ladd_0001.jpg,Diane_Ladd_0003.jpg,1,0.381079,Diane_Ladd,Diane_Ladd,positive
Frederique_van_der_Wal_0001.jpg,Frederique_van_der_Wal_0004.jpg,1,0.703149,Frederique_van_der_Wal,Frederique_van_der_Wal,positive
Grant_Rossenmeyer_0001.jpg,Grant_Rossenmeyer_0003.jpg,1,0.491557,Grant_Rossenmeyer,Grant_Rossenmeyer,positive
Hamad_Bin_Isa_al-Khalifa_0001.jpg,Hamad_Bin_Isa_al-Khalifa_0004.jpg,1,0.207205,Hamad_Bin_Isa_al-Khalifa,Hamad_Bin_Isa_al-Khalifa,positive
Katie_Holmes_0001.jpg,Katie_Holmes_0004.jpg,1,0.620468,Katie_Holmes,Katie_Holmes,positive
Kirsten_Dunst_0001.jpg,Kirsten_Dunst_0004.jpg,1,0.543331,Kirsten_Dunst,Kirsten_Dunst,positive
Mesut_Yilmaz_0001.jpg,Mesut_Yilmaz_0002.jpg,1,0.573094,Mesut_Yilmaz,Mesut_Yilmaz,positive
Baburam_Bhattari_0001.jpg,Baburam_Bhattari_0002.jpg,1,0.716562,Baburam_Bhattari,Baburam_Bhattari,positive
Dennis_Franchione_0001.jpg,Dennis_Franchione_0002.jpg,1,0.643815,Dennis_Franchione,Dennis_Franchione,positive
Eduard_Shevardnadze_0001.jpg,Eduard_Shevardnadze_0002.jpg,1,0.466785,Eduard_Shevardnadze,Eduard_Shevardnadze,positive
Jake_Plummer_0001.jpg,Jake_Plummer_0004.jpg,1,0.492593,Jake_Plummer,Jake_Plummer,positive
Jennifer_Aniston_0001.jpg,Jennifer_Aniston_0003.jpg,1,0.363224,Jennifer_Aniston,Jennifer_Aniston,positive
Johnny_Depp_0001.jpg,Johnny_Depp_0004.jpg,1,0.579726,Johnny_Depp,Johnny_Depp,positive
Marc_Anthony_0001.jpg,Marc_Anthony_0003.jpg,1,0.700310,Marc_Anthony,Marc_Anthony,positive
Michael_Lopez-Alegria_0001.jpg,Michael_Lopez-Alegria_0003.jpg,1,0.719528,Michael_Lopez-Alegria,Michael_Lopez-Alegria,positive
Radovan_Karadzic_0001.jpg,Radovan_Karadzic_0004.jpg,1,0.654173,Radovan_Karadzic,Radovan_Karadzic,positive
Sergei_Ivanov_0001.jpg,Sergei_Ivanov_0004.jpg,1,0.714713,Sergei_Ivanov,Sergei_Ivanov,positive
Bill_Curry_0001.jpg,Bill_Curry_0002.jpg,1,0.123641,Bill_Curry,Bill_Curry,positive
Enrique_Oliu_0001.jpg,Enrique_Oliu_0002.jpg,1,0.575872,Enrique_Oliu,Enrique_Oliu,positive
George_Gregan_0001.jpg,George_Gregan_0004.jpg,1,0.670538,George_Gregan,George_Gregan,positive
Harvey_Wachsman_0001.jpg,Harvey_Wachsman_0003.jpg,1,0.514204,Harvey_Wachsman,Harvey_Wachsman,positive
John_Abizaid_0001.jpg,John_Abizaid_0004.jpg,1,0.549549,John_Abizaid,John_Abizaid,positive
Jude_Law_0001.jpg,Jude_Law_0004.jpg,1,0.592772,Jude_Law,Jude_Law,positive
Kelly_Clarkson_0001.jpg,Kelly_Clarkson_0004.jpg,1,0.482388,Kelly_Clarkson,Kelly_Clarkson,positive
Michael_Pfleger_0001.jpg,Michael_Pfleger_0003.jpg,1,0.569382,Michael_Pfleger,Michael_Pfleger,positive
Princess_Elisabeth_0001.jpg,Princess_Elisabeth_0002.jpg,1,0.359245,Princess_Elisabeth,Princess_Elisabeth,positive
Robert_Mueller_0001.jpg,Robert_Mueller_0003.jpg,1,0.771681,Robert_Mueller,Robert_Mueller,positive
Roh_Moo-hyun_0001.jpg,Roh_Moo-hyun_0003.jpg,1,0.770186,Roh_Moo-hyun,Roh_Moo-hyun,positive
Roy_Jones_Jr_0001.jpg,Roy_Jones_Jr_0003.jpg,1,0.451387,Roy_Jones_Jr,Roy_Jones_Jr,positive
Sergio_Vieira_De_Mello_0001.jpg,Sergio_Vieira_De_Mello_0004.jpg,1,0.551276,Sergio_Vieira_De_Mello,Sergio_Vieira_De_Mello,positive
Alexander_Rumyantsev_0001.jpg,Alexander_Rumyantsev_0002.jpg,1,0.680106,Alexander_Rumyantsev,Alexander_Rumyantsev,positive
Brian_Lara_0001.jpg,Brian_Lara_0004.jpg,1,0.506215,Brian_Lara,Brian_Lara,positive
Danny_Green_0001.jpg,Danny_Green_0004.jpg,1,0.612574,Danny_Green,Danny_Green,positive
Elsa_Zylberstein_0001.jpg,Elsa_Zylberstein_0004.jpg,1,0.582679,Elsa_Zylberstein,Elsa_Zylberstein,positive
Hal_Gehman_0001.jpg,Hal_Gehman_0002.jpg,1,0.649177,Hal_Gehman,Hal_Gehman,positive
Holly_Hunter_0001.jpg,Holly_Hunter_0004.jpg,1,0.429466,Holly_Hunter,Holly_Hunter,positive
Ilan_Goldfajn_0001.jpg,Ilan_Goldfajn_0004.jpg,1,0.543845,Ilan_Goldfajn,Ilan_Goldfajn,positive
Jade_Jagger_0001.jpg,Jade_Jagger_0004.jpg,1,0.653483,Jade_Jagger,Jade_Jagger,positive
Jason_Statham_0001.jpg,Jason_Statham_0004.jpg,1,0.306594,Jason_Statham,Jason_Statham,positive
Luis_Gonzalez_0001.jpg,Luis_Gonzalez_0004.jpg,1,0.669768,Luis_Gonzalez,Luis_Gonzalez,positive
Natalie_Imbruglia_0001.jpg,Natalie_Imbruglia_0004.jpg,1,0.471914,Natalie_Imbruglia,Natalie_Imbruglia,positive
Natalie_Stewart_0001.jpg,Natalie_Stewart_0002.jpg,1,0.459793,Natalie_Stewart,Natalie_Stewart,positive
Pablo_Latras_0001.jpg,Pablo_Latras_0002.jpg,1,0.605516,Pablo_Latras,Pablo_Latras,positive
Paul_Pierce_0001.jpg,Paul_Pierce_0003.jpg,1,0.431249,Paul_Pierce,Paul_Pierce,positive
Reese_Witherspoon_0001.jpg,Reese_Witherspoon_0004.jpg,1,0.518538,Reese_Witherspoon,Reese_Witherspoon,positive
Sam_Mendes_0001.jpg,Sam_Mendes_0002.jpg,1,0.674202,Sam_Mendes,Sam_Mendes,positive
Sam_Torrance_0001.jpg,Sam_Torrance_0002.jpg,1,0.664991,Sam_Torrance,Sam_Torrance,positive
Ahmed_Qureia_0001.jpg,Ahmed_Qureia_0003.jpg,1,0.684480,Ahmed_Qureia,Ahmed_Qureia,positive
Andrew_Jarecki_0001.jpg,Andrew_Jarecki_0003.jpg,1,0.573070,Andrew_Jarecki,Andrew_Jarecki,positive
Jennifer_Granholm_0001.jpg,Jennifer_Granholm_0004.jpg,1,0.404011,Jennifer_Granholm,Jennifer_Granholm,positive
Juan_Carlos_Ferrero_0001.jpg,Juan_Carlos_Ferrero_0004.jpg,1,0.575698,Juan_Carlos_Ferrero,Juan_Carlos_Ferrero,positive
Kenny_Brack_0001.jpg,Kenny_Brack_0002.jpg,1,0.619042,Kenny_Brack,Kenny_Brack,positive
Madeleine_Albright_0001.jpg,Madeleine_Albright_0004.jpg,1,0.709637,Madeleine_Albright,Madeleine_Albright,positive
Mike_Miller_0001.jpg,Mike_Miller_0004.jpg,1,0.583534,Mike_Miller,Mike_Miller,positive
Ruben_Sierra_0001.jpg,Ruben_Sierra_0003.jpg,1,0.654197,Ruben_Sierra,Ruben_Sierra,positive
Alex_Cabrera_0001.jpg,Alex_Cabrera_0002.jpg,1,0.593210,Alex_Cabrera,Alex_Cabrera,positive
Anthony_LaPaglia_0001.jpg,Anthony_LaPaglia_0004.jpg,1,0.615661,Anthony_LaPaglia,Anthony_LaPaglia,positive
Debra_Messing_0001.jpg,Debra_Messing_0004.jpg,1,0.683312,Debra_Messing,Debra_Messing,positive
Ellen_Saracini_0001.jpg,Ellen_Saracini_0004.jpg,1,0.528912,Ellen_Saracini,Ellen_Saracini,positive
Enrik_Vendt_0001.jpg,Enrik_Vendt_0004.jpg,1,0.624920,Enrik_Vendt,Enrik_Vendt,positive
Gustavo_Franco_0001.jpg,Gustavo_Franco_0004.jpg,1,0.659646,Gustavo_Franco,Gustavo_Franco,positive
John_Mayer_0001.jpg,John_Mayer_0002.jpg,1,0.558467,John_Mayer,John_Mayer,positive
Kofi_Annan_0001.jpg,Kofi_Annan_0002.jpg,1,0.553602,Kofi_Annan,Kofi_Annan,positive
Laurent_Gbagbo_0001.jpg,Laurent_Gbagbo_0003.jpg,1,0.584734,Laurent_Gbagbo,Laurent_Gbagbo,positive
Luis_Gonzalez_Macchi_0001.jpg,Luis_Gonzalez_Macchi_0002.jpg,1,0.631509,Luis_Gonzalez_Macchi,Luis_Gonzalez_Macchi,positive
Phillipe_Comtois_0001.jpg,Phillipe_Comtois_0002.jpg,1,0.701997,Phillipe_Comtois,Phillipe_Comtois,positive
Raja_Zafar-ul-Haq_0001.jpg,Raja_Zafar-ul-Haq_0003.jpg,1,0.717235,Raja_Zafar-ul-Haq,Raja_Zafar-ul-Haq,positive
Victoria_Beckham_0001.jpg,Victoria_Beckham_0004.jpg,1,0.532648,Victoria_Beckham,Victoria_Beckham,positive
Claudine_Farrell_0001.jpg,Claudine_Farrell_0002.jpg,1,0.480842,Claudine_Farrell,Claudine_Farrell,positive
Gwendal_Peizerat_0001.jpg,Gwendal_Peizerat_0004.jpg,1,0.582641,Gwendal_Peizerat,Gwendal_Peizerat,positive
Joerg_Haider_0001.jpg,Joerg_Haider_0004.jpg,1,0.584728,Joerg_Haider,Joerg_Haider,positive
Lance_Bass_0001.jpg,Lance_Bass_0004.jpg,1,0.588972,Lance_Bass,Lance_Bass,positive
Linda_Mason_0001.jpg,Linda_Mason_0002.jpg,1,0.096306,Linda_Mason,Linda_Mason,positive
Liu_Mingkang_0001.jpg,Liu_Mingkang_0002.jpg,1,0.679955,Liu_Mingkang,Liu_Mingkang,positive
Luiz_Inacio_Lula_da_Silva_0001.jpg,Luiz_Inacio_Lula_da_Silva_0004.jpg,1,0.633858,Luiz_Inacio_Lula_da_Silva,Luiz_Inacio_Lula_da_Silva,positive
Randy_Jackson_0001.jpg,Randy_Jackson_0004.jpg,1,0.535784,Randy_Jackson,Randy_Jackson,positive
Sargis_Sargsian_0001.jpg,Sargis_Sargsian_0002.jpg,1,0.504511,Sargis_Sargsian,Sargis_Sargsian,positive
Shinzo_Abe_0001.jpg,Shinzo_Abe_0004.jpg,1,0.695875,Shinzo_Abe,Shinzo_Abe,positive
Yasar_Yakis_0001.jpg,Yasar_Yakis_0002.jpg,1,0.659253,Yasar_Yakis,Yasar_Yakis,positive
AJ_Lamas_0001.jpg,AJ_Lamas_0002.jpg,1,0.651938,AJ_Lamas,AJ_Lamas,positive
Dennis_Kucinich_0001.jpg,Dennis_Kucinich_0002.jpg,1,0.571295,Dennis_Kucinich,Dennis_Kucinich,positive
Gene_Keady_0001.jpg,Gene_Keady_0003.jpg,1,0.572444,Gene_Keady,Gene_Keady,positive
James_Kopp_0001.jpg,James_Kopp_0004.jpg,1,0.605415,James_Kopp,James_Kopp,positive
Jan_Peter_Balkenende_0001.jpg,Jan_Peter_Balkenende_0003.jpg,1,0.536432,Jan_Peter_Balkenende,Jan_Peter_Balkenende,positive
Marina_Kuptsova_0001.jpg,Marina_Kuptsova_0002.jpg,1,0.393631,Marina_Kuptsova,Marina_Kuptsova,positive
Mark_Lazarus_0001.jpg,Mark_Lazarus_0003.jpg,1,0.658733,Mark_Lazarus,Mark_Lazarus,positive
Matt_Anderson_0001.jpg,Matt_Anderson_0002.jpg,1,0.454333,Matt_Anderson,Matt_Anderson,positive
Moshe_Katsav_0001.jpg,Moshe_Katsav_0002.jpg,1,0.612640,Moshe_Katsav,Moshe_Katsav,positive
Nikolay_Davydenko_0001.jpg,Nikolay_Davydenko_0004.jpg,1,0.622130,Nikolay_Davydenko,Nikolay_Davydenko,positive
Phil_Bennett_0001.jpg,Phil_Bennett_0004.jpg,1,0.024649,Phil_Bennett,Phil_Bennett,positive
Rafael_Ramirez_0001.jpg,Rafael_Ramirez_0002.jpg,1,0.639731,Rafael_Ramirez,Rafael_Ramirez,positive
Recep_Tayyip_Erdogan_0001.jpg,Recep_Tayyip_Erdogan_0004.jpg,1,0.742698,Recep_Tayyip_Erdogan,Recep_Tayyip_Erdogan,positive
Roberto_Benigni_0001.jpg,Roberto_Benigni_0004.jpg,1,0.491949,Roberto_Benigni,Roberto_Benigni,positive
Sheila_Fraser_0001.jpg,Sheila_Fraser_0003.jpg,1,-0.016361,Sheila_Fraser,Sheila_Fraser,positive
Sidney_Kimmel_0001.jpg,Sidney_Kimmel_0002.jpg,1,0.713225,Sidney_Kimmel,Sidney_Kimmel,positive
Boris_Trajkovski_0001.jpg,Boris_Trajkovski_0002.jpg,1,0.551610,Boris_Trajkovski,Boris_Trajkovski,positive
Carson_Palmer_0001.jpg,Carson_Palmer_0002.jpg,1,0.689195,Carson_Palmer,Carson_Palmer,positive
Chen_Liang_Yu_0001.jpg,Chen_Liang_Yu_0002.jpg,1,0.631673,Chen_Liang_Yu,Chen_Liang_Yu,positive
Edward_Flynn_0001.jpg,Edward_Flynn_0003.jpg,1,0.637427,Edward_Flynn,Edward_Flynn,positive
Fayssal_Mekdad_0001.jpg,Fayssal_Mekdad_0003.jpg,1,0.758753,Fayssal_Mekdad,Fayssal_Mekdad,positive
Heizo_Takenaka_0001.jpg,Heizo_Takenaka_0002.jpg,1,0.654016,Heizo_Takenaka,Heizo_Takenaka,positive
Kwame_Kilpatrick_0001.jpg,Kwame_Kilpatrick_0003.jpg,1,0.694016,Kwame_Kilpatrick,Kwame_Kilpatrick,positive
Marcus_Gronholm_0001.jpg,Marcus_Gronholm_0004.jpg,1,0.525500,Marcus_Gronholm,Marcus_Gronholm,positive
Monica_Serra_0001.jpg,Monica_Serra_0002.jpg,1,0.630402,Monica_Serra,Monica_Serra,positive
Rodrigo_Rato_0001.jpg,Rodrigo_Rato_0004.jpg,1,0.544573,Rodrigo_Rato,Rodrigo_Rato,positive
Taoufik_Mathlouthi_0001.jpg,Taoufik_Mathlouthi_0002.jpg,1,0.628308,Taoufik_Mathlouthi,Taoufik_Mathlouthi,positive
Tim_Chapman_0001.jpg,Tim_Chapman_0002.jpg,1,0.583292,Tim_Chapman,Tim_Chapman,positive
Amy_Cotton_0001.jpg,Amy_Cotton_0002.jpg,1,0.500656,Amy_Cotton,Amy_Cotton,positive
Brandon_Inge_0001.jpg,Brandon_Inge_0002.jpg,1,0.577234,Brandon_Inge,Brandon_Inge,positive
Gary_Forsee_0001.jpg,Gary_Forsee_0003.jpg,1,0.696219,Gary_Forsee,Gary_Forsee,positive
Jean-Rene_Fourtou_0001.jpg,Jean-Rene_Fourtou_0004.jpg,1,0.685797,Jean-Rene_Fourtou,Jean-Rene_Fourtou,positive
Joan_Claybrook_0001.jpg,Joan_Claybrook_0003.jpg,1,0.696194,Joan_Claybrook,Joan_Claybrook,positive
John_Jumper_0001.jpg,John_Jumper_0003.jpg,1,0.608948,John_Jumper,John_Jumper,positive
Lara_Logan_0001.jpg,Lara_Logan_0004.jpg,1,0.477787,Lara_Logan,Lara_Logan,positive
Martha_Sahagun_de_Fox_0001.jpg,Martha_Sahagun_de_Fox_0004.jpg,1,0.551952,Martha_Sahagun_de_Fox,Martha_Sahagun_de_Fox,positive
Nicanor_Duarte_Frutos_0001.jpg,Nicanor_Duarte_Frutos_0003.jpg,1,0.584400,Nicanor_Duarte_Frutos,Nicanor_Duarte_Frutos,positive
Robert_Ehrlich_0001.jpg,Robert_Ehrlich_0004.jpg,1,0.583073,Robert_Ehrlich,Robert_Ehrlich,positive
Scott_Yates_0001.jpg,Scott_Yates_0002.jpg,1,0.530204,Scott_Yates,Scott_Yates,positive
Ellen_Engleman_0001.jpg,Ellen_Engleman_0002.jpg,1,0.668360,Ellen_Engleman,Ellen_Engleman,positive
Jeannette_Biedermann_0001.jpg,Jeannette_Biedermann_0004.jpg,1,0.584267,Jeannette_Biedermann,Jeannette_Biedermann,positive
Priscilla_Owen_0001.jpg,Priscilla_Owen_0002.jpg,1,0.534026,Priscilla_Owen,Priscilla_Owen,positive
Ray_Romano_0001.jpg,Ray_Romano_0002.jpg,1,0.715719,Ray_Romano,Ray_Romano,positive
Richie_Adubato_0001.jpg,Richie_Adubato_0002.jpg,1,0.508531,Richie_Adubato,Richie_Adubato,positive
Steve_Pagliuca_0001.jpg,Steve_Pagliuca_0002.jpg,1,0.567930,Steve_Pagliuca,Steve_Pagliuca,positive
Ahmet_Necdet_Sezer_0001.jpg,Ahmet_Necdet_Sezer_0002.jpg,1,0.810990,Ahmet_Necdet_Sezer,Ahmet_Necdet_Sezer,positive
Larry_Beinfest_0001.jpg,Larry_Beinfest_0003.jpg,1,0.729076,Larry_Beinfest,Larry_Beinfest,positive
MC_Hammer_0001.jpg,MC_Hammer_0004.jpg,1,0.569920,MC_Hammer,MC_Hammer,positive
Alberto_Ruiz_Gallardon_0001.jpg,Alberto_Ruiz_Gallardon_0002.jpg,1,0.639447,Alberto_Ruiz_Gallardon,Alberto_Ruiz_Gallardon,positive
Calvin_Harrison_0001.jpg,Calvin_Harrison_0002.jpg,1,0.522167,Calvin_Harrison,Calvin_Harrison,positive
Charlotte_Church_0001.jpg,Charlotte_Church_0002.jpg,1,0.556380,Charlotte_Church,Charlotte_Church,positive
Donald_Carty_0001.jpg,Donald_Carty_0002.jpg,1,0.657549,Donald_Carty,Donald_Carty,positive
Edward_Lu_0001.jpg,Edward_Lu_0002.jpg,1,0.722484,Edward_Lu,Edward_Lu,positive
Elizabeth_Shue_0001.jpg,Elizabeth_Shue_0003.jpg,1,0.855130,Elizabeth_Shue,Elizabeth_Shue,positive
Elvis_Stojko_0001.jpg,Elvis_Stojko_0002.jpg,1,0.750241,Elvis_Stojko,Elvis_Stojko,positive
Eric_Lloyd_0001.jpg,Eric_Lloyd_0002.jpg,1,0.576586,Eric_Lloyd,Eric_Lloyd,positive
Jesse_Harris_0001.jpg,Jesse_Harris_0003.jpg,1,0.584982,Jesse_Harris,Jesse_Harris,positive
Joe_Calzaghe_0001.jpg,Joe_Calzaghe_0004.jpg,1,0.627363,Joe_Calzaghe,Joe_Calzaghe,positive
Martha_Beatriz_Roque_0001.jpg,Martha_Beatriz_Roque_0002.jpg,1,0.607330,Martha_Beatriz_Roque,Martha_Beatriz_Roque,positive
Richard_Jewell_0001.jpg,Richard_Jewell_0003.jpg,1,0.538639,Richard_Jewell,Richard_Jewell,positive
Robert_Tyrrell_0001.jpg,Robert_Tyrrell_0002.jpg,1,0.599423,Robert_Tyrrell,Robert_Tyrrell,positive
Teresa_Graves_0001.jpg,Teresa_Graves_0002.jpg,1,0.671625,Teresa_Graves,Teresa_Graves,positive
Bill_Byrne_0001.jpg,Bill_Byrne_0002.jpg,1,0.650974,Bill_Byrne,Bill_Byrne,positive
Bill_Sizemore_0001.jpg,Bill_Sizemore_0002.jpg,1,0.684042,Bill_Sizemore,Bill_Sizemore,positive
Cesar_Maia_0001.jpg,Cesar_Maia_0002.jpg,1,0.713134,Cesar_Maia,Cesar_Maia,positive
Didier_Defago_0001.jpg,Didier_Defago_0002.jpg,1,0.613558,Didier_Defago,Didier_Defago,positive
Du_Qinglin_0001.jpg,Du_Qinglin_0002.jpg,1,0.675537,Du_Qinglin,Du_Qinglin,positive
Ernie_Stewart_0001.jpg,Ernie_Stewart_0002.jpg,1,0.652465,Ernie_Stewart,Ernie_Stewart,positive
Hipolito_Mejia_0001.jpg,Hipolito_Mejia_0004.jpg,1,0.613893,Hipolito_Mejia,Hipolito_Mejia,positive
Jim_Hendry_0001.jpg,Jim_Hendry_0002.jpg,1,0.741938,Jim_Hendry,Jim_Hendry,positive
Jose_Dirceu_0001.jpg,Jose_Dirceu_0002.jpg,1,0.572074,Jose_Dirceu,Jose_Dirceu,positive
Mark_Geragos_0001.jpg,Mark_Geragos_0002.jpg,1,0.627315,Mark_Geragos,Mark_Geragos,positive
Cheryl_Hines_0001.jpg,Cheryl_Hines_0002.jpg,1,0.658703,Cheryl_Hines,Cheryl_Hines,positive
Chin-Hui_Tsao_0001.jpg,Chin-Hui_Tsao_0002.jpg,1,0.535197,Chin-Hui_Tsao,Chin-Hui_Tsao,positive
John_Ferguson_0001.jpg,John_Ferguson_0002.jpg,1,0.703760,John_Ferguson,John_Ferguson,positive
Mike_Helton_0001.jpg,Mike_Helton_0002.jpg,1,0.639037,Mike_Helton,Mike_Helton,positive
Odai_Hussein_0001.jpg,Odai_Hussein_0002.jpg,1,0.682700,Odai_Hussein,Odai_Hussein,positive
Pedro_Pauleta_0001.jpg,Pedro_Pauleta_0002.jpg,1,0.597125,Pedro_Pauleta,Pedro_Pauleta,positive
Rupert_Murdoch_0001.jpg,Rupert_Murdoch_0002.jpg,1,0.569709,Rupert_Murdoch,Rupert_Murdoch,positive
Shimon_Peres_0001.jpg,Shimon_Peres_0002.jpg,1,0.608331,Shimon_Peres,Shimon_Peres,positive
Alan_Mulally_0001.jpg,Alan_Mulally_0002.jpg,1,0.737980,Alan_Mulally,Alan_Mulally,positive
Atsushi_Sato_0001.jpg,Atsushi_Sato_0002.jpg,1,0.644815,Atsushi_Sato,Atsushi_Sato,positive
Carolina_Kluft_0001.jpg,Carolina_Kluft_0002.jpg,1,0.702596,Carolina_Kluft,Carolina_Kluft,positive
Felipe_Perez_Roque_0001.jpg,Felipe_Perez_Roque_0002.jpg,1,0.660111,Felipe_Perez_Roque,Felipe_Perez_Roque,positive
Hannah_Stockbauer_0001.jpg,Hannah_Stockbauer_0002.jpg,1,0.626812,Hannah_Stockbauer,Hannah_Stockbauer,positive
Alfredo_di_Stefano_0001.jpg,Alfredo_di_Stefano_0003.jpg,1,0.480478,Alfredo_di_Stefano,Alfredo_di_Stefano,positive
Barry_Diller_0001.jpg,Barry_Diller_0002.jpg,1,0.472468,Barry_Diller,Barry_Diller,positive
Gerald_Ford_0001.jpg,Gerald_Ford_0004.jpg,1,0.396841,Gerald_Ford,Gerald_Ford,positive
Danny_Glover_0001.jpg,Danny_Glover_0004.jpg,1,0.326572,Danny_Glover,Danny_Glover,positive
Kim_Dae-jung_0001.jpg,Kim_Dae-jung_0004.jpg,1,0.414059,Kim_Dae-jung,Kim_Dae-jung,positive
Richard_Chamberlain_0001.jpg,Richard_Chamberlain_0004.jpg,1,0.364522,Richard_Chamberlain,Richard_Chamberlain,positive
Ion_Tiriac_0001.jpg,Ion_Tiriac_0003.jpg,1,0.485840,Ion_Tiriac,Ion_Tiriac,positive
Roy_Rogers_0001.jpg,Roy_Rogers_0004.jpg,1,0.486856,Roy_Rogers,Roy_Rogers,positive
Arnold_Schwarzenegger_0001.jpg,Arnold_Schwarzenegger_0004.jpg,1,0.376341,Arnold_Schwarzenegger,Arnold_Schwarzenegger,positive
Calista_Flockhart_0001.jpg,Calista_Flockhart_0002.jpg,1,0.643805,Calista_Flockhart,Calista_Flockhart,positive
George_Pataki_0001.jpg,George_Pataki_0002.jpg,1,0.354543,George_Pataki,George_Pataki,positive
John_Kerry_0001.jpg,John_Kerry_0004.jpg,1,0.394661,John_Kerry,John_Kerry,positive
Kurt_Russell_0001.jpg,Kurt_Russell_0004.jpg,1,0.511624,Kurt_Russell,Kurt_Russell,positive
Jerry_Sloan_0001.jpg,Jerry_Sloan_0002.jpg,1,0.401523,Jerry_Sloan,Jerry_Sloan,positive
Charlene_Barshefsky_0001.jpg,Charlene_Barshefsky_0003.jpg,1,0.544183,Charlene_Barshefsky,Charlene_Barshefsky,positive
Claudia_Cardinale_0001.jpg,Claudia_Cardinale_0004.jpg,1,0.238579,Claudia_Cardinale,Claudia_Cardinale,positive
Franz_Beckenbauer_0001.jpg,Franz_Beckenbauer_0004.jpg,1,0.302507,Franz_Beckenbauer,Franz_Beckenbauer,positive
Mario_Lobo_Zagallo_0001.jpg,Mario_Lobo_Zagallo_0002.jpg,1,0.494204,Mario_Lobo_Zagallo,Mario_Lobo_Zagallo,positive
Maurice_Papon_0001.jpg,Maurice_Papon_0004.jpg,1,0.404633,Maurice_Papon,Maurice_Papon,positive
John_Prescott_0001.jpg,John_Prescott_0004.jpg,1,0.421690,John_Prescott,John_Prescott,positive
Tim_Conway_0001.jpg,Tim_Conway_0002.jpg,1,0.397990,Tim_Conway,Tim_Conway,positive
Albert_Brooks_0001.jpg,Albert_Brooks_0004.jpg,1,0.526528,Albert_Brooks,Albert_Brooks,positive
Phil_Donahue_0001.jpg,Phil_Donahue_0003.jpg,1,0.387917,Phil_Donahue,Phil_Donahue,positive
Robert_Redford_0001.jpg,Robert_Redford_0004.jpg,1,0.442667,Robert_Redford,Robert_Redford,positive
Annie_Chaplin_0001.jpg,Annie_Chaplin_0004.jpg,1,0.353251,Annie_Chaplin,Annie_Chaplin,positive
John_McEnroe_0001.jpg,John_McEnroe_0004.jpg,1,0.499203,John_McEnroe,John_McEnroe,positive
Hassanal_Bolkiah_0001.jpg,Hassanal_Bolkiah_0003.jpg,1,0.451357,Hassanal_Bolkiah,Hassanal_Bolkiah,positive
Tom_Craddick_0001.jpg,Tom_Craddick_0004.jpg,1,0.427229,Tom_Craddick,Tom_Craddick,positive
Aline_Chretien_0001.jpg,Aline_Chretien_0004.jpg,1,0.542636,Aline_Chretien,Aline_Chretien,positive
Edward_Seaga_0001.jpg,Edward_Seaga_0003.jpg,1,0.439963,Edward_Seaga,Edward_Seaga,positive
George_Foreman_0001.jpg,George_Foreman_0004.jpg,1,0.529482,George_Foreman,George_Foreman,positive
Matt_LeBlanc_0001.jpg,Matt_LeBlanc_0003.jpg,1,0.581626,Matt_LeBlanc,Matt_LeBlanc,positive
Max_Baucus_0001.jpg,Max_Baucus_0004.jpg,1,0.536245,Max_Baucus,Max_Baucus,positive
Michael_Douglas_0001.jpg,Michael_Douglas_0004.jpg,1,0.577944,Michael_Douglas,Michael_Douglas,positive
Johnny_Unitas_0001.jpg,Johnny_Unitas_0004.jpg,1,0.419242,Johnny_Unitas,Johnny_Unitas,positive
Lou_Piniella_0001.jpg,Lou_Piniella_0004.jpg,1,0.507122,Lou_Piniella,Lou_Piniella,positive
Rick_Stansbury_0001.jpg,Rick_Stansbury_0003.jpg,1,0.617096,Rick_Stansbury,Rick_Stansbury,positive
Veronica_Lake_0001.jpg,Veronica_Lake_0002.jpg,1,0.417140,Veronica_Lake,Veronica_Lake,positive
William_Jackson_0001.jpg,William_Jackson_0002.jpg,1,0.039939,William_Jackson,William_Jackson,positive
Adam_Rich_0001.jpg,Adam_Rich_0003.jpg,1,0.510973,Adam_Rich,Adam_Rich,positive
Bruce_Springsteen_0001.jpg,Bruce_Springsteen_0004.jpg,1,0.468040,Bruce_Springsteen,Bruce_Springsteen,positive
Eric_Clapton_0001.jpg,Eric_Clapton_0004.jpg,1,0.098976,Eric_Clapton,Eric_Clapton,positive
Giulio_Andreotti_0001.jpg,Giulio_Andreotti_0003.jpg,1,0.476669,Giulio_Andreotti,Giulio_Andreotti,positive
Norman_Jewison_0001.jpg,Norman_Jewison_0002.jpg,1,0.475161,Norman_Jewison,Norman_Jewison,positive
Patrice_Chereau_0001.jpg,Patrice_Chereau_0004.jpg,1,0.337538,Patrice_Chereau,Patrice_Chereau,positive
Robert_Duvall_0001.jpg,Robert_Duvall_0004.jpg,1,0.435624,Robert_Duvall,Robert_Duvall,positive
Roger_Clemens_0001.jpg,Roger_Clemens_0003.jpg,1,0.328680,Roger_Clemens,Roger_Clemens,positive
Steve_Spurrier_0001.jpg,Steve_Spurrier_0004.jpg,1,0.461078,Steve_Spurrier,Steve_Spurrier,positive
Billy_Andrade_0001.jpg,Billy_Andrade_0003.jpg,1,0.548787,Billy_Andrade,Billy_Andrade,positive
Branko_Crvenkovski_0001.jpg,Branko_Crvenkovski_0004.jpg,1,0.414379,Branko_Crvenkovski,Branko_Crvenkovski,positive
Jack_Welch_0001.jpg,Jack_Welch_0004.jpg,1,0.563823,Jack_Welch,Jack_Welch,positive
Martin_McGuinness_0001.jpg,Martin_McGuinness_0004.jpg,1,0.614094,Martin_McGuinness,Martin_McGuinness,positive
Mike_Tyson_0001.jpg,Mike_Tyson_0002.jpg,1,0.492214,Mike_Tyson,Mike_Tyson,positive
Bob_Krueger_0001.jpg,Bob_Krueger_0002.jpg,1,0.491733,Bob_Krueger,Bob_Krueger,positive
Guillermo_Coria_0001.jpg,Guillermo_Coria_0004.jpg,1,0.635168,Guillermo_Coria,Guillermo_Coria,positive
James_Coburn_0001.jpg,James_Coburn_0004.jpg,1,0.547118,James_Coburn,James_Coburn,positive
John_Elway_0001.jpg,John_Elway_0003.jpg,1,0.549253,John_Elway,John_Elway,positive
Suzie_McConnell_Serio_0001.jpg,Suzie_McConnell_Serio_0004.jpg,1,0.569476,Suzie_McConnell_Serio,Suzie_McConnell_Serio,positive
Valdas_Adamkus_0001.jpg,Valdas_Adamkus_0004.jpg,1,0.529597,Valdas_Adamkus,Valdas_Adamkus,positive
Amy_Yasbeck_0001.jpg,Amy_Yasbeck_0004.jpg,1,0.501540,Amy_Yasbeck,Amy_Yasbeck,positive
Bing_Crosby_0001.jpg,Bing_Crosby_0003.jpg,1,0.575207,Bing_Crosby,Bing_Crosby,positive
Cameron_Diaz_0001.jpg,Cameron_Diaz_0004.jpg,1,0.573494,Cameron_Diaz,Cameron_Diaz,positive
Julianne_Moore_0001.jpg,Julianne_Moore_0004.jpg,1,0.454618,Julianne_Moore,Julianne_Moore,positive
Katie_Couric_0001.jpg,Katie_Couric_0004.jpg,1,0.555581,Katie_Couric,Katie_Couric,positive
Sadie_Frost_0001.jpg,Sadie_Frost_0004.jpg,1,0.436544,Sadie_Frost,Sadie_Frost,positive
Andrew_Cuomo_0001.jpg,Andrew_Cuomo_0003.jpg,1,0.319566,Andrew_Cuomo,Andrew_Cuomo,positive
Michelle_Kwan_0001.jpg,Michelle_Kwan_0004.jpg,1,0.393058,Michelle_Kwan,Michelle_Kwan,positive
Miguel_Angel_Rodriguez_0001.jpg,Miguel_Angel_Rodriguez_0002.jpg,1,0.013382,Miguel_Angel_Rodriguez,Miguel_Angel_Rodriguez,positive
Sheila_Copps_0001.jpg,Sheila_Copps_0004.jpg,1,0.557699,Sheila_Copps,Sheila_Copps,positive
Steven_Feldman_0001.jpg,Steven_Feldman_0004.jpg,1,-0.016077,Steven_Feldman,Steven_Feldman,positive
William_Rehnquist_0001.jpg,William_Rehnquist_0004.jpg,1,0.540001,William_Rehnquist,William_Rehnquist,positive
Alessandro_Nesta_0001.jpg,Alessandro_Nesta_0004.jpg,1,0.482051,Alessandro_Nesta,Alessandro_Nesta,positive
Bixente_LIzarazu_0001.jpg,Bixente_LIzarazu_0004.jpg,1,0.562937,Bixente_LIzarazu,Bixente_LIzarazu,positive
Michelle_Bachelet_0001.jpg,Michelle_Bachelet_0003.jpg,1,0.688417,Michelle_Bachelet,Michelle_Bachelet,positive
Chuck_Hagel_0001.jpg,Chuck_Hagel_0004.jpg,1,0.515370,Chuck_Hagel,Chuck_Hagel,positive
Edward_Norton_0001.jpg,Edward_Norton_0004.jpg,1,0.730003,Edward_Norton,Edward_Norton,positive
Gonzalo_Sanchez_de_Lozada_0001.jpg,Gonzalo_Sanchez_de_Lozada_0004.jpg,1,0.074136,Gonzalo_Sanchez_de_Lozada,Gonzalo_Sanchez_de_Lozada,positive
Michael_Chiklis_0001.jpg,Michael_Chiklis_0003.jpg,1,0.455093,Michael_Chiklis,Michael_Chiklis,positive
Paula_Abdul_0001.jpg,Paula_Abdul_0002.jpg,1,0.569023,Paula_Abdul,Paula_Abdul,positive
Sarah_Michelle_Gellar_0001.jpg,Sarah_Michelle_Gellar_0004.jpg,1,0.509784,Sarah_Michelle_Gellar,Sarah_Michelle_Gellar,positive
Carol_Moseley_Braun_0001.jpg,Carol_Moseley_Braun_0004.jpg,1,0.655165,Carol_Moseley_Braun,Carol_Moseley_Braun,positive
Ciro_Gomes_0001.jpg,Ciro_Gomes_0004.jpg,1,0.562820,Ciro_Gomes,Ciro_Gomes,positive
Graciano_Rocchigiani_0001.jpg,Graciano_Rocchigiani_0004.jpg,1,0.556105,Graciano_Rocchigiani,Graciano_Rocchigiani,positive
Kenny_Chesney_0001.jpg,Kenny_Chesney_0004.jpg,1,0.466200,Kenny_Chesney,Kenny_Chesney,positive
Nicolas_Macrozonaris_0001.jpg,Nicolas_Macrozonaris_0003.jpg,1,0.538536,Nicolas_Macrozonaris,Nicolas_Macrozonaris,positive
Pascal_Quignard_0001.jpg,Pascal_Quignard_0004.jpg,1,0.549888,Pascal_Quignard,Pascal_Quignard,positive
Suzanne_Somers_0001.jpg,Suzanne_Somers_0004.jpg,1,0.331428,Suzanne_Somers,Suzanne_Somers,positive
Tracee_Ellis_Ross_0001.jpg,Tracee_Ellis_Ross_0004.jpg,1,0.257535,Tracee_Ellis_Ross,Tracee_Ellis_Ross,positive
Debbie_Allen_0001.jpg,Debbie_Allen_0004.jpg,1,0.715074,Debbie_Allen,Debbie_Allen,positive
Gregory_Geoffroy_0001.jpg,Gregory_Geoffroy_0004.jpg,1,0.601599,Gregory_Geoffroy,Gregory_Geoffroy,positive
Jamie_Lee_Curtis_0001.jpg,Jamie_Lee_Curtis_0004.jpg,1,0.502347,Jamie_Lee_Curtis,Jamie_Lee_Curtis,positive
John_Malkovich_0001.jpg,John_Malkovich_0004.jpg,1,0.499198,John_Malkovich,John_Malkovich,positive
Platon_Lebedev_0001.jpg,Platon_Lebedev_0004.jpg,1,0.620768,Platon_Lebedev,Platon_Lebedev,positive
Steve_Coogan_0001.jpg,Steve_Coogan_0004.jpg,1,0.583934,Steve_Coogan,Steve_Coogan,positive
Tim_Robbins_0001.jpg,Tim_Robbins_0004.jpg,1,0.556047,Tim_Robbins,Tim_Robbins,positive
Brandon_Knight_0001.jpg,Brandon_Knight_0002.jpg,1,0.396607,Brandon_Knight,Brandon_Knight,positive
Clive_Lloyd_0001.jpg,Clive_Lloyd_0004.jpg,1,0.431128,Clive_Lloyd,Clive_Lloyd,positive
Milton_Wynants_0001.jpg,Milton_Wynants_0004.jpg,1,0.630374,Milton_Wynants,Milton_Wynants,positive
Nancy_Pelosi_0001.jpg,Nancy_Pelosi_0003.jpg,1,0.634250,Nancy_Pelosi,Nancy_Pelosi,positive
Patrick_Ewing_0001.jpg,Patrick_Ewing_0004.jpg,1,0.593716,Patrick_Ewing,Patrick_Ewing,positive
Pedro_Malan_0001.jpg,Pedro_Malan_0004.jpg,1,0.595888,Pedro_Malan,Pedro_Malan,positive
Richard_Krajicek_0001.jpg,Richard_Krajicek_0004.jpg,1,0.526209,Richard_Krajicek,Richard_Krajicek,positive
Steve_McManaman_0001.jpg,Steve_McManaman_0003.jpg,1,0.458319,Steve_McManaman,Steve_McManaman,positive
Chris_Moore_0001.jpg,Chris_Moore_0002.jpg,1,0.014802,Chris_Moore,Chris_Moore,positive
Hal_Sutton_0001.jpg,Hal_Sutton_0004.jpg,1,0.511499,Hal_Sutton,Hal_Sutton,positive
Jean-Claude_Trichet_0001.jpg,Jean-Claude_Trichet_0004.jpg,1,0.572381,Jean-Claude_Trichet,Jean-Claude_Trichet,positive
Jean_Charest_0001.jpg,Jean_Charest_0004.jpg,1,0.401580,Jean_Charest,Jean_Charest,positive
Lene_Espersen_0001.jpg,Lene_Espersen_0004.jpg,1,0.501308,Lene_Espersen,Lene_Espersen,positive
Michael_Goldrich_0001.jpg,Michael_Goldrich_0002.jpg,1,0.583660,Michael_Goldrich,Michael_Goldrich,positive
William_Webster_0001.jpg,William_Webster_0004.jpg,1,0.298812,William_Webster,William_Webster,positive
Aleksander_Kwasniewski_0001.jpg,Aleksander_Kwasniewski_0002.jpg,1,0.621508,Aleksander_Kwasniewski,Aleksander_Kwasniewski,positive
Chris_Neil_0001.jpg,Chris_Neil_0002.jpg,1,0.423012,Chris_Neil,Chris_Neil,positive
Filippo_Inzaghi_0001.jpg,Filippo_Inzaghi_0002.jpg,1,0.670414,Filippo_Inzaghi,Filippo_Inzaghi,positive
Gary_Bergeron_0001.jpg,Gary_Bergeron_0002.jpg,1,-0.022218,Gary_Bergeron,Gary_Bergeron,positive
George_McCloud_0001.jpg,George_McCloud_0002.jpg,1,0.594956,George_McCloud,George_McCloud,positive
Gustavo_Cisneros_0001.jpg,Gustavo_Cisneros_0002.jpg,1,0.594924,Gustavo_Cisneros,Gustavo_Cisneros,positive
Justin_Timberlake_0001.jpg,Justin_Timberlake_0004.jpg,1,0.616947,Justin_Timberlake,Justin_Timberlake,positive
Larry_Ellison_0001.jpg,Larry_Ellison_0004.jpg,1,0.594249,Larry_Ellison,Larry_Ellison,positive
Marco_Pantani_0001.jpg,Marco_Pantani_0004.jpg,1,0.533825,Marco_Pantani,Marco_Pantani,positive
Raymond_Odierno_0001.jpg,Raymond_Odierno_0003.jpg,1,0.591015,Raymond_Odierno,Raymond_Odierno,positive
Rick_Bragg_0001.jpg,Rick_Bragg_0004.jpg,1,0.620183,Rick_Bragg,Rick_Bragg,positive
Sanjay_Gupta_0001.jpg,Sanjay_Gupta_0004.jpg,1,0.590284,Sanjay_Gupta,Sanjay_Gupta,positive
Vivica_Fox_0001.jpg,Vivica_Fox_0002.jpg,1,0.112972,Vivica_Fox,Vivica_Fox,positive
Daniel_Montenegro_0001.jpg,Daniel_Montenegro_0003.jpg,1,0.518012,Daniel_Montenegro,Daniel_Montenegro,positive
Fernando_Gonzalez_0001.jpg,Fernando_Gonzalez_0004.jpg,1,0.484101,Fernando_Gonzalez,Fernando_Gonzalez,positive
Horst_Koehler_0001.jpg,Horst_Koehler_0002.jpg,1,0.643766,Horst_Koehler,Horst_Koehler,positive
Jean-Claude_Braquet_0001.jpg,Jean-Claude_Braquet_0002.jpg,1,-0.015152,Jean-Claude_Braquet,Jean-Claude_Braquet,positive
Julio_Iglesias_Jr_0001.jpg,Julio_Iglesias_Jr_0004.jpg,1,0.548618,Julio_Iglesias_Jr,Julio_Iglesias_Jr,positive
Li_Peng_0001.jpg,Li_Peng_0002.jpg,1,0.470631,Li_Peng,Li_Peng,positive
Luke_Walton_0001.jpg,Luke_Walton_0004.jpg,1,0.706159,Luke_Walton,Luke_Walton,positive
Martin_Luther_King_III_0001.jpg,Martin_Luther_King_III_0004.jpg,1,0.590525,Martin_Luther_King_III,Martin_Luther_King_III,positive
Michael_Leavitt_0001.jpg,Michael_Leavitt_0004.jpg,1,0.656241,Michael_Leavitt,Michael_Leavitt,positive
Mohammed_Al_Hindi_0001.jpg,Mohammed_Al_Hindi_0003.jpg,1,0.057666,Mohammed_Al_Hindi,Mohammed_Al_Hindi,positive
Rainer_Schuettler_0001.jpg,Rainer_Schuettler_0004.jpg,1,0.605806,Rainer_Schuettler,Rainer_Schuettler,positive
Ray_Lewis_0001.jpg,Ray_Lewis_0003.jpg,1,0.514161,Ray_Lewis,Ray_Lewis,positive
Rob_Marshall_0001.jpg,Rob_Marshall_0004.jpg,1,0.047422,Rob_Marshall,Rob_Marshall,positive
Saparmurat_Niyazov_0001.jpg,Saparmurat_Niyazov_0004.jpg,1,0.598341,Saparmurat_Niyazov,Saparmurat_Niyazov,positive
Sasha_Cohen_0001.jpg,Sasha_Cohen_0003.jpg,1,0.606514,Sasha_Cohen,Sasha_Cohen,positive
Sven_Goran_Eriksson_0001.jpg,Sven_Goran_Eriksson_0003.jpg,1,0.519027,Sven_Goran_Eriksson,Sven_Goran_Eriksson,positive
Adrian_Fernandez_0001.jpg,Adrian_Fernandez_0003.jpg,1,0.481079,Adrian_Fernandez,Adrian_Fernandez,positive
Blythe_Danner_0001.jpg,Blythe_Danner_0004.jpg,1,0.658160,Blythe_Danner,Blythe_Danner,positive
Colin_Montgomerie_0001.jpg,Colin_Montgomerie_0003.jpg,1,0.483125,Colin_Montgomerie,Colin_Montgomerie,positive
Fabiola_Zuluaga_0001.jpg,Fabiola_Zuluaga_0002.jpg,1,0.486478,Fabiola_Zuluaga,Fabiola_Zuluaga,positive
Guangdong_Ou_Guangyuan_0001.jpg,Guangdong_Ou_Guangyuan_0002.jpg,1,0.686429,Guangdong_Ou_Guangyuan,Guangdong_Ou_Guangyuan,positive
Ilan_Ramon_0001.jpg,Ilan_Ramon_0004.jpg,1,0.457728,Ilan_Ramon,Ilan_Ramon,positive
Joaquim_Levy_0001.jpg,Joaquim_Levy_0003.jpg,1,0.561414,Joaquim_Levy,Joaquim_Levy,positive
Jose_Maria_Aznar_0001.jpg,Jose_Maria_Aznar_0004.jpg,1,0.651310,Jose_Maria_Aznar,Jose_Maria_Aznar,positive
Kirk_Johnson_0001.jpg,Kirk_Johnson_0002.jpg,1,0.385106,Kirk_Johnson,Kirk_Johnson,positive
Larry_Coker_0001.jpg,Larry_Coker_0004.jpg,1,0.027912,Larry_Coker,Larry_Coker,positive
Lee_Hoi-chang_0001.jpg,Lee_Hoi-chang_0003.jpg,1,0.566615,Lee_Hoi-chang,Lee_Hoi-chang,positive
Michael_Kostelnik_0001.jpg,Michael_Kostelnik_0002.jpg,1,0.641128,Michael_Kostelnik,Michael_Kostelnik,positive
Mike_Montgomery_0001.jpg,Mike_Montgomery_0002.jpg,1,0.617760,Mike_Montgomery,Mike_Montgomery,positive
Tyrone_Medley_0001.jpg,Tyrone_Medley_0002.jpg,1,0.626544,Tyrone_Medley,Tyrone_Medley,positive
Amanda_Beard_0001.jpg,Amanda_Beard_0002.jpg,1,0.715608,Amanda_Beard,Amanda_Beard,positive
Antanas_Valionis_0001.jpg,Antanas_Valionis_0002.jpg,1,0.577062,Antanas_Valionis,Antanas_Valionis,positive
Barbara_Becker_0001.jpg,Barbara_Becker_0002.jpg,1,0.527016,Barbara_Becker,Barbara_Becker,positive
Bill_Guerin_0001.jpg,Bill_Guerin_0002.jpg,1,0.605102,Bill_Guerin,Bill_Guerin,positive
David_Wolf_0001.jpg,David_Wolf_0002.jpg,1,0.689667,David_Wolf,David_Wolf,positive
Elena_Bereznaya_0001.jpg,Elena_Bereznaya_0002.jpg,1,0.472038,Elena_Bereznaya,Elena_Bereznaya,positive
Emanuel_Ginobili_0001.jpg,Emanuel_Ginobili_0004.jpg,1,0.578382,Emanuel_Ginobili,Emanuel_Ginobili,positive
Felix_Trinidad_0001.jpg,Felix_Trinidad_0004.jpg,1,0.586586,Felix_Trinidad,Felix_Trinidad,positive
Horacio_Julio_Pina_0001.jpg,Horacio_Julio_Pina_0002.jpg,1,0.576693,Horacio_Julio_Pina,Horacio_Julio_Pina,positive
Keiko_Sofia_Fujimori_0001.jpg,Keiko_Sofia_Fujimori_0003.jpg,1,0.592530,Keiko_Sofia_Fujimori,Keiko_Sofia_Fujimori,positive
Kelly_Osbourne_0001.jpg,Kelly_Osbourne_0003.jpg,1,0.729770,Kelly_Osbourne,Kelly_Osbourne,positive
Mary_Bono_0001.jpg,Mary_Bono_0004.jpg,1,0.569475,Mary_Bono,Mary_Bono,positive
Meles_Zenawi_0001.jpg,Meles_Zenawi_0004.jpg,1,0.415717,Meles_Zenawi,Meles_Zenawi,positive
Mona_Locke_0001.jpg,Mona_Locke_0002.jpg,1,0.365365,Mona_Locke,Mona_Locke,positive
Nona_Gaye_0001.jpg,Nona_Gaye_0002.jpg,1,0.088429,Nona_Gaye,Nona_Gaye,positive
Sebastian_Cuattrin_0001.jpg,Sebastian_Cuattrin_0002.jpg,1,0.629754,Sebastian_Cuattrin,Sebastian_Cuattrin,positive
Bartosz_Kizierowski_0001.jpg,Bartosz_Kizierowski_0002.jpg,1,0.444704,Bartosz_Kizierowski,Bartosz_Kizierowski,positive
Brajesh_Mishra_0001.jpg,Brajesh_Mishra_0003.jpg,1,0.644153,Brajesh_Mishra,Brajesh_Mishra,positive
Charlie_Hunnam_0001.jpg,Charlie_Hunnam_0004.jpg,1,0.630082,Charlie_Hunnam,Charlie_Hunnam,positive
Jefferson_Perez_0001.jpg,Jefferson_Perez_0004.jpg,1,0.651547,Jefferson_Perez,Jefferson_Perez,positive
John_Baldacci_0001.jpg,John_Baldacci_0003.jpg,1,0.641817,John_Baldacci,John_Baldacci,positive
Kathleen_Glynn_0001.jpg,Kathleen_Glynn_0004.jpg,1,0.535346,Kathleen_Glynn,Kathleen_Glynn,positive
Mahmoud_Diyab_al-Ahmed_0001.jpg,Mahmoud_Diyab_al-Ahmed_0002.jpg,1,-0.035434,Mahmoud_Diyab_al-Ahmed,Mahmoud_Diyab_al-Ahmed,positive
Nadia_Petrova_0001.jpg,Nadia_Petrova_0004.jpg,1,0.558847,Nadia_Petrova,Nadia_Petrova,positive
Shannyn_Sossamon_0001.jpg,Shannyn_Sossamon_0002.jpg,1,0.684904,Shannyn_Sossamon,Shannyn_Sossamon,positive
Stella_McCartney_0001.jpg,Stella_McCartney_0004.jpg,1,0.525993,Stella_McCartney,Stella_McCartney,positive
Steve_Redgrave_0001.jpg,Steve_Redgrave_0004.jpg,1,0.655676,Steve_Redgrave,Steve_Redgrave,positive
Stuart_Townsend_0001.jpg,Stuart_Townsend_0002.jpg,1,0.546054,Stuart_Townsend,Stuart_Townsend,positive
Bill_Richardson_0001.jpg,Bill_Richardson_0004.jpg,1,0.670240,Bill_Richardson,Bill_Richardson,positive
Brian_Schneider_0001.jpg,Brian_Schneider_0003.jpg,1,0.527861,Brian_Schneider,Brian_Schneider,positive
Francis_George_0001.jpg,Francis_George_0002.jpg,1,0.035648,Francis_George,Francis_George,positive
Julie_Goodenough_0001.jpg,Julie_Goodenough_0002.jpg,1,0.592326,Julie_Goodenough,Julie_Goodenough,positive
Kathryn_Morris_0001.jpg,Kathryn_Morris_0004.jpg,1,0.665823,Kathryn_Morris,Kathryn_Morris,positive
Michelle_Branch_0001.jpg,Michelle_Branch_0002.jpg,1,0.474161,Michelle_Branch,Michelle_Branch,positive
Muammar_Gaddafi_0001.jpg,Muammar_Gaddafi_0002.jpg,1,0.509241,Muammar_Gaddafi,Muammar_Gaddafi,positive
Nicole_Hiltz_0001.jpg,Nicole_Hiltz_0002.jpg,1,0.642473,Nicole_Hiltz,Nicole_Hiltz,positive
Shoshannah_Stern_0001.jpg,Shoshannah_Stern_0004.jpg,1,0.595937,Shoshannah_Stern,Shoshannah_Stern,positive
Steve_Nash_0001.jpg,Steve_Nash_0004.jpg,1,0.524026,Steve_Nash,Steve_Nash,positive
Steve_Waugh_0001.jpg,Steve_Waugh_0004.jpg,1,0.723240,Steve_Waugh,Steve_Waugh,positive
Tatiana_Kennedy_Schlossberg_0001.jpg,Tatiana_Kennedy_Schlossberg_0002.jpg,1,0.629828,Tatiana_Kennedy_Schlossberg,Tatiana_Kennedy_Schlossberg,positive
Uday_Hussein_0001.jpg,Uday_Hussein_0004.jpg,1,0.604452,Uday_Hussein,Uday_Hussein,positive
Zach_Parise_0001.jpg,Zach_Parise_0002.jpg,1,0.526540,Zach_Parise,Zach_Parise,positive
Brigitte_Boisselier_0001.jpg,Brigitte_Boisselier_0002.jpg,1,0.300878,Brigitte_Boisselier,Brigitte_Boisselier,positive
Elisha_Cuthbert_0001.jpg,Elisha_Cuthbert_0004.jpg,1,0.516657,Elisha_Cuthbert,Elisha_Cuthbert,positive
George_Roy_Hill_0001.jpg,George_Roy_Hill_0003.jpg,1,0.507831,George_Roy_Hill,George_Roy_Hill,positive
Gordana_Grubin_0001.jpg,Gordana_Grubin_0002.jpg,1,0.654055,Gordana_Grubin,Gordana_Grubin,positive
Joy_Bryant_0001.jpg,Joy_Bryant_0002.jpg,1,0.454962,Joy_Bryant,Joy_Bryant,positive
Mark_Foley_0001.jpg,Mark_Foley_0003.jpg,1,0.724352,Mark_Foley,Mark_Foley,positive
Nicklas_Lidstrom_0001.jpg,Nicklas_Lidstrom_0003.jpg,1,0.745807,Nicklas_Lidstrom,Nicklas_Lidstrom,positive
Scott_Rolen_0001.jpg,Scott_Rolen_0003.jpg,1,0.542510,Scott_Rolen,Scott_Rolen,positive
Tab_Baldwin_0001.jpg,Tab_Baldwin_0004.jpg,1,0.644025,Tab_Baldwin,Tab_Baldwin,positive
William_Ford_Jr_0001.jpg,William_Ford_Jr_0002.jpg,1,0.579195,William_Ford_Jr,William_Ford_Jr,positive
Abraham_Foxman_0001.jpg,Abraham_Foxman_0004.jpg,1,0.680579,Abraham_Foxman,Abraham_Foxman,positive
Bernard_Lord_0001.jpg,Bernard_Lord_0002.jpg,1,0.716928,Bernard_Lord,Bernard_Lord,positive
Bill_Herrion_0001.jpg,Bill_Herrion_0002.jpg,1,0.588488,Bill_Herrion,Bill_Herrion,positive
Carla_Gugino_0001.jpg,Carla_Gugino_0004.jpg,1,0.570740,Carla_Gugino,Carla_Gugino,positive
Charles_Tannok_0001.jpg,Charles_Tannok_0002.jpg,1,0.786857,Charles_Tannok,Charles_Tannok,positive
Christine_Arron_0001.jpg,Christine_Arron_0004.jpg,1,0.646754,Christine_Arron,Christine_Arron,positive
Faye_Dunaway_0001.jpg,Faye_Dunaway_0003.jpg,1,0.589790,Faye_Dunaway,Faye_Dunaway,positive
Jay_Garner_0001.jpg,Jay_Garner_0002.jpg,1,0.650482,Jay_Garner,Jay_Garner,positive
Jeff_Bzdelik_0001.jpg,Jeff_Bzdelik_0004.jpg,1,0.710306,Jeff_Bzdelik,Jeff_Bzdelik,positive
Justine_Pasek_0001.jpg,Justine_Pasek_0002.jpg,1,0.576415,Justine_Pasek,Justine_Pasek,positive
Kyle_McLaren_0001.jpg,Kyle_McLaren_0002.jpg,1,0.624946,Kyle_McLaren,Kyle_McLaren,positive
Lena_Olin_0001.jpg,Lena_Olin_0003.jpg,1,0.680148,Lena_Olin,Lena_Olin,positive
Lucio_Gutierrez_0001.jpg,Lucio_Gutierrez_0004.jpg,1,0.381605,Lucio_Gutierrez,Lucio_Gutierrez,positive
Luis_Figo_0001.jpg,Luis_Figo_0004.jpg,1,0.733818,Luis_Figo,Luis_Figo,positive
Munir_Akram_0001.jpg,Munir_Akram_0003.jpg,1,0.485497,Munir_Akram,Munir_Akram,positive
Nia_Vardalos_0001.jpg,Nia_Vardalos_0003.jpg,1,0.677078,Nia_Vardalos,Nia_Vardalos,positive
Nicole_0001.jpg,Nicole_0002.jpg,1,0.411275,Nicole,Nicole,positive
Ralph_Goodale_0001.jpg,Ralph_Goodale_0002.jpg,1,0.647723,Ralph_Goodale,Ralph_Goodale,positive
Robinson_Stevenin_0001.jpg,Robinson_Stevenin_0004.jpg,1,0.651800,Robinson_Stevenin,Robinson_Stevenin,positive
Ty_Votaw_0001.jpg,Ty_Votaw_0003.jpg,1,0.523031,Ty_Votaw,Ty_Votaw,positive
William_Morrow_0001.jpg,William_Morrow_0002.jpg,1,-0.019795,William_Morrow,William_Morrow,positive
Abdel_Aziz_Al-Hakim_0001.jpg,Abdel_Aziz_Al-Hakim_0002.jpg,1,0.389704,Abdel_Aziz_Al-Hakim,Abdel_Aziz_Al-Hakim,positive
Barbora_Strycova_0001.jpg,Barbora_Strycova_0002.jpg,1,0.584865,Barbora_Strycova,Barbora_Strycova,positive
Cliff_Ellis_0001.jpg,Cliff_Ellis_0002.jpg,1,0.629704,Cliff_Ellis,Cliff_Ellis,positive
Dennis_Powell_0001.jpg,Dennis_Powell_0002.jpg,1,0.605354,Dennis_Powell,Dennis_Powell,positive
Ed_Case_0001.jpg,Ed_Case_0003.jpg,1,0.550838,Ed_Case,Ed_Case,positive
Gustavo_Noboa_0001.jpg,Gustavo_Noboa_0002.jpg,1,0.731773,Gustavo_Noboa,Gustavo_Noboa,positive
Harland_Braun_0001.jpg,Harland_Braun_0002.jpg,1,0.582199,Harland_Braun,Harland_Braun,positive
Hitoshi_Tanaka_0001.jpg,Hitoshi_Tanaka_0002.jpg,1,0.606033,Hitoshi_Tanaka,Hitoshi_Tanaka,positive
Howard_Schultz_0001.jpg,Howard_Schultz_0004.jpg,1,0.593741,Howard_Schultz,Howard_Schultz,positive
Javier_Solana_0001.jpg,Javier_Solana_0003.jpg,1,0.614958,Javier_Solana,Javier_Solana,positive
LeBron_James_0001.jpg,LeBron_James_0004.jpg,1,0.573425,LeBron_James,LeBron_James,positive
Lucio_Angulo_0001.jpg,Lucio_Angulo_0002.jpg,1,0.578787,Lucio_Angulo,Lucio_Angulo,positive
Marat_Safin_0001.jpg,Marat_Safin_0004.jpg,1,0.652237,Marat_Safin,Marat_Safin,positive
Minnie_Driver_0001.jpg,Minnie_Driver_0004.jpg,1,0.627002,Minnie_Driver,Minnie_Driver,positive
Oliver_Phelps_0001.jpg,Oliver_Phelps_0004.jpg,1,0.499023,Oliver_Phelps,Oliver_Phelps,positive
Sebastian_Porto_0001.jpg,Sebastian_Porto_0004.jpg,1,0.051504,Sebastian_Porto,Sebastian_Porto,positive
Shane_Mosley_0001.jpg,Shane_Mosley_0004.jpg,1,0.648576,Shane_Mosley,Shane_Mosley,positive
Shia_LaBeouf_0001.jpg,Shia_LaBeouf_0004.jpg,1,0.442055,Shia_LaBeouf,Shia_LaBeouf,positive
Sybille_Schmid_0001.jpg,Sybille_Schmid_0002.jpg,1,0.080379,Sybille_Schmid,Sybille_Schmid,positive
Takeo_Hiranuma_0001.jpg,Takeo_Hiranuma_0003.jpg,1,0.658996,Takeo_Hiranuma,Takeo_Hiranuma,positive
Billy_Crawford_0001.jpg,Billy_Crawford_0002.jpg,1,0.663152,Billy_Crawford,Billy_Crawford,positive
Bob_Hartley_0001.jpg,Bob_Hartley_0004.jpg,1,0.631451,Bob_Hartley,Bob_Hartley,positive
Chris_Noth_0001.jpg,Chris_Noth_0003.jpg,1,0.728537,Chris_Noth,Chris_Noth,positive
Gorden_Tallis_0001.jpg,Gorden_Tallis_0002.jpg,1,0.608775,Gorden_Tallis,Gorden_Tallis,positive
Mark_Podlesny_0001.jpg,Mark_Podlesny_0002.jpg,1,0.730671,Mark_Podlesny,Mark_Podlesny,positive
Morris_Dees_0001.jpg,Morris_Dees_0002.jpg,1,0.404905,Morris_Dees,Morris_Dees,positive
Steve_Patterson_0001.jpg,Steve_Patterson_0002.jpg,1,0.488935,Steve_Patterson,Steve_Patterson,positive
Venus_Williams_0001.jpg,Venus_Williams_0002.jpg,1,0.617530,Venus_Williams,Venus_Williams,positive
David_Trimble_0001.jpg,David_Trimble_0004.jpg,1,0.603273,David_Trimble,David_Trimble,positive
Franz_Muentefering_0001.jpg,Franz_Muentefering_0003.jpg,1,0.791780,Franz_Muentefering,Franz_Muentefering,positive
Hamid_Karzai_0001.jpg,Hamid_Karzai_0002.jpg,1,0.652061,Hamid_Karzai,Hamid_Karzai,positive
Joxel_Garcia_0001.jpg,Joxel_Garcia_0003.jpg,1,0.695584,Joxel_Garcia,Joxel_Garcia,positive
Kellie_Coffey_0001.jpg,Kellie_Coffey_0003.jpg,1,0.625721,Kellie_Coffey,Kellie_Coffey,positive
Lindsay_Benko_0001.jpg,Lindsay_Benko_0002.jpg,1,0.664409,Lindsay_Benko,Lindsay_Benko,positive
Nawabzada_Nasrullah_Khan_0001.jpg,Nawabzada_Nasrullah_Khan_0002.jpg,1,0.593839,Nawabzada_Nasrullah_Khan,Nawabzada_Nasrullah_Khan,positive
Rick_Caruso_0001.jpg,Rick_Caruso_0004.jpg,1,0.634287,Rick_Caruso,Rick_Caruso,positive
Wycliffe_Grousbeck_0001.jpg,Wycliffe_Grousbeck_0004.jpg,1,0.665629,Wycliffe_Grousbeck,Wycliffe_Grousbeck,positive
Zaini_Abdullah_0001.jpg,Zaini_Abdullah_0002.jpg,1,0.673302,Zaini_Abdullah,Zaini_Abdullah,positive
Aleksander_Voloshin_0001.jpg,Aleksander_Voloshin_0002.jpg,1,0.734671,Aleksander_Voloshin,Aleksander_Voloshin,positive
Francis_Ricciardone_0001.jpg,Francis_Ricciardone_0003.jpg,1,0.729844,Francis_Ricciardone,Francis_Ricciardone,positive
Jan_Bjoerklund_0001.jpg,Jan_Bjoerklund_0002.jpg,1,0.635892,Jan_Bjoerklund,Jan_Bjoerklund,positive
Jim_Edmonds_0001.jpg,Jim_Edmonds_0003.jpg,1,0.509259,Jim_Edmonds,Jim_Edmonds,positive
Lawrence_MacAulay_0001.jpg,Lawrence_MacAulay_0002.jpg,1,0.622253,Lawrence_MacAulay,Lawrence_MacAulay,positive
Li_Ruihuan_0001.jpg,Li_Ruihuan_0002.jpg,1,0.654741,Li_Ruihuan,Li_Ruihuan,positive
Mike_Bryan_0001.jpg,Mike_Bryan_0004.jpg,1,0.485068,Mike_Bryan,Mike_Bryan,positive
Paradorn_Srichaphan_0001.jpg,Paradorn_Srichaphan_0002.jpg,1,0.593324,Paradorn_Srichaphan,Paradorn_Srichaphan,positive
Rick_Santorum_0001.jpg,Rick_Santorum_0003.jpg,1,0.674148,Rick_Santorum,Rick_Santorum,positive
Rudolf_Schuster_0001.jpg,Rudolf_Schuster_0002.jpg,1,0.680246,Rudolf_Schuster,Rudolf_Schuster,positive
Susilo_Bambang_Yudhoyono_0001.jpg,Susilo_Bambang_Yudhoyono_0004.jpg,1,0.741541,Susilo_Bambang_Yudhoyono,Susilo_Bambang_Yudhoyono,positive
Thomas_Bjorn_0001.jpg,Thomas_Bjorn_0002.jpg,1,0.522107,Thomas_Bjorn,Thomas_Bjorn,positive
Aaron_Eckhart_0001.jpg,Aaron_Eckhart_0002.jpg,1,0.564316,Aaron_Eckhart,Aaron_Eckhart,positive
Hank_McKinnell_0001.jpg,Hank_McKinnell_0002.jpg,1,0.707098,Hank_McKinnell,Hank_McKinnell,positive
Hilmi_Ozkok_0001.jpg,Hilmi_Ozkok_0003.jpg,1,0.792320,Hilmi_Ozkok,Hilmi_Ozkok,positive
Ismail_Abu_Shanab_0001.jpg,Ismail_Abu_Shanab_0004.jpg,1,0.209305,Ismail_Abu_Shanab,Ismail_Abu_Shanab,positive
Jonathan_Karsh_0001.jpg,Jonathan_Karsh_0004.jpg,1,0.643672,Jonathan_Karsh,Jonathan_Karsh,positive
Jose_Luis_Santiago_Vasconcelos_0001.jpg,Jose_Luis_Santiago_Vasconcelos_0002.jpg,1,0.680819,Jose_Luis_Santiago_Vasconcelos,Jose_Luis_Santiago_Vasconcelos,positive
Kurt_Budke_0001.jpg,Kurt_Budke_0002.jpg,1,0.128889,Kurt_Budke,Kurt_Budke,positive
Mark_Redman_0001.jpg,Mark_Redman_0002.jpg,1,0.565133,Mark_Redman,Mark_Redman,positive
Michael_Rolinee_0001.jpg,Michael_Rolinee_0002.jpg,1,0.629091,Michael_Rolinee,Michael_Rolinee,positive
Miyako_Miyazaki_0001.jpg,Miyako_Miyazaki_0002.jpg,1,0.571665,Miyako_Miyazaki,Miyako_Miyazaki,positive
Nikki_Cascone_0001.jpg,Nikki_Cascone_0002.jpg,1,0.620402,Nikki_Cascone,Nikki_Cascone,positive
Phoenix_Chang_0001.jpg,Phoenix_Chang_0002.jpg,1,0.575374,Phoenix_Chang,Phoenix_Chang,positive
Serena_Williams_0001.jpg,Serena_Williams_0002.jpg,1,0.456046,Serena_Williams,Serena_Williams,positive
Sureyya_Ayhan_0001.jpg,Sureyya_Ayhan_0002.jpg,1,0.556420,Sureyya_Ayhan,Sureyya_Ayhan,positive
Takeshi_Kitano_0001.jpg,Takeshi_Kitano_0002.jpg,1,0.733201,Takeshi_Kitano,Takeshi_Kitano,positive
Ted_Washington_0001.jpg,Ted_Washington_0002.jpg,1,0.481933,Ted_Washington,Ted_Washington,positive
Ben_Wallace_0001.jpg,Ben_Wallace_0003.jpg,1,0.719249,Ben_Wallace,Ben_Wallace,positive
Beyonce_Knowles_0001.jpg,Beyonce_Knowles_0002.jpg,1,0.492188,Beyonce_Knowles,Beyonce_Knowles,positive
Fernando_Valenzuela_0001.jpg,Fernando_Valenzuela_0003.jpg,1,0.501681,Fernando_Valenzuela,Fernando_Valenzuela,positive
Nikki_Reed_0001.jpg,Nikki_Reed_0002.jpg,1,0.465194,Nikki_Reed,Nikki_Reed,positive
Stephen_Webster_0001.jpg,Stephen_Webster_0002.jpg,1,0.597249,Stephen_Webster,Stephen_Webster,positive
William_Joppy_0001.jpg,William_Joppy_0002.jpg,1,0.666762,William_Joppy,William_Joppy,positive
Bob_Sulkin_0001.jpg,Bob_Sulkin_0003.jpg,1,0.618163,Bob_Sulkin,Bob_Sulkin,positive
Lori_Berenson_0001.jpg,Lori_Berenson_0002.jpg,1,0.554044,Lori_Berenson,Lori_Berenson,positive
Li_Ka-shing_0001.jpg,Li_Ka-shing_0003.jpg,1,0.400780,Li_Ka-shing,Li_Ka-shing,positive
Roger_Moore_0001.jpg,Roger_Moore_0004.jpg,1,0.338298,Roger_Moore,Roger_Moore,positive
Kent_McCord_0001.jpg,Kent_McCord_0004.jpg,1,0.435682,Kent_McCord,Kent_McCord,positive
Phillip_Seymor_Hoffmann_0001.jpg,Phillip_Seymor_Hoffmann_0004.jpg,1,0.328607,Phillip_Seymor_Hoffmann,Phillip_Seymor_Hoffmann,positive
Sophia_Loren_0001.jpg,Sophia_Loren_0003.jpg,1,0.379683,Sophia_Loren,Sophia_Loren,positive
Michael_Kirby_0001.jpg,Michael_Kirby_0004.jpg,1,0.444846,Michael_Kirby,Michael_Kirby,positive
Ralph_Klein_0001.jpg,Ralph_Klein_0004.jpg,1,0.489025,Ralph_Klein,Ralph_Klein,positive
Chris_Cooper_0001.jpg,Chris_Cooper_0004.jpg,1,0.450495,Chris_Cooper,Chris_Cooper,positive
Frank_Taylor_0001.jpg,Frank_Taylor_0002.jpg,1,0.014974,Frank_Taylor,Frank_Taylor,positive
James_Traficant_0001.jpg,James_Traficant_0004.jpg,1,0.201583,James_Traficant,James_Traficant,positive
Joan_Collins_0001.jpg,Joan_Collins_0004.jpg,1,0.333514,Joan_Collins,Joan_Collins,positive
Maggie_Smith_0001.jpg,Maggie_Smith_0004.jpg,1,0.456179,Maggie_Smith,Maggie_Smith,positive
Joe_Lieberman_0001.jpg,Joe_Lieberman_0003.jpg,1,0.563398,Joe_Lieberman,Joe_Lieberman,positive
Tara_VanDerveer_0001.jpg,Tara_VanDerveer_0003.jpg,1,0.418032,Tara_VanDerveer,Tara_VanDerveer,positive
Dick_Posthumus_0001.jpg,Dick_Posthumus_0004.jpg,1,0.055887,Dick_Posthumus,Dick_Posthumus,positive
Joanna_Poitier_0001.jpg,Joanna_Poitier_0004.jpg,1,0.408829,Joanna_Poitier,Joanna_Poitier,positive
John_Howard_0001.jpg,John_Howard_0002.jpg,1,0.361190,John_Howard,John_Howard,positive
Dionne_Warwick_0001.jpg,Dionne_Warwick_0004.jpg,1,0.540184,Dionne_Warwick,Dionne_Warwick,positive
Kenneth_Cooper_0001.jpg,Kenneth_Cooper_0004.jpg,1,0.468021,Kenneth_Cooper,Kenneth_Cooper,positive
Louis_Van_Gaal_0001.jpg,Louis_Van_Gaal_0004.jpg,1,0.407045,Louis_Van_Gaal,Louis_Van_Gaal,positive
Rita_Moreno_0001.jpg,Rita_Moreno_0003.jpg,1,0.457163,Rita_Moreno,Rita_Moreno,positive
Gianni_Agnelli_0001.jpg,Gianni_Agnelli_0004.jpg,1,0.414155,Gianni_Agnelli,Gianni_Agnelli,positive
Jack_Straw_0001.jpg,Jack_Straw_0004.jpg,1,0.327287,Jack_Straw,Jack_Straw,positive
Yu_Shyi-kun_0001.jpg,Yu_Shyi-kun_0003.jpg,1,0.296377,Yu_Shyi-kun,Yu_Shyi-kun,positive
Al_Gore_0001.jpg,Al_Gore_0004.jpg,1,0.346117,Al_Gore,Al_Gore,positive
Alan_Greenspan_0001.jpg,Alan_Greenspan_0004.jpg,1,0.473314,Alan_Greenspan,Alan_Greenspan,positive
Barbara_Walters_0001.jpg,Barbara_Walters_0003.jpg,1,0.364054,Barbara_Walters,Barbara_Walters,positive
Franco_Frattini_0001.jpg,Franco_Frattini_0004.jpg,1,0.064402,Franco_Frattini,Franco_Frattini,positive
Clint_Eastwood_0001.jpg,Clint_Eastwood_0004.jpg,1,0.302874,Clint_Eastwood,Clint_Eastwood,positive
Gabriel_Batistuta_0001.jpg,Gabriel_Batistuta_0004.jpg,1,0.454451,Gabriel_Batistuta,Gabriel_Batistuta,positive
Julian_Fantino_0001.jpg,Julian_Fantino_0004.jpg,1,0.507681,Julian_Fantino,Julian_Fantino,positive
Queen_Sofia_0001.jpg,Queen_Sofia_0002.jpg,1,0.475620,Queen_Sofia,Queen_Sofia,positive
Edward_Kennedy_0001.jpg,Edward_Kennedy_0004.jpg,1,0.607294,Edward_Kennedy,Edward_Kennedy,positive
Goran_Persson_0001.jpg,Goran_Persson_0004.jpg,1,0.376103,Goran_Persson,Goran_Persson,positive
Marcus_Allen_0001.jpg,Marcus_Allen_0004.jpg,1,0.639914,Marcus_Allen,Marcus_Allen,positive
Eduardo_Romero_0001.jpg,Eduardo_Romero_0002.jpg,1,0.015380,Eduardo_Romero,Eduardo_Romero,positive
Juan_Roman_Carrasco_0001.jpg,Juan_Roman_Carrasco_0002.jpg,1,0.498456,Juan_Roman_Carrasco,Juan_Roman_Carrasco,positive
Kate_Capshaw_0001.jpg,Kate_Capshaw_0003.jpg,1,0.473095,Kate_Capshaw,Kate_Capshaw,positive
Darrell_Royal_0001.jpg,Darrell_Royal_0002.jpg,1,0.476646,Darrell_Royal,Darrell_Royal,positive
Gro_Harlem_Brundtland_0001.jpg,Gro_Harlem_Brundtland_0004.jpg,1,0.481904,Gro_Harlem_Brundtland,Gro_Harlem_Brundtland,positive
Hong_Myung_0001.jpg,Hong_Myung_0004.jpg,1,0.502179,Hong_Myung,Hong_Myung,positive
Joe_DeLamielleure_0001.jpg,Joe_DeLamielleure_0002.jpg,1,0.544379,Joe_DeLamielleure,Joe_DeLamielleure,positive
Kevin_Spacey_0001.jpg,Kevin_Spacey_0004.jpg,1,0.448063,Kevin_Spacey,Kevin_Spacey,positive
Queen_Noor_0001.jpg,Queen_Noor_0004.jpg,1,0.499310,Queen_Noor,Queen_Noor,positive
Sabah_Al-Ahmad_Al-Jaber_Al-Sabah_0001.jpg,Sabah_Al-Ahmad_Al-Jaber_Al-Sabah_0002.jpg,1,0.109937,Sabah_Al-Ahmad_Al-Jaber_Al-Sabah,Sabah_Al-Ahmad_Al-Jaber_Al-Sabah,positive
Jorge_Valdano_0001.jpg,Jorge_Valdano_0003.jpg,1,0.577918,Jorge_Valdano,Jorge_Valdano,positive
Al_Davis_0001.jpg,Al_Davis_0004.jpg,1,0.436524,Al_Davis,Al_Davis,positive
Dolly_Parton_0001.jpg,Dolly_Parton_0002.jpg,1,0.355376,Dolly_Parton,Dolly_Parton,positive
George_Allen_0001.jpg,George_Allen_0002.jpg,1,-0.007484,George_Allen,George_Allen,positive
Jeff_George_0001.jpg,Jeff_George_0003.jpg,1,0.568274,Jeff_George,Jeff_George,positive
Joan_Jett_0001.jpg,Joan_Jett_0004.jpg,1,0.285207,Joan_Jett,Joan_Jett,positive
Matthias_Sammer_0001.jpg,Matthias_Sammer_0004.jpg,1,0.527511,Matthias_Sammer,Matthias_Sammer,positive
George_Voinovich_0001.jpg,George_Voinovich_0004.jpg,1,0.504060,George_Voinovich,George_Voinovich,positive
Mel_Brooks_0001.jpg,Mel_Brooks_0004.jpg,1,0.534801,Mel_Brooks,Mel_Brooks,positive
Steven_Curtis_Chapman_0001.jpg,Steven_Curtis_Chapman_0004.jpg,1,0.527808,Steven_Curtis_Chapman,Steven_Curtis_Chapman,positive
Vince_Gill_0001.jpg,Vince_Gill_0004.jpg,1,0.549870,Vince_Gill,Vince_Gill,positive
Andy_Warhol_0001.jpg,Andy_Warhol_0004.jpg,1,0.423406,Andy_Warhol,Andy_Warhol,positive
Edward_Greenspan_0001.jpg,Edward_Greenspan_0002.jpg,1,0.617907,Edward_Greenspan,Edward_Greenspan,positive
Frank_Abagnale_Jr_0001.jpg,Frank_Abagnale_Jr_0003.jpg,1,0.374522,Frank_Abagnale_Jr,Frank_Abagnale_Jr,positive
Johnny_Tapia_0001.jpg,Johnny_Tapia_0002.jpg,1,0.504973,Johnny_Tapia,Johnny_Tapia,positive
Julio_Cesar_Chavez_0001.jpg,Julio_Cesar_Chavez_0002.jpg,1,0.161701,Julio_Cesar_Chavez,Julio_Cesar_Chavez,positive
Nathalie_Baye_0001.jpg,Nathalie_Baye_0004.jpg,1,0.442895,Nathalie_Baye,Nathalie_Baye,positive
Oleg_Romantsev_0001.jpg,Oleg_Romantsev_0004.jpg,1,0.521997,Oleg_Romantsev,Oleg_Romantsev,positive
Patrick_Roy_0001.jpg,Patrick_Roy_0002.jpg,1,0.278591,Patrick_Roy,Patrick_Roy,positive
Peter_Greenaway_0001.jpg,Peter_Greenaway_0003.jpg,1,0.629522,Peter_Greenaway,Peter_Greenaway,positive
Tony_LaRussa_0001.jpg,Tony_LaRussa_0004.jpg,1,0.586065,Tony_LaRussa,Tony_LaRussa,positive
Wu_Yi_0001.jpg,Wu_Yi_0004.jpg,1,0.316948,Wu_Yi,Wu_Yi,positive
Zydrunas_Ilgauskas_0001.jpg,Zydrunas_Ilgauskas_0004.jpg,1,0.465113,Zydrunas_Ilgauskas,Zydrunas_Ilgauskas,positive
Alexa_Vega_0001.jpg,Alexa_Vega_0004.jpg,1,0.496267,Alexa_Vega,Alexa_Vega,positive
Eduardo_Chillida_0001.jpg,Eduardo_Chillida_0002.jpg,1,0.421762,Eduardo_Chillida,Eduardo_Chillida,positive
Gary_Sinise_0001.jpg,Gary_Sinise_0004.jpg,1,0.459350,Gary_Sinise,Gary_Sinise,positive
Gene_Hackman_0001.jpg,Gene_Hackman_0004.jpg,1,0.549388,Gene_Hackman,Gene_Hackman,positive
Jerry_Hall_0001.jpg,Jerry_Hall_0004.jpg,1,0.450959,Jerry_Hall,Jerry_Hall,positive
Junichiro_Koizumi_0001.jpg,Junichiro_Koizumi_0003.jpg,1,0.678974,Junichiro_Koizumi,Junichiro_Koizumi,positive
Marc_Racicot_0001.jpg,Marc_Racicot_0004.jpg,1,0.030970,Marc_Racicot,Marc_Racicot,positive
Marcelo_Salas_0001.jpg,Marcelo_Salas_0002.jpg,1,0.497918,Marcelo_Salas,Marcelo_Salas,positive
Patricia_Clarkson_0001.jpg,Patricia_Clarkson_0004.jpg,1,0.004495,Patricia_Clarkson,Patricia_Clarkson,positive
Peter_Costello_0001.jpg,Peter_Costello_0004.jpg,1,0.569679,Peter_Costello,Peter_Costello,positive
Wolfgang_Clement_0001.jpg,Wolfgang_Clement_0004.jpg,1,0.426629,Wolfgang_Clement,Wolfgang_Clement,positive
Blas_Ople_0001.jpg,Blas_Ople_0002.jpg,1,0.503699,Blas_Ople,Blas_Ople,positive
Chok_Tong_Goh_0001.jpg,Chok_Tong_Goh_0004.jpg,1,0.527588,Chok_Tong_Goh,Chok_Tong_Goh,positive
Dennis_Hastert_0001.jpg,Dennis_Hastert_0004.jpg,1,0.410503,Dennis_Hastert,Dennis_Hastert,positive
Elena_Bovina_0001.jpg,Elena_Bovina_0002.jpg,1,0.529687,Elena_Bovina,Elena_Bovina,positive
Tim_Allen_0001.jpg,Tim_Allen_0004.jpg,1,0.494362,Tim_Allen,Tim_Allen,positive
Carlo_Ancelotti_0001.jpg,Carlo_Ancelotti_0003.jpg,1,0.527238,Carlo_Ancelotti,Carlo_Ancelotti,positive
Eliane_Karp_0001.jpg,Eliane_Karp_0004.jpg,1,0.237821,Eliane_Karp,Eliane_Karp,positive
Ray_Evernham_0001.jpg,Ray_Evernham_0003.jpg,1,0.589909,Ray_Evernham,Ray_Evernham,positive
Tony_Fernandes_0001.jpg,Tony_Fernandes_0004.jpg,1,0.465526,Tony_Fernandes,Tony_Fernandes,positive
Jane_Pauley_0001.jpg,Jane_Pauley_0003.jpg,1,0.437601,Jane_Pauley,Jane_Pauley,positive
Liam_Neeson_0001.jpg,Liam_Neeson_0003.jpg,1,0.590716,Liam_Neeson,Liam_Neeson,positive
Russell_Simmons_0001.jpg,Russell_Simmons_0004.jpg,1,0.638495,Russell_Simmons,Russell_Simmons,positive
Toutai_Kefu_0001.jpg,Toutai_Kefu_0002.jpg,1,0.545374,Toutai_Kefu,Toutai_Kefu,positive
Anibal_Ibarra_0001.jpg,Anibal_Ibarra_0004.jpg,1,0.600303,Anibal_Ibarra,Anibal_Ibarra,positive
Dan_Quayle_0001.jpg,Dan_Quayle_0003.jpg,1,0.530061,Dan_Quayle,Dan_Quayle,positive
Goldie_Hawn_0001.jpg,Goldie_Hawn_0003.jpg,1,0.280310,Goldie_Hawn,Goldie_Hawn,positive
Jan_De_Bont_0001.jpg,Jan_De_Bont_0002.jpg,1,0.614313,Jan_De_Bont,Jan_De_Bont,positive
John_Hartson_0001.jpg,John_Hartson_0003.jpg,1,0.470772,John_Hartson,John_Hartson,positive
Makiko_Tanaka_0001.jpg,Makiko_Tanaka_0002.jpg,1,0.451373,Makiko_Tanaka,Makiko_Tanaka,positive
Michael_Moore_0001.jpg,Michael_Moore_0004.jpg,1,0.546344,Michael_Moore,Michael_Moore,positive
Sidney_Poitier_0001.jpg,Sidney_Poitier_0004.jpg,1,0.570595,Sidney_Poitier,Sidney_Poitier,positive
Antonio_Trillanes_0001.jpg,Antonio_Trillanes_0002.jpg,1,0.498365,Antonio_Trillanes,Antonio_Trillanes,positive
Brooke_Shields_0001.jpg,Brooke_Shields_0004.jpg,1,0.571027,Brooke_Shields,Brooke_Shields,positive
Bruce_Paltrow_0001.jpg,Bruce_Paltrow_0003.jpg,1,0.482199,Bruce_Paltrow,Bruce_Paltrow,positive
Constance_Marie_0001.jpg,Constance_Marie_0004.jpg,1,0.486124,Constance_Marie,Constance_Marie,positive
Jim_Wong_0001.jpg,Jim_Wong_0002.jpg,1,0.340905,Jim_Wong,Jim_Wong,positive
Joe_Mantello_0001.jpg,Joe_Mantello_0004.jpg,1,0.549760,Joe_Mantello,Joe_Mantello,positive
Kathryn_Bigelow_0001.jpg,Kathryn_Bigelow_0004.jpg,1,0.533196,Kathryn_Bigelow,Kathryn_Bigelow,positive
Natalie_Cole_0001.jpg,Natalie_Cole_0002.jpg,1,0.504620,Natalie_Cole,Natalie_Cole,positive
Alvaro_Uribe_0001.jpg,Alvaro_Uribe_0004.jpg,1,0.605624,Alvaro_Uribe,Alvaro_Uribe,positive
Antonio_Elias_Saca_0001.jpg,Antonio_Elias_Saca_0003.jpg,1,0.721738,Antonio_Elias_Saca,Antonio_Elias_Saca,positive
Asa_Hutchinson_0001.jpg,Asa_Hutchinson_0002.jpg,1,0.712895,Asa_Hutchinson,Asa_Hutchinson,positive
Bill_Self_0001.jpg,Bill_Self_0003.jpg,1,0.534231,Bill_Self,Bill_Self,positive
Bulent_Ecevit_0001.jpg,Bulent_Ecevit_0003.jpg,1,0.583884,Bulent_Ecevit,Bulent_Ecevit,positive
Catherine_Donkers_0001.jpg,Catherine_Donkers_0003.jpg,1,-0.084306,Catherine_Donkers,Catherine_Donkers,positive
Eminem_0001.jpg,Eminem_0002.jpg,1,0.561975,Eminem,Eminem,positive
Ismail_Cem_0001.jpg,Ismail_Cem_0003.jpg,1,0.570230,Ismail_Cem,Ismail_Cem,positive
Jerome_Golmard_0001.jpg,Jerome_Golmard_0004.jpg,1,0.552727,Jerome_Golmard,Jerome_Golmard,positive
Jo_Dee_Messina_0001.jpg,Jo_Dee_Messina_0004.jpg,1,0.384730,Jo_Dee_Messina,Jo_Dee_Messina,positive
Paul_Byrd_0001.jpg,Paul_Byrd_0004.jpg,1,0.650715,Paul_Byrd,Paul_Byrd,positive
Princess_Masako_0001.jpg,Princess_Masako_0004.jpg,1,0.587969,Princess_Masako,Princess_Masako,positive
Qian_Qichen_0001.jpg,Qian_Qichen_0003.jpg,1,0.565400,Qian_Qichen,Qian_Qichen,positive
Robert_De_Niro_0001.jpg,Robert_De_Niro_0002.jpg,1,0.521333,Robert_De_Niro,Robert_De_Niro,positive
Rudolph_Giuliani_0001.jpg,Rudolph_Giuliani_0004.jpg,1,0.581690,Rudolph_Giuliani,Rudolph_Giuliani,positive
Benazir_Bhutto_0001.jpg,Benazir_Bhutto_0002.jpg,1,0.482357,Benazir_Bhutto,Benazir_Bhutto,positive
Chris_Byrd_0001.jpg,Chris_Byrd_0004.jpg,1,0.547649,Chris_Byrd,Chris_Byrd,positive
Jewel_Howard-Taylor_0001.jpg,Jewel_Howard-Taylor_0004.jpg,1,0.085595,Jewel_Howard-Taylor,Jewel_Howard-Taylor,positive
Stellan_Skarsgard_0001.jpg,Stellan_Skarsgard_0004.jpg,1,0.547925,Stellan_Skarsgard,Stellan_Skarsgard,positive
T_Boone_Pickens_0001.jpg,T_Boone_Pickens_0004.jpg,1,0.625175,T_Boone_Pickens,T_Boone_Pickens,positive
Zhang_Wenkang_0001.jpg,Zhang_Wenkang_0002.jpg,1,0.078121,Zhang_Wenkang,Zhang_Wenkang,positive
Charlie_Sheen_0001.jpg,Charlie_Sheen_0003.jpg,1,0.428649,Charlie_Sheen,Charlie_Sheen,positive
Chris_Tucker_0001.jpg,Chris_Tucker_0004.jpg,1,0.654508,Chris_Tucker,Chris_Tucker,positive
George_Tenet_0001.jpg,George_Tenet_0003.jpg,1,0.596881,George_Tenet,George_Tenet,positive
Georgi_Parvanov_0001.jpg,Georgi_Parvanov_0004.jpg,1,0.613384,Georgi_Parvanov,Georgi_Parvanov,positive
James_Ivory_0001.jpg,James_Ivory_0003.jpg,1,0.617904,James_Ivory,James_Ivory,positive
Mel_Gibson_0001.jpg,Mel_Gibson_0004.jpg,1,0.597768,Mel_Gibson,Mel_Gibson,positive
Ryan_Goodman_0001.jpg,Ryan_Goodman_0002.jpg,1,0.060778,Ryan_Goodman,Ryan_Goodman,positive
Sean_Astin_0001.jpg,Sean_Astin_0002.jpg,1,0.446672,Sean_Astin,Sean_Astin,positive
Terry_Gilliam_0001.jpg,Terry_Gilliam_0003.jpg,1,0.563283,Terry_Gilliam,Terry_Gilliam,positive
Tracy_McGrady_0001.jpg,Tracy_McGrady_0004.jpg,1,0.448446,Tracy_McGrady,Tracy_McGrady,positive
Boris_Berezovsky_0001.jpg,Boris_Berezovsky_0002.jpg,1,0.701785,Boris_Berezovsky,Boris_Berezovsky,positive
Gene_Sauers_0001.jpg,Gene_Sauers_0004.jpg,1,0.683684,Gene_Sauers,Gene_Sauers,positive
Hugh_Grant_0001.jpg,Hugh_Grant_0003.jpg,1,0.632325,Hugh_Grant,Hugh_Grant,positive
Junichi_Inamoto_0001.jpg,Junichi_Inamoto_0002.jpg,1,0.585198,Junichi_Inamoto,Junichi_Inamoto,positive
Kathleen_Kennedy_Townsend_0001.jpg,Kathleen_Kennedy_Townsend_0004.jpg,1,0.717043,Kathleen_Kennedy_Townsend,Kathleen_Kennedy_Townsend,positive
Kristin_Chenoweth_0001.jpg,Kristin_Chenoweth_0004.jpg,1,0.429411,Kristin_Chenoweth,Kristin_Chenoweth,positive
Pupi_Avati_0001.jpg,Pupi_Avati_0002.jpg,1,0.101457,Pupi_Avati,Pupi_Avati,positive
Roy_Halladay_0001.jpg,Roy_Halladay_0004.jpg,1,0.337206,Roy_Halladay,Roy_Halladay,positive
Zinedine_Zidane_0001.jpg,Zinedine_Zidane_0002.jpg,1,0.713676,Zinedine_Zidane,Zinedine_Zidane,positive
Christopher_Patten_0001.jpg,Christopher_Patten_0003.jpg,1,0.642434,Christopher_Patten,Christopher_Patten,positive
Jean_Todt_0001.jpg,Jean_Todt_0003.jpg,1,0.669793,Jean_Todt,Jean_Todt,positive
Jennifer_Rodriguez_0001.jpg,Jennifer_Rodriguez_0002.jpg,1,0.543789,Jennifer_Rodriguez,Jennifer_Rodriguez,positive
Jim_Ryan_0001.jpg,Jim_Ryan_0002.jpg,1,0.158512,Jim_Ryan,Jim_Ryan,positive
Karol_Kucera_0001.jpg,Karol_Kucera_0002.jpg,1,0.618761,Karol_Kucera,Karol_Kucera,positive
Luis_Fonsi_0001.jpg,Luis_Fonsi_0004.jpg,1,0.576043,Luis_Fonsi,Luis_Fonsi,positive
Paul-Henri_Mathieu_0001.jpg,Paul-Henri_Mathieu_0004.jpg,1,0.639745,Paul-Henri_Mathieu,Paul-Henri_Mathieu,positive
Robert_F_Kennedy_Jr_0001.jpg,Robert_F_Kennedy_Jr_0004.jpg,1,0.736576,Robert_F_Kennedy_Jr,Robert_F_Kennedy_Jr,positive
Carlos_Vives_0001.jpg,Carlos_Vives_0004.jpg,1,0.288448,Carlos_Vives,Carlos_Vives,positive
Ernie_Els_0001.jpg,Ernie_Els_0004.jpg,1,0.720067,Ernie_Els,Ernie_Els,positive
Evan_Marriott_0001.jpg,Evan_Marriott_0004.jpg,1,0.548636,Evan_Marriott,Evan_Marriott,positive
Gary_Carter_0001.jpg,Gary_Carter_0002.jpg,1,0.646816,Gary_Carter,Gary_Carter,positive
George_Harrison_0001.jpg,George_Harrison_0003.jpg,1,0.418953,George_Harrison,George_Harrison,positive
James_Franco_0001.jpg,James_Franco_0004.jpg,1,0.492500,James_Franco,James_Franco,positive
Johannes_Rau_0001.jpg,Johannes_Rau_0002.jpg,1,0.544481,Johannes_Rau,Johannes_Rau,positive
Keith_Osik_0001.jpg,Keith_Osik_0004.jpg,1,-0.029624,Keith_Osik,Keith_Osik,positive
Kevin_James_0001.jpg,Kevin_James_0002.jpg,1,0.394438,Kevin_James,Kevin_James,positive
Krishna_Bhadur_Mahara_0001.jpg,Krishna_Bhadur_Mahara_0002.jpg,1,0.684164,Krishna_Bhadur_Mahara,Krishna_Bhadur_Mahara,positive
Mary_Steenburgen_0001.jpg,Mary_Steenburgen_0004.jpg,1,0.502463,Mary_Steenburgen,Mary_Steenburgen,positive
Michelle_Pfeiffer_0001.jpg,Michelle_Pfeiffer_0002.jpg,1,0.547862,Michelle_Pfeiffer,Michelle_Pfeiffer,positive
Oscar_Elias_Biscet_0001.jpg,Oscar_Elias_Biscet_0003.jpg,1,0.537860,Oscar_Elias_Biscet,Oscar_Elias_Biscet,positive
Randy_Johnson_0001.jpg,Randy_Johnson_0004.jpg,1,0.547215,Randy_Johnson,Randy_Johnson,positive
Adam_Kennedy_0001.jpg,Adam_Kennedy_0002.jpg,1,0.652110,Adam_Kennedy,Adam_Kennedy,positive
Brad_Gushue_0001.jpg,Brad_Gushue_0004.jpg,1,0.700354,Brad_Gushue,Brad_Gushue,positive
Brad_Miller_0001.jpg,Brad_Miller_0002.jpg,1,0.617758,Brad_Miller,Brad_Miller,positive
Darla_Moore_0001.jpg,Darla_Moore_0003.jpg,1,0.534788,Darla_Moore,Darla_Moore,positive
Hee-Won_Han_0001.jpg,Hee-Won_Han_0002.jpg,1,0.510281,Hee-Won_Han,Hee-Won_Han,positive
Henk_Bekedam_0001.jpg,Henk_Bekedam_0004.jpg,1,0.650801,Henk_Bekedam,Henk_Bekedam,positive
Jason_Petty_0001.jpg,Jason_Petty_0002.jpg,1,0.592219,Jason_Petty,Jason_Petty,positive
Joseph_Deiss_0001.jpg,Joseph_Deiss_0004.jpg,1,0.722960,Joseph_Deiss,Joseph_Deiss,positive
Marcos_Cafu_0001.jpg,Marcos_Cafu_0003.jpg,1,0.628688,Marcos_Cafu,Marcos_Cafu,positive
Matt_Welsh_0001.jpg,Matt_Welsh_0003.jpg,1,0.654875,Matt_Welsh,Matt_Welsh,positive
Prakash_Hinduja_0001.jpg,Prakash_Hinduja_0003.jpg,1,0.379133,Prakash_Hinduja,Prakash_Hinduja,positive
Thomas_Fargo_0001.jpg,Thomas_Fargo_0003.jpg,1,0.734679,Thomas_Fargo,Thomas_Fargo,positive
Bill_Simon_0001.jpg,Bill_Simon_0002.jpg,1,0.618146,Bill_Simon,Bill_Simon,positive
Brian_Cook_0001.jpg,Brian_Cook_0003.jpg,1,0.477616,Brian_Cook,Brian_Cook,positive
Carlos_Moya_0001.jpg,Carlos_Moya_0002.jpg,1,0.455543,Carlos_Moya,Carlos_Moya,positive
Geoff_Dixon_0001.jpg,Geoff_Dixon_0002.jpg,1,0.654957,Geoff_Dixon,Geoff_Dixon,positive
Gong_Ruina_0001.jpg,Gong_Ruina_0004.jpg,1,0.486927,Gong_Ruina,Gong_Ruina,positive
Gwyneth_Paltrow_0001.jpg,Gwyneth_Paltrow_0002.jpg,1,0.511978,Gwyneth_Paltrow,Gwyneth_Paltrow,positive
Jim_Parque_0001.jpg,Jim_Parque_0004.jpg,1,0.359822,Jim_Parque,Jim_Parque,positive
Ken_Kutaragi_0001.jpg,Ken_Kutaragi_0002.jpg,1,0.606658,Ken_Kutaragi,Ken_Kutaragi,positive
Lars_Von_Trier_0001.jpg,Lars_Von_Trier_0004.jpg,1,0.522463,Lars_Von_Trier,Lars_Von_Trier,positive
Lokendra_Bahadur_Chand_0001.jpg,Lokendra_Bahadur_Chand_0002.jpg,1,0.194481,Lokendra_Bahadur_Chand,Lokendra_Bahadur_Chand,positive
Michel_Therrien_0001.jpg,Michel_Therrien_0004.jpg,1,0.635873,Michel_Therrien,Michel_Therrien,positive
Oswaldo_Paya_0001.jpg,Oswaldo_Paya_0004.jpg,1,0.656087,Oswaldo_Paya,Oswaldo_Paya,positive
Ranil_Wickremasinghe_0001.jpg,Ranil_Wickremasinghe_0004.jpg,1,0.559641,Ranil_Wickremasinghe,Ranil_Wickremasinghe,positive
Rick_Pitino_0001.jpg,Rick_Pitino_0004.jpg,1,0.610621,Rick_Pitino,Rick_Pitino,positive
Shaun_Pollock_0001.jpg,Shaun_Pollock_0004.jpg,1,0.681340,Shaun_Pollock,Shaun_Pollock,positive
Stephen_Crampton_0001.jpg,Stephen_Crampton_0002.jpg,1,0.040238,Stephen_Crampton,Stephen_Crampton,positive
Wolfgang_Schuessel_0001.jpg,Wolfgang_Schuessel_0003.jpg,1,0.614420,Wolfgang_Schuessel,Wolfgang_Schuessel,positive
Yang_Jianli_0001.jpg,Yang_Jianli_0002.jpg,1,0.606996,Yang_Jianli,Yang_Jianli,positive
Yoriko_Kawaguchi_0001.jpg,Yoriko_Kawaguchi_0002.jpg,1,0.661704,Yoriko_Kawaguchi,Yoriko_Kawaguchi,positive
Billy_Gilman_0001.jpg,Billy_Gilman_0004.jpg,1,0.613320,Billy_Gilman,Billy_Gilman,positive
Brenda_van_Dam_0001.jpg,Brenda_van_Dam_0003.jpg,1,0.650910,Brenda_van_Dam,Brenda_van_Dam,positive
Delphine_Chuillot_0001.jpg,Delphine_Chuillot_0004.jpg,1,0.746262,Delphine_Chuillot,Delphine_Chuillot,positive
Enrique_Bolanos_0001.jpg,Enrique_Bolanos_0002.jpg,1,0.197613,Enrique_Bolanos,Enrique_Bolanos,positive
Evgeni_Plushenko_0001.jpg,Evgeni_Plushenko_0004.jpg,1,0.596164,Evgeni_Plushenko,Evgeni_Plushenko,positive
Guillaume_Soro_0001.jpg,Guillaume_Soro_0002.jpg,1,0.572123,Guillaume_Soro,Guillaume_Soro,positive
Lino_Oviedo_0001.jpg,Lino_Oviedo_0003.jpg,1,0.470010,Lino_Oviedo,Lino_Oviedo,positive
Lubomir_Zaoralek_0001.jpg,Lubomir_Zaoralek_0004.jpg,1,0.626183,Lubomir_Zaoralek,Lubomir_Zaoralek,positive
Mary_Landrieu_0001.jpg,Mary_Landrieu_0004.jpg,1,0.774263,Mary_Landrieu,Mary_Landrieu,positive
Rachel_Griffiths_0001.jpg,Rachel_Griffiths_0004.jpg,1,0.614955,Rachel_Griffiths,Rachel_Griffiths,positive
Ricky_Martin_0001.jpg,Ricky_Martin_0004.jpg,1,0.650084,Ricky_Martin,Ricky_Martin,positive
Barry_Williams_0001.jpg,Barry_Williams_0002.jpg,1,0.637402,Barry_Williams,Barry_Williams,positive
Elvis_Presley_0001.jpg,Elvis_Presley_0004.jpg,1,0.283930,Elvis_Presley,Elvis_Presley,positive
Herb_Sendek_0001.jpg,Herb_Sendek_0004.jpg,1,0.531549,Herb_Sendek,Herb_Sendek,positive
Irina_Lobacheva_0001.jpg,Irina_Lobacheva_0002.jpg,1,0.718902,Irina_Lobacheva,Irina_Lobacheva,positive
Lynne_Cheney_0001.jpg,Lynne_Cheney_0003.jpg,1,0.617000,Lynne_Cheney,Lynne_Cheney,positive
Manijeh_Hekmat_0001.jpg,Manijeh_Hekmat_0003.jpg,1,0.721642,Manijeh_Hekmat,Manijeh_Hekmat,positive
Mikhail_Khodorkovsky_0001.jpg,Mikhail_Khodorkovsky_0004.jpg,1,0.688096,Mikhail_Khodorkovsky,Mikhail_Khodorkovsky,positive
Mohamed_Hammam_0001.jpg,Mohamed_Hammam_0002.jpg,1,0.649715,Mohamed_Hammam,Mohamed_Hammam,positive
Paul_Kagame_0001.jpg,Paul_Kagame_0002.jpg,1,0.575812,Paul_Kagame,Paul_Kagame,positive
Shoshana_Johnson_0001.jpg,Shoshana_Johnson_0002.jpg,1,0.517924,Shoshana_Johnson,Shoshana_Johnson,positive
Tony_Shalhoub_0001.jpg,Tony_Shalhoub_0004.jpg,1,0.719167,Tony_Shalhoub,Tony_Shalhoub,positive
Turner_Gill_0001.jpg,Turner_Gill_0002.jpg,1,0.598720,Turner_Gill,Turner_Gill,positive
Uzi_Even_0001.jpg,Uzi_Even_0002.jpg,1,0.654009,Uzi_Even,Uzi_Even,positive
Wan_Yanhai_0001.jpg,Wan_Yanhai_0002.jpg,1,0.641514,Wan_Yanhai,Wan_Yanhai,positive
Alastair_Campbell_0001.jpg,Alastair_Campbell_0003.jpg,1,0.783866,Alastair_Campbell,Alastair_Campbell,positive
Alexandre_Herchcovitch_0001.jpg,Alexandre_Herchcovitch_0004.jpg,1,0.679215,Alexandre_Herchcovitch,Alexandre_Herchcovitch,positive
Alicia_Witt_0001.jpg,Alicia_Witt_0004.jpg,1,0.546656,Alicia_Witt,Alicia_Witt,positive
Andres_Manuel_Lopez_Obrador_0001.jpg,Andres_Manuel_Lopez_Obrador_0002.jpg,1,0.631381,Andres_Manuel_Lopez_Obrador,Andres_Manuel_Lopez_Obrador,positive
Anthony_Ervin_0001.jpg,Anthony_Ervin_0004.jpg,1,0.641891,Anthony_Ervin,Anthony_Ervin,positive
Bilal_Erdogan_0001.jpg,Bilal_Erdogan_0002.jpg,1,0.505457,Bilal_Erdogan,Bilal_Erdogan,positive
Billy_Sollie_0001.jpg,Billy_Sollie_0002.jpg,1,0.687873,Billy_Sollie,Billy_Sollie,positive
Edward_Said_0001.jpg,Edward_Said_0003.jpg,1,0.526198,Edward_Said,Edward_Said,positive
Gary_Doer_0001.jpg,Gary_Doer_0002.jpg,1,0.679473,Gary_Doer,Gary_Doer,positive
Jan_Ullrich_0001.jpg,Jan_Ullrich_0004.jpg,1,0.582204,Jan_Ullrich,Jan_Ullrich,positive
John_Tyson_0001.jpg,John_Tyson_0004.jpg,1,0.557698,John_Tyson,John_Tyson,positive
Klaus_Zwickel_0001.jpg,Klaus_Zwickel_0004.jpg,1,0.723536,Klaus_Zwickel,Klaus_Zwickel,positive
Koji_Uehara_0001.jpg,Koji_Uehara_0002.jpg,1,0.427796,Koji_Uehara,Koji_Uehara,positive
Mayumi_Moriyama_0001.jpg,Mayumi_Moriyama_0004.jpg,1,0.630779,Mayumi_Moriyama,Mayumi_Moriyama,positive
Norman_Mineta_0001.jpg,Norman_Mineta_0003.jpg,1,0.675640,Norman_Mineta,Norman_Mineta,positive
Percy_Gibson_0001.jpg,Percy_Gibson_0002.jpg,1,0.590379,Percy_Gibson,Percy_Gibson,positive
Peter_Caruana_0001.jpg,Peter_Caruana_0003.jpg,1,0.429061,Peter_Caruana,Peter_Caruana,positive
Robert_Hanssen_0001.jpg,Robert_Hanssen_0002.jpg,1,0.391824,Robert_Hanssen,Robert_Hanssen,positive
Vagit_Alekperov_0001.jpg,Vagit_Alekperov_0004.jpg,1,0.675180,Vagit_Alekperov,Vagit_Alekperov,positive
Franco_Dragone_0001.jpg,Franco_Dragone_0002.jpg,1,0.620774,Franco_Dragone,Franco_Dragone,positive
Jimmy_Gobble_0001.jpg,Jimmy_Gobble_0003.jpg,1,0.066898,Jimmy_Gobble,Jimmy_Gobble,positive
Judith_Nathan_0001.jpg,Judith_Nathan_0002.jpg,1,0.585171,Judith_Nathan,Judith_Nathan,positive
Paul_Johnson_0001.jpg,Paul_Johnson_0002.jpg,1,0.718380,Paul_Johnson,Paul_Johnson,positive
Yao_Ming_0001.jpg,Yao_Ming_0003.jpg,1,0.644364,Yao_Ming,Yao_Ming,positive
Alice_Fisher_0001.jpg,Alice_Fisher_0002.jpg,1,0.516091,Alice_Fisher,Alice_Fisher,positive
Caroline_Dhavernas_0001.jpg,Caroline_Dhavernas_0004.jpg,1,0.660102,Caroline_Dhavernas,Caroline_Dhavernas,positive
Doug_Duncan_0001.jpg,Doug_Duncan_0002.jpg,1,0.660648,Doug_Duncan,Doug_Duncan,positive
John_Allen_Muhammad_0001.jpg,John_Allen_Muhammad_0003.jpg,1,0.473889,John_Allen_Muhammad,John_Allen_Muhammad,positive
Leander_Paes_0001.jpg,Leander_Paes_0004.jpg,1,0.715038,Leander_Paes,Leander_Paes,positive
Mauricio_Macri_0001.jpg,Mauricio_Macri_0004.jpg,1,0.670682,Mauricio_Macri,Mauricio_Macri,positive
Robert_Kocharian_0001.jpg,Robert_Kocharian_0004.jpg,1,0.742858,Robert_Kocharian,Robert_Kocharian,positive
Svend_Aage_Jensby_0001.jpg,Svend_Aage_Jensby_0002.jpg,1,0.671734,Svend_Aage_Jensby,Svend_Aage_Jensby,positive
Vicente_Fernandez_0001.jpg,Vicente_Fernandez_0002.jpg,1,0.640284,Vicente_Fernandez,Vicente_Fernandez,positive
Yuvraj_Singh_0001.jpg,Yuvraj_Singh_0004.jpg,1,0.539451,Yuvraj_Singh,Yuvraj_Singh,positive
Alvaro_Silva_Calderon_0001.jpg,Alvaro_Silva_Calderon_0002.jpg,1,0.406831,Alvaro_Silva_Calderon,Alvaro_Silva_Calderon,positive
Andrew_Weissmann_0001.jpg,Andrew_Weissmann_0002.jpg,1,0.654049,Andrew_Weissmann,Andrew_Weissmann,positive
Christine_Gregoire_0001.jpg,Christine_Gregoire_0003.jpg,1,0.663230,Christine_Gregoire,Christine_Gregoire,positive
Gerard_Kleisterlee_0001.jpg,Gerard_Kleisterlee_0004.jpg,1,0.779565,Gerard_Kleisterlee,Gerard_Kleisterlee,positive
Gina_Centrello_0001.jpg,Gina_Centrello_0003.jpg,1,0.683303,Gina_Centrello,Gina_Centrello,positive
Katrin_Cartlidge_0001.jpg,Katrin_Cartlidge_0003.jpg,1,0.747470,Katrin_Cartlidge,Katrin_Cartlidge,positive
Marisa_Tomei_0001.jpg,Marisa_Tomei_0002.jpg,1,0.649372,Marisa_Tomei,Marisa_Tomei,positive
Mauricio_Pochetino_0001.jpg,Mauricio_Pochetino_0002.jpg,1,0.588412,Mauricio_Pochetino,Mauricio_Pochetino,positive
Michel_Duclos_0001.jpg,Michel_Duclos_0002.jpg,1,0.774979,Michel_Duclos,Michel_Duclos,positive
Nabil_Shaath_0001.jpg,Nabil_Shaath_0002.jpg,1,0.561687,Nabil_Shaath,Nabil_Shaath,positive
Norbert_van_Heyst_0001.jpg,Norbert_van_Heyst_0002.jpg,1,0.115511,Norbert_van_Heyst,Norbert_van_Heyst,positive
Prince_Naruhito_0001.jpg,Prince_Naruhito_0004.jpg,1,0.738839,Prince_Naruhito,Prince_Naruhito,positive
Zeljko_Rebraca_0001.jpg,Zeljko_Rebraca_0002.jpg,1,0.834206,Zeljko_Rebraca,Zeljko_Rebraca,positive
Ben_Howland_0001.jpg,Ben_Howland_0004.jpg,1,0.673677,Ben_Howland,Ben_Howland,positive
Chistian_Stahl_0001.jpg,Chistian_Stahl_0002.jpg,1,0.712865,Chistian_Stahl,Chistian_Stahl,positive
Dominique_Perben_0001.jpg,Dominique_Perben_0003.jpg,1,0.665733,Dominique_Perben,Dominique_Perben,positive
Edith_Masai_0001.jpg,Edith_Masai_0002.jpg,1,0.613579,Edith_Masai,Edith_Masai,positive
Erika_Harold_0001.jpg,Erika_Harold_0002.jpg,1,0.672329,Erika_Harold,Erika_Harold,positive
Alexander_Downer_0001.jpg,Alexander_Downer_0003.jpg,1,0.554900,Alexander_Downer,Alexander_Downer,positive
Candie_Kung_0001.jpg,Candie_Kung_0002.jpg,1,0.420294,Candie_Kung,Candie_Kung,positive
Danny_Morgan_0001.jpg,Danny_Morgan_0002.jpg,1,0.117608,Danny_Morgan,Danny_Morgan,positive
Janine_Pietsch_0001.jpg,Janine_Pietsch_0004.jpg,1,0.526814,Janine_Pietsch,Janine_Pietsch,positive
Javier_Weber_0001.jpg,Javier_Weber_0003.jpg,1,0.679674,Javier_Weber,Javier_Weber,positive
Jennifer_Pena_0001.jpg,Jennifer_Pena_0004.jpg,1,0.560245,Jennifer_Pena,Jennifer_Pena,positive
Jorge_Moreno_0001.jpg,Jorge_Moreno_0002.jpg,1,0.636817,Jorge_Moreno,Jorge_Moreno,positive
Miranda_Gaddis_0001.jpg,Miranda_Gaddis_0002.jpg,1,0.750391,Miranda_Gaddis,Miranda_Gaddis,positive
Quin_Snyder_0001.jpg,Quin_Snyder_0004.jpg,1,0.683597,Quin_Snyder,Quin_Snyder,positive
Rachel_Leigh_Cook_0001.jpg,Rachel_Leigh_Cook_0002.jpg,1,0.376266,Rachel_Leigh_Cook,Rachel_Leigh_Cook,positive
Tony_Clement_0001.jpg,Tony_Clement_0002.jpg,1,0.679451,Tony_Clement,Tony_Clement,positive
Bijan_Darvish_0001.jpg,Bijan_Darvish_0002.jpg,1,0.626707,Bijan_Darvish,Bijan_Darvish,positive
Carson_Daly_0001.jpg,Carson_Daly_0002.jpg,1,0.755540,Carson_Daly,Carson_Daly,positive
Dave_McGinnis_0001.jpg,Dave_McGinnis_0002.jpg,1,0.504947,Dave_McGinnis,Dave_McGinnis,positive
Larry_Campbell_0001.jpg,Larry_Campbell_0002.jpg,1,0.592899,Larry_Campbell,Larry_Campbell,positive
Mark_Polansky_0001.jpg,Mark_Polansky_0003.jpg,1,0.840784,Mark_Polansky,Mark_Polansky,positive
Tracy_Wyle_0001.jpg,Tracy_Wyle_0002.jpg,1,0.571413,Tracy_Wyle,Tracy_Wyle,positive
Ashley_Judd_0001.jpg,Ashley_Judd_0002.jpg,1,0.486884,Ashley_Judd,Ashley_Judd,positive
Lyudmila_Putin_0001.jpg,Lyudmila_Putin_0002.jpg,1,0.688746,Lyudmila_Putin,Lyudmila_Putin,positive
Mark_Swartz_0001.jpg,Mark_Swartz_0002.jpg,1,0.636903,Mark_Swartz,Mark_Swartz,positive
Mian_Khursheed_Mehmood_Kasuri_0001.jpg,Mian_Khursheed_Mehmood_Kasuri_0002.jpg,1,0.773245,Mian_Khursheed_Mehmood_Kasuri,Mian_Khursheed_Mehmood_Kasuri,positive
Oscar_DLeon_0001.jpg,Oscar_DLeon_0002.jpg,1,0.473754,Oscar_DLeon,Oscar_DLeon,positive
Shirley_Jones_0001.jpg,Shirley_Jones_0004.jpg,1,0.520165,Shirley_Jones,Shirley_Jones,positive
Margaret_Thatcher_0001.jpg,Margaret_Thatcher_0004.jpg,1,0.405659,Margaret_Thatcher,Margaret_Thatcher,positive
Dave_Campo_0001.jpg,Dave_Campo_0004.jpg,1,0.151106,Dave_Campo,Dave_Campo,positive
Chita_Rivera_0001.jpg,Chita_Rivera_0004.jpg,1,0.289564,Chita_Rivera,Chita_Rivera,positive
Mitzi_Gaynor_0001.jpg,Mitzi_Gaynor_0004.jpg,1,0.308725,Mitzi_Gaynor,Mitzi_Gaynor,positive
Larry_Hagman_0001.jpg,Larry_Hagman_0004.jpg,1,0.344964,Larry_Hagman,Larry_Hagman,positive
Lynn_Redgrave_0001.jpg,Lynn_Redgrave_0003.jpg,1,0.405019,Lynn_Redgrave,Lynn_Redgrave,positive
Martin_Scorsese_0001.jpg,Martin_Scorsese_0004.jpg,1,0.447689,Martin_Scorsese,Martin_Scorsese,positive
Arie_Haan_0001.jpg,Arie_Haan_0004.jpg,1,0.386981,Arie_Haan,Arie_Haan,positive
Edgar_Savisaar_0001.jpg,Edgar_Savisaar_0003.jpg,1,0.378290,Edgar_Savisaar,Edgar_Savisaar,positive
George_W_Bush_0001.jpg,George_W_Bush_0004.jpg,1,0.162116,George_W_Bush,George_W_Bush,positive
Jim_Fassel_0001.jpg,Jim_Fassel_0004.jpg,1,0.266604,Jim_Fassel,Jim_Fassel,positive
Adoor_Gopalakarishnan_0001.jpg,Adoor_Gopalakarishnan_0003.jpg,1,0.379904,Adoor_Gopalakarishnan,Adoor_Gopalakarishnan,positive
Peter_OToole_0001.jpg,Peter_OToole_0004.jpg,1,0.233868,Peter_OToole,Peter_OToole,positive
Debbie_Reynolds_0001.jpg,Debbie_Reynolds_0004.jpg,1,0.507812,Debbie_Reynolds,Debbie_Reynolds,positive
Bill_Clinton_0001.jpg,Bill_Clinton_0004.jpg,1,0.516072,Bill_Clinton,Bill_Clinton,positive
Donald_Trump_0001.jpg,Donald_Trump_0004.jpg,1,0.130299,Donald_Trump,Donald_Trump,positive
John_Danforth_0001.jpg,John_Danforth_0003.jpg,1,0.599856,John_Danforth,John_Danforth,positive
Freda_Black_0001.jpg,Freda_Black_0002.jpg,1,0.339439,Freda_Black,Freda_Black,positive
David_Canary_0001.jpg,David_Canary_0004.jpg,1,0.490728,David_Canary,David_Canary,positive
Geno_Auriemma_0001.jpg,Geno_Auriemma_0004.jpg,1,0.522475,Geno_Auriemma,Geno_Auriemma,positive
Bill_Parcells_0001.jpg,Bill_Parcells_0004.jpg,1,0.542270,Bill_Parcells,Bill_Parcells,positive
Elmar_Brok_0001.jpg,Elmar_Brok_0003.jpg,1,0.482477,Elmar_Brok,Elmar_Brok,positive
Gregory_Peck_0001.jpg,Gregory_Peck_0003.jpg,1,0.358710,Gregory_Peck,Gregory_Peck,positive
Michael_J_Fox_0001.jpg,Michael_J_Fox_0004.jpg,1,0.599823,Michael_J_Fox,Michael_J_Fox,positive
Stephen_Friedman_0001.jpg,Stephen_Friedman_0003.jpg,1,0.611976,Stephen_Friedman,Stephen_Friedman,positive
Jack_LaLanne_0001.jpg,Jack_LaLanne_0004.jpg,1,0.503979,Jack_LaLanne,Jack_LaLanne,positive
Nuon_Chea_0001.jpg,Nuon_Chea_0004.jpg,1,0.031642,Nuon_Chea,Nuon_Chea,positive
Roy_Romanow_0001.jpg,Roy_Romanow_0003.jpg,1,0.401341,Roy_Romanow,Roy_Romanow,positive
Alex_Sink_0001.jpg,Alex_Sink_0003.jpg,1,0.591359,Alex_Sink,Alex_Sink,positive
Kamal_Kharrazi_0001.jpg,Kamal_Kharrazi_0002.jpg,1,-0.010436,Kamal_Kharrazi,Kamal_Kharrazi,positive
Claudette_Robinson_0001.jpg,Claudette_Robinson_0004.jpg,1,0.458483,Claudette_Robinson,Claudette_Robinson,positive
Floyd_Keith_0001.jpg,Floyd_Keith_0002.jpg,1,0.570661,Floyd_Keith,Floyd_Keith,positive
Humberto_Coelho_0001.jpg,Humberto_Coelho_0004.jpg,1,0.431593,Humberto_Coelho,Humberto_Coelho,positive
Jean-Claude_Juncker_0001.jpg,Jean-Claude_Juncker_0004.jpg,1,0.402821,Jean-Claude_Juncker,Jean-Claude_Juncker,positive
Deniz_Baykal_0001.jpg,Deniz_Baykal_0004.jpg,1,0.580560,Deniz_Baykal,Deniz_Baykal,positive
Haydar_Aliyev_0001.jpg,Haydar_Aliyev_0003.jpg,1,0.400905,Haydar_Aliyev,Haydar_Aliyev,positive
Li_Changchun_0001.jpg,Li_Changchun_0004.jpg,1,-0.041275,Li_Changchun,Li_Changchun,positive
Mike_Babcock_0001.jpg,Mike_Babcock_0004.jpg,1,0.437316,Mike_Babcock,Mike_Babcock,positive
Teddy_Kollek_0001.jpg,Teddy_Kollek_0004.jpg,1,0.564546,Teddy_Kollek,Teddy_Kollek,positive
Amram_Mitzna_0001.jpg,Amram_Mitzna_0004.jpg,1,0.500008,Amram_Mitzna,Amram_Mitzna,positive
Billy_Donovan_0001.jpg,Billy_Donovan_0004.jpg,1,0.532906,Billy_Donovan,Billy_Donovan,positive
David_Carradine_0001.jpg,David_Carradine_0004.jpg,1,0.492670,David_Carradine,David_Carradine,positive
Janusz_Kaminski_0001.jpg,Janusz_Kaminski_0004.jpg,1,-0.004967,Janusz_Kaminski,Janusz_Kaminski,positive
Paul_Newman_0001.jpg,Paul_Newman_0002.jpg,1,0.401932,Paul_Newman,Paul_Newman,positive
Robert_Blake_0001.jpg,Robert_Blake_0004.jpg,1,0.456449,Robert_Blake,Robert_Blake,positive
Anthony_Hopkins_0001.jpg,Anthony_Hopkins_0004.jpg,1,0.486371,Anthony_Hopkins,Anthony_Hopkins,positive
Enos_Slaughter_0001.jpg,Enos_Slaughter_0004.jpg,1,0.357473,Enos_Slaughter,Enos_Slaughter,positive
Gabriel_Valdes_0001.jpg,Gabriel_Valdes_0004.jpg,1,0.577856,Gabriel_Valdes,Gabriel_Valdes,positive
Janet_Chandler_0001.jpg,Janet_Chandler_0003.jpg,1,0.005501,Janet_Chandler,Janet_Chandler,positive
Jim_Leach_0001.jpg,Jim_Leach_0002.jpg,1,0.508692,Jim_Leach,Jim_Leach,positive
Pyar_Jung_Thapa_0001.jpg,Pyar_Jung_Thapa_0003.jpg,1,-0.026140,Pyar_Jung_Thapa,Pyar_Jung_Thapa,positive
Michael_Chang_0001.jpg,Michael_Chang_0004.jpg,1,0.582486,Michael_Chang,Michael_Chang,positive
Robbie_Fowler_0001.jpg,Robbie_Fowler_0004.jpg,1,0.529784,Robbie_Fowler,Robbie_Fowler,positive
Salman_Rushdie_0001.jpg,Salman_Rushdie_0004.jpg,1,0.484001,Salman_Rushdie,Salman_Rushdie,positive
Steve_Largent_0001.jpg,Steve_Largent_0004.jpg,1,0.503600,Steve_Largent,Steve_Largent,positive
Zafarullah_Khan_Jamali_0001.jpg,Zafarullah_Khan_Jamali_0002.jpg,1,0.079368,Zafarullah_Khan_Jamali,Zafarullah_Khan_Jamali,positive
Ashanti_0001.jpg,Ashanti_0004.jpg,1,0.578132,Ashanti,Ashanti,positive
Dan_Kellner_0001.jpg,Dan_Kellner_0002.jpg,1,0.040361,Dan_Kellner,Dan_Kellner,positive
Maria_Shriver_0001.jpg,Maria_Shriver_0003.jpg,1,0.486382,Maria_Shriver,Maria_Shriver,positive
Max_von_Sydow_0001.jpg,Max_von_Sydow_0002.jpg,1,0.576530,Max_von_Sydow,Max_von_Sydow,positive
Robert_Towne_0001.jpg,Robert_Towne_0002.jpg,1,0.433268,Robert_Towne,Robert_Towne,positive
Bernadette_Peters_0001.jpg,Bernadette_Peters_0003.jpg,1,0.338749,Bernadette_Peters,Bernadette_Peters,positive
Cristian_Barros_0001.jpg,Cristian_Barros_0003.jpg,1,0.241695,Cristian_Barros,Cristian_Barros,positive
Ozzy_Osbourne_0001.jpg,Ozzy_Osbourne_0002.jpg,1,0.437353,Ozzy_Osbourne,Ozzy_Osbourne,positive
Charlie_Zaa_0001.jpg,Charlie_Zaa_0004.jpg,1,0.543536,Charlie_Zaa,Charlie_Zaa,positive
Mona_Rishmawi_0001.jpg,Mona_Rishmawi_0002.jpg,1,0.406342,Mona_Rishmawi,Mona_Rishmawi,positive
Nick_Nolte_0001.jpg,Nick_Nolte_0004.jpg,1,0.366648,Nick_Nolte,Nick_Nolte,positive
Robert_Durst_0001.jpg,Robert_Durst_0004.jpg,1,0.245495,Robert_Durst,Robert_Durst,positive
Wang_Yi_0001.jpg,Wang_Yi_0004.jpg,1,0.681454,Wang_Yi,Wang_Yi,positive
Bertie_Ahern_0001.jpg,Bertie_Ahern_0003.jpg,1,0.545205,Bertie_Ahern,Bertie_Ahern,positive
Chris_Pronger_0001.jpg,Chris_Pronger_0004.jpg,1,0.386421,Chris_Pronger,Chris_Pronger,positive
Darrell_Porter_0001.jpg,Darrell_Porter_0003.jpg,1,0.407977,Darrell_Porter,Darrell_Porter,positive
Hartmut_Mehdorn_0001.jpg,Hartmut_Mehdorn_0004.jpg,1,0.487235,Hartmut_Mehdorn,Hartmut_Mehdorn,positive
John_Swofford_0001.jpg,John_Swofford_0002.jpg,1,0.044608,John_Swofford,John_Swofford,positive
Kjell_Magne_Bondevik_0001.jpg,Kjell_Magne_Bondevik_0003.jpg,1,0.666225,Kjell_Magne_Bondevik,Kjell_Magne_Bondevik,positive
Michael_Bloomberg_0001.jpg,Michael_Bloomberg_0002.jpg,1,0.553618,Michael_Bloomberg,Michael_Bloomberg,positive
Paula_Zahn_0001.jpg,Paula_Zahn_0004.jpg,1,0.510392,Paula_Zahn,Paula_Zahn,positive
Rafael_Vinoly_0001.jpg,Rafael_Vinoly_0002.jpg,1,0.595297,Rafael_Vinoly,Rafael_Vinoly,positive
Rob_Schneider_0001.jpg,Rob_Schneider_0003.jpg,1,0.665478,Rob_Schneider,Rob_Schneider,positive
Sepp_Blatter_0001.jpg,Sepp_Blatter_0004.jpg,1,0.549199,Sepp_Blatter,Sepp_Blatter,positive
Sid_Caesar_0001.jpg,Sid_Caesar_0003.jpg,1,0.458401,Sid_Caesar,Sid_Caesar,positive
Augustin_Calleri_0001.jpg,Augustin_Calleri_0004.jpg,1,0.058215,Augustin_Calleri,Augustin_Calleri,positive
George_Karl_0001.jpg,George_Karl_0002.jpg,1,0.536764,George_Karl,George_Karl,positive
Gloria_Trevi_0001.jpg,Gloria_Trevi_0003.jpg,1,0.321528,Gloria_Trevi,Gloria_Trevi,positive
Heather_Willson_0001.jpg,Heather_Willson_0003.jpg,1,0.655227,Heather_Willson,Heather_Willson,positive
Javier_Vazquez_0001.jpg,Javier_Vazquez_0004.jpg,1,0.539204,Javier_Vazquez,Javier_Vazquez,positive
Alan_Trammell_0001.jpg,Alan_Trammell_0004.jpg,1,0.539200,Alan_Trammell,Alan_Trammell,positive
Ariel_Sharon_0001.jpg,Ariel_Sharon_0004.jpg,1,0.545831,Ariel_Sharon,Ariel_Sharon,positive
Halle_Berry_0001.jpg,Halle_Berry_0002.jpg,1,0.562961,Halle_Berry,Halle_Berry,positive
Jim_Tressel_0001.jpg,Jim_Tressel_0004.jpg,1,0.552915,Jim_Tressel,Jim_Tressel,positive
Marcelo_Rios_0001.jpg,Marcelo_Rios_0004.jpg,1,0.489273,Marcelo_Rios,Marcelo_Rios,positive
Marcos_Milinkovic_0001.jpg,Marcos_Milinkovic_0003.jpg,1,0.687608,Marcos_Milinkovic,Marcos_Milinkovic,positive
Ringo_Starr_0001.jpg,Ringo_Starr_0004.jpg,1,0.384710,Ringo_Starr,Ringo_Starr,positive
Stephen_Daldry_0001.jpg,Stephen_Daldry_0002.jpg,1,0.612081,Stephen_Daldry,Stephen_Daldry,positive
Sue_Wicks_0001.jpg,Sue_Wicks_0002.jpg,1,0.498003,Sue_Wicks,Sue_Wicks,positive
Suzanne_Mubarak_0001.jpg,Suzanne_Mubarak_0003.jpg,1,0.468599,Suzanne_Mubarak,Suzanne_Mubarak,positive
Ben_Stein_0001.jpg,Ben_Stein_0004.jpg,1,0.498350,Ben_Stein,Ben_Stein,positive
Federico_Castelan_Sayre_0001.jpg,Federico_Castelan_Sayre_0002.jpg,1,0.619007,Federico_Castelan_Sayre,Federico_Castelan_Sayre,positive
Hugo_Colace_0001.jpg,Hugo_Colace_0003.jpg,1,0.439962,Hugo_Colace,Hugo_Colace,positive
Javier_Bardem_0001.jpg,Javier_Bardem_0004.jpg,1,0.429203,Javier_Bardem,Javier_Bardem,positive
Jose_Jose_0001.jpg,Jose_Jose_0003.jpg,1,0.642647,Jose_Jose,Jose_Jose,positive
Luc_Montagnier_0001.jpg,Luc_Montagnier_0004.jpg,1,0.638556,Luc_Montagnier,Luc_Montagnier,positive
Maria_Simon_0001.jpg,Maria_Simon_0004.jpg,1,0.501098,Maria_Simon,Maria_Simon,positive
Omar_Vizquel_0001.jpg,Omar_Vizquel_0004.jpg,1,0.560239,Omar_Vizquel,Omar_Vizquel,positive
Qazi_Hussain_Ahmed_0001.jpg,Qazi_Hussain_Ahmed_0002.jpg,1,0.136351,Qazi_Hussain_Ahmed,Qazi_Hussain_Ahmed,positive
Craig_Fitzgibbon_0001.jpg,Craig_Fitzgibbon_0002.jpg,1,0.463532,Craig_Fitzgibbon,Craig_Fitzgibbon,positive
Curtis_Strange_0001.jpg,Curtis_Strange_0003.jpg,1,0.441447,Curtis_Strange,Curtis_Strange,positive
Deepa_Mehta_0001.jpg,Deepa_Mehta_0004.jpg,1,0.518619,Deepa_Mehta,Deepa_Mehta,positive
Jim_Flaherty_0001.jpg,Jim_Flaherty_0004.jpg,1,0.578106,Jim_Flaherty,Jim_Flaherty,positive
Luis_Guzman_0001.jpg,Luis_Guzman_0004.jpg,1,0.725023,Luis_Guzman,Luis_Guzman,positive
Mike_Scioscia_0001.jpg,Mike_Scioscia_0003.jpg,1,0.486417,Mike_Scioscia,Mike_Scioscia,positive
Oprah_Winfrey_0001.jpg,Oprah_Winfrey_0002.jpg,1,0.486518,Oprah_Winfrey,Oprah_Winfrey,positive
Pierce_Brosnan_0001.jpg,Pierce_Brosnan_0004.jpg,1,0.521189,Pierce_Brosnan,Pierce_Brosnan,positive
Ralf_Schumacher_0001.jpg,Ralf_Schumacher_0004.jpg,1,0.572442,Ralf_Schumacher,Ralf_Schumacher,positive
Sok_An_0001.jpg,Sok_An_0004.jpg,1,0.620446,Sok_An,Sok_An,positive
Ambrose_Lee_0001.jpg,Ambrose_Lee_0004.jpg,1,0.722701,Ambrose_Lee,Ambrose_Lee,positive
Caio_Blat_0001.jpg,Caio_Blat_0004.jpg,1,0.535227,Caio_Blat,Caio_Blat,positive
Columba_Bush_0001.jpg,Columba_Bush_0002.jpg,1,0.579868,Columba_Bush,Columba_Bush,positive
Dan_Monson_0001.jpg,Dan_Monson_0004.jpg,1,0.642012,Dan_Monson,Dan_Monson,positive
Diana_Taurasi_0001.jpg,Diana_Taurasi_0004.jpg,1,0.739843,Diana_Taurasi,Diana_Taurasi,positive
Helo_Pinheiro_0001.jpg,Helo_Pinheiro_0002.jpg,1,0.393583,Helo_Pinheiro,Helo_Pinheiro,positive
Iva_Majoli_0001.jpg,Iva_Majoli_0004.jpg,1,0.101719,Iva_Majoli,Iva_Majoli,positive
James_Wolfensohn_0001.jpg,James_Wolfensohn_0002.jpg,1,0.634371,James_Wolfensohn,James_Wolfensohn,positive
John_Norquist_0001.jpg,John_Norquist_0003.jpg,1,0.759287,John_Norquist,John_Norquist,positive
Peter_Gabriel_0001.jpg,Peter_Gabriel_0004.jpg,1,0.309369,Peter_Gabriel,Peter_Gabriel,positive
Ray_Liotta_0001.jpg,Ray_Liotta_0004.jpg,1,0.575847,Ray_Liotta,Ray_Liotta,positive
Ruth_Pearce_0001.jpg,Ruth_Pearce_0002.jpg,1,0.016479,Ruth_Pearce,Ruth_Pearce,positive
Gary_Winnick_0001.jpg,Gary_Winnick_0004.jpg,1,0.564862,Gary_Winnick,Gary_Winnick,positive
George_Ryan_0001.jpg,George_Ryan_0004.jpg,1,0.043610,George_Ryan,George_Ryan,positive
Gordon_Campbell_0001.jpg,Gordon_Campbell_0002.jpg,1,0.571615,Gordon_Campbell,Gordon_Campbell,positive
Hermogenes_Ebdane_Jr_0001.jpg,Hermogenes_Ebdane_Jr_0003.jpg,1,0.195754,Hermogenes_Ebdane_Jr,Hermogenes_Ebdane_Jr,positive
Jeri_Ryan_0001.jpg,Jeri_Ryan_0002.jpg,1,0.640798,Jeri_Ryan,Jeri_Ryan,positive
Jim_Thome_0001.jpg,Jim_Thome_0004.jpg,1,0.558975,Jim_Thome,Jim_Thome,positive
John_Ashcroft_0001.jpg,John_Ashcroft_0003.jpg,1,0.585327,John_Ashcroft,John_Ashcroft,positive
Linda_Lingle_0001.jpg,Linda_Lingle_0003.jpg,1,0.715939,Linda_Lingle,Linda_Lingle,positive
Michael_Haneke_0001.jpg,Michael_Haneke_0004.jpg,1,0.659366,Michael_Haneke,Michael_Haneke,positive
Ray_Bradbury_0001.jpg,Ray_Bradbury_0003.jpg,1,0.520306,Ray_Bradbury,Ray_Bradbury,positive
Tim_Floyd_0001.jpg,Tim_Floyd_0003.jpg,1,0.534203,Tim_Floyd,Tim_Floyd,positive
Tino_Martinez_0001.jpg,Tino_Martinez_0003.jpg,1,0.489136,Tino_Martinez,Tino_Martinez,positive
Zhu_Rongji_0001.jpg,Zhu_Rongji_0004.jpg,1,0.709118,Zhu_Rongji,Zhu_Rongji,positive
Dirk_Kempthorne_0001.jpg,Dirk_Kempthorne_0003.jpg,1,0.526164,Dirk_Kempthorne,Dirk_Kempthorne,positive
Jenna_Elfman_0001.jpg,Jenna_Elfman_0004.jpg,1,0.497399,Jenna_Elfman,Jenna_Elfman,positive
Kurt_Schottenheimer_0001.jpg,Kurt_Schottenheimer_0002.jpg,1,0.171484,Kurt_Schottenheimer,Kurt_Schottenheimer,positive
Celia_Cruz_0001.jpg,Celia_Cruz_0003.jpg,1,0.647725,Celia_Cruz,Celia_Cruz,positive
Colin_Jackson_0001.jpg,Colin_Jackson_0003.jpg,1,0.636796,Colin_Jackson,Colin_Jackson,positive
Eric_Fehr_0001.jpg,Eric_Fehr_0003.jpg,1,0.510812,Eric_Fehr,Eric_Fehr,positive
Jane_Krakowski_0001.jpg,Jane_Krakowski_0004.jpg,1,0.522416,Jane_Krakowski,Jane_Krakowski,positive
Jason_Lezak_0001.jpg,Jason_Lezak_0004.jpg,1,0.570760,Jason_Lezak,Jason_Lezak,positive
Jayson_Williams_0001.jpg,Jayson_Williams_0003.jpg,1,0.384618,Jayson_Williams,Jayson_Williams,positive
Karin_Stoiber_0001.jpg,Karin_Stoiber_0004.jpg,1,0.364768,Karin_Stoiber,Karin_Stoiber,positive
Lionel_Richie_0001.jpg,Lionel_Richie_0004.jpg,1,0.577651,Lionel_Richie,Lionel_Richie,positive
Michael_Patrick_King_0001.jpg,Michael_Patrick_King_0004.jpg,1,0.614121,Michael_Patrick_King,Michael_Patrick_King,positive
Michelle_Rodriguez_0001.jpg,Michelle_Rodriguez_0002.jpg,1,0.619287,Michelle_Rodriguez,Michelle_Rodriguez,positive
Mira_Sorvino_0001.jpg,Mira_Sorvino_0004.jpg,1,0.479473,Mira_Sorvino,Mira_Sorvino,positive
Noel_Forgeard_0001.jpg,Noel_Forgeard_0004.jpg,1,0.502122,Noel_Forgeard,Noel_Forgeard,positive
Stacy_Dragila_0001.jpg,Stacy_Dragila_0004.jpg,1,0.529930,Stacy_Dragila,Stacy_Dragila,positive
Yannos_Papantoniou_0001.jpg,Yannos_Papantoniou_0004.jpg,1,0.724783,Yannos_Papantoniou,Yannos_Papantoniou,positive
Aaron_Tippin_0001.jpg,Aaron_Tippin_0002.jpg,1,0.523655,Aaron_Tippin,Aaron_Tippin,positive
Annette_Bening_0001.jpg,Annette_Bening_0004.jpg,1,0.777889,Annette_Bening,Annette_Bening,positive
Christian_Wulff_0001.jpg,Christian_Wulff_0004.jpg,1,0.577219,Christian_Wulff,Christian_Wulff,positive
Drew_Gooden_0001.jpg,Drew_Gooden_0003.jpg,1,0.477217,Drew_Gooden,Drew_Gooden,positive
Jada_Pinkett_Smith_0001.jpg,Jada_Pinkett_Smith_0004.jpg,1,0.282405,Jada_Pinkett_Smith,Jada_Pinkett_Smith,positive
Jennifer_Lopez_0001.jpg,Jennifer_Lopez_0003.jpg,1,0.534470,Jennifer_Lopez,Jennifer_Lopez,positive
Leonid_Kuchma_0001.jpg,Leonid_Kuchma_0002.jpg,1,0.522053,Leonid_Kuchma,Leonid_Kuchma,positive
Luiz_Felipe_Scolari_0001.jpg,Luiz_Felipe_Scolari_0004.jpg,1,0.757420,Luiz_Felipe_Scolari,Luiz_Felipe_Scolari,positive
Peter_Lundgren_0001.jpg,Peter_Lundgren_0002.jpg,1,0.716095,Peter_Lundgren,Peter_Lundgren,positive
Prince_Felipe_0001.jpg,Prince_Felipe_0004.jpg,1,0.593911,Prince_Felipe,Prince_Felipe,positive
Scott_Wolf_0001.jpg,Scott_Wolf_0003.jpg,1,0.655733,Scott_Wolf,Scott_Wolf,positive
Ai_Sugiyama_0001.jpg,Ai_Sugiyama_0002.jpg,1,0.231074,Ai_Sugiyama,Ai_Sugiyama,positive
Bob_Hayes_0001.jpg,Bob_Hayes_0002.jpg,1,0.505276,Bob_Hayes,Bob_Hayes,positive
Darrell_Issa_0001.jpg,Darrell_Issa_0004.jpg,1,0.462188,Darrell_Issa,Darrell_Issa,positive
David_Wells_0001.jpg,David_Wells_0004.jpg,1,0.571425,David_Wells,David_Wells,positive
Gustavo_Kuerten_0001.jpg,Gustavo_Kuerten_0004.jpg,1,0.478125,Gustavo_Kuerten,Gustavo_Kuerten,positive
Ivan_Stambolic_0001.jpg,Ivan_Stambolic_0004.jpg,1,0.710003,Ivan_Stambolic,Ivan_Stambolic,positive
James_Gibson_0001.jpg,James_Gibson_0004.jpg,1,0.652676,James_Gibson,James_Gibson,positive
Jay_Rasulo_0001.jpg,Jay_Rasulo_0003.jpg,1,0.575774,Jay_Rasulo,Jay_Rasulo,positive
Jesse_Jackson_0001.jpg,Jesse_Jackson_0004.jpg,1,0.665215,Jesse_Jackson,Jesse_Jackson,positive
Josh_Kronfeld_0001.jpg,Josh_Kronfeld_0003.jpg,1,0.578244,Josh_Kronfeld,Josh_Kronfeld,positive
Kareena_Kapoor_0001.jpg,Kareena_Kapoor_0004.jpg,1,0.683444,Kareena_Kapoor,Kareena_Kapoor,positive
OJ_Simpson_0001.jpg,OJ_Simpson_0004.jpg,1,0.649662,OJ_Simpson,OJ_Simpson,positive
Rita_Wilson_0001.jpg,Rita_Wilson_0002.jpg,1,0.453023,Rita_Wilson,Rita_Wilson,positive
Saeed_Mortazavi_0001.jpg,Saeed_Mortazavi_0002.jpg,1,0.085026,Saeed_Mortazavi,Saeed_Mortazavi,positive
William_Rosenberg_0001.jpg,William_Rosenberg_0002.jpg,1,0.729714,William_Rosenberg,William_Rosenberg,positive
Abdel_Nasser_Assidi_0001.jpg,Abdel_Nasser_Assidi_0003.jpg,1,0.480512,Abdel_Nasser_Assidi,Abdel_Nasser_Assidi,positive
Dexter_Jackson_0001.jpg,Dexter_Jackson_0003.jpg,1,0.716316,Dexter_Jackson,Dexter_Jackson,positive
Faisal_Saleh_Hayat_0001.jpg,Faisal_Saleh_Hayat_0004.jpg,1,0.706324,Faisal_Saleh_Hayat,Faisal_Saleh_Hayat,positive
Graeme_Lloyd_0001.jpg,Graeme_Lloyd_0003.jpg,1,0.592393,Graeme_Lloyd,Graeme_Lloyd,positive
Guy_Hemmings_0001.jpg,Guy_Hemmings_0004.jpg,1,0.740118,Guy_Hemmings,Guy_Hemmings,positive
Heidi_Fleiss_0001.jpg,Heidi_Fleiss_0002.jpg,1,0.393192,Heidi_Fleiss,Heidi_Fleiss,positive
Jesse_Ventura_0001.jpg,Jesse_Ventura_0004.jpg,1,0.788407,Jesse_Ventura,Jesse_Ventura,positive
Marcelo_Ebrard_0001.jpg,Marcelo_Ebrard_0004.jpg,1,0.634052,Marcelo_Ebrard,Marcelo_Ebrard,positive
Michael_Jackson_0001.jpg,Michael_Jackson_0004.jpg,1,0.451014,Michael_Jackson,Michael_Jackson,positive
Patsy_Kensit_0001.jpg,Patsy_Kensit_0002.jpg,1,0.498708,Patsy_Kensit,Patsy_Kensit,positive
Qais_al-Kazali_0001.jpg,Qais_al-Kazali_0002.jpg,1,0.531348,Qais_al-Kazali,Qais_al-Kazali,positive
Sanja_Papic_0001.jpg,Sanja_Papic_0002.jpg,1,0.296036,Sanja_Papic,Sanja_Papic,positive
Thad_Matta_0001.jpg,Thad_Matta_0003.jpg,1,0.481839,Thad_Matta,Thad_Matta,positive
Tommy_Robredo_0001.jpg,Tommy_Robredo_0004.jpg,1,0.534703,Tommy_Robredo,Tommy_Robredo,positive
Tony_Stewart_0001.jpg,Tony_Stewart_0004.jpg,1,0.688033,Tony_Stewart,Tony_Stewart,positive
Alain_Ducasse_0001.jpg,Alain_Ducasse_0004.jpg,1,0.509714,Alain_Ducasse,Alain_Ducasse,positive
Arminio_Fraga_0001.jpg,Arminio_Fraga_0004.jpg,1,0.635999,Arminio_Fraga,Arminio_Fraga,positive
Billy_Boyd_0001.jpg,Billy_Boyd_0004.jpg,1,0.676867,Billy_Boyd,Billy_Boyd,positive
Brendan_Hansen_0001.jpg,Brendan_Hansen_0004.jpg,1,0.454788,Brendan_Hansen,Brendan_Hansen,positive
David_Spade_0001.jpg,David_Spade_0004.jpg,1,0.708570,David_Spade,David_Spade,positive
Donald_Evans_0001.jpg,Donald_Evans_0003.jpg,1,-0.063270,Donald_Evans,Donald_Evans,positive
Henrique_Meirelles_0001.jpg,Henrique_Meirelles_0002.jpg,1,0.526898,Henrique_Meirelles,Henrique_Meirelles,positive
Patrick_Eaves_0001.jpg,Patrick_Eaves_0002.jpg,1,0.763605,Patrick_Eaves,Patrick_Eaves,positive
Rani_Mukherjee_0001.jpg,Rani_Mukherjee_0004.jpg,1,0.573083,Rani_Mukherjee,Rani_Mukherjee,positive
Ross_Verba_0001.jpg,Ross_Verba_0003.jpg,1,0.612592,Ross_Verba,Ross_Verba,positive
Tom_Tunney_0001.jpg,Tom_Tunney_0002.jpg,1,0.590871,Tom_Tunney,Tom_Tunney,positive
Andrew_Niccol_0001.jpg,Andrew_Niccol_0002.jpg,1,0.637753,Andrew_Niccol,Andrew_Niccol,positive
Cecilia_Bolocco_0001.jpg,Cecilia_Bolocco_0004.jpg,1,0.460610,Cecilia_Bolocco,Cecilia_Bolocco,positive
Julie_Taymor_0001.jpg,Julie_Taymor_0003.jpg,1,0.604326,Julie_Taymor,Julie_Taymor,positive
Kathy_Bates_0001.jpg,Kathy_Bates_0004.jpg,1,0.669794,Kathy_Bates,Kathy_Bates,positive
Marwan_Barghouthi_0001.jpg,Marwan_Barghouthi_0004.jpg,1,0.580176,Marwan_Barghouthi,Marwan_Barghouthi,positive
Ricky_Barnes_0001.jpg,Ricky_Barnes_0002.jpg,1,0.627995,Ricky_Barnes,Ricky_Barnes,positive
Rupert_Grint_0001.jpg,Rupert_Grint_0004.jpg,1,0.551392,Rupert_Grint,Rupert_Grint,positive
William_Nessen_0001.jpg,William_Nessen_0003.jpg,1,0.537876,William_Nessen,William_Nessen,positive
Yolanda_King_0001.jpg,Yolanda_King_0004.jpg,1,0.789445,Yolanda_King,Yolanda_King,positive
Anastasia_Kelesidou_0001.jpg,Anastasia_Kelesidou_0002.jpg,1,0.514160,Anastasia_Kelesidou,Anastasia_Kelesidou,positive
Bill_McBride_0001.jpg,Bill_McBride_0002.jpg,1,0.629267,Bill_McBride,Bill_McBride,positive
Bill_OReilly_0001.jpg,Bill_OReilly_0004.jpg,1,0.689436,Bill_OReilly,Bill_OReilly,positive
Bo_Ryan_0001.jpg,Bo_Ryan_0003.jpg,1,0.609746,Bo_Ryan,Bo_Ryan,positive
David_Dodge_0001.jpg,David_Dodge_0002.jpg,1,0.634451,David_Dodge,David_Dodge,positive
Herman_Edwards_0001.jpg,Herman_Edwards_0003.jpg,1,0.617757,Herman_Edwards,Herman_Edwards,positive
Jessica_Biel_0001.jpg,Jessica_Biel_0002.jpg,1,0.468463,Jessica_Biel,Jessica_Biel,positive
Joe_Dumars_0001.jpg,Joe_Dumars_0004.jpg,1,0.677307,Joe_Dumars,Joe_Dumars,positive
John_Bolton_0001.jpg,John_Bolton_0003.jpg,1,0.700406,John_Bolton,John_Bolton,positive
Laura_Pausini_0001.jpg,Laura_Pausini_0004.jpg,1,0.612479,Laura_Pausini,Laura_Pausini,positive
Mike_Martz_0001.jpg,Mike_Martz_0002.jpg,1,0.733190,Mike_Martz,Mike_Martz,positive
Allen_Iverson_0001.jpg,Allen_Iverson_0003.jpg,1,0.530255,Allen_Iverson,Allen_Iverson,positive
Anne_McLellan_0001.jpg,Anne_McLellan_0002.jpg,1,0.363676,Anne_McLellan,Anne_McLellan,positive
Anzori_Kikalishvili_0001.jpg,Anzori_Kikalishvili_0003.jpg,1,0.590670,Anzori_Kikalishvili,Anzori_Kikalishvili,positive
Fabian_Vargas_0001.jpg,Fabian_Vargas_0004.jpg,1,0.616234,Fabian_Vargas,Fabian_Vargas,positive
James_Cunningham_0001.jpg,James_Cunningham_0002.jpg,1,0.752661,James_Cunningham,James_Cunningham,positive
Joaquin_Phoenix_0001.jpg,Joaquin_Phoenix_0004.jpg,1,0.636653,Joaquin_Phoenix,Joaquin_Phoenix,positive
John_Timoney_0001.jpg,John_Timoney_0004.jpg,1,0.667989,John_Timoney,John_Timoney,positive
Marilyn_Monroe_0001.jpg,Marilyn_Monroe_0004.jpg,1,0.175757,Marilyn_Monroe,Marilyn_Monroe,positive
Mario_Cipollini_0001.jpg,Mario_Cipollini_0002.jpg,1,0.703253,Mario_Cipollini,Mario_Cipollini,positive
Romain_Duris_0001.jpg,Romain_Duris_0004.jpg,1,0.656574,Romain_Duris,Romain_Duris,positive
Shawn_Marion_0001.jpg,Shawn_Marion_0002.jpg,1,0.533073,Shawn_Marion,Shawn_Marion,positive
Timothy_McVeigh_0001.jpg,Timothy_McVeigh_0004.jpg,1,0.689490,Timothy_McVeigh,Timothy_McVeigh,positive
Tony_Parker_0001.jpg,Tony_Parker_0002.jpg,1,0.754525,Tony_Parker,Tony_Parker,positive
Wolfgang_Schneiderhan_0001.jpg,Wolfgang_Schneiderhan_0002.jpg,1,0.680000,Wolfgang_Schneiderhan,Wolfgang_Schneiderhan,positive
Carlos_Quintanilla_Schmidt_0001.jpg,Carlos_Quintanilla_Schmidt_0002.jpg,1,0.582548,Carlos_Quintanilla_Schmidt,Carlos_Quintanilla_Schmidt,positive
Duane_Lee_Chapman_0001.jpg,Duane_Lee_Chapman_0002.jpg,1,0.534604,Duane_Lee_Chapman,Duane_Lee_Chapman,positive
Emily_Mortimer_0001.jpg,Emily_Mortimer_0002.jpg,1,0.525873,Emily_Mortimer,Emily_Mortimer,positive
Filippo_Volandri_0001.jpg,Filippo_Volandri_0003.jpg,1,0.602695,Filippo_Volandri,Filippo_Volandri,positive
Greg_Rusedski_0001.jpg,Greg_Rusedski_0002.jpg,1,0.611041,Greg_Rusedski,Greg_Rusedski,positive
Jesse_James_Leija_0001.jpg,Jesse_James_Leija_0002.jpg,1,0.589103,Jesse_James_Leija,Jesse_James_Leija,positive
Joan_Laporta_0001.jpg,Joan_Laporta_0004.jpg,1,0.649428,Joan_Laporta,Joan_Laporta,positive
Lina_Krasnoroutskaya_0001.jpg,Lina_Krasnoroutskaya_0004.jpg,1,0.557658,Lina_Krasnoroutskaya,Lina_Krasnoroutskaya,positive
Micky_Ward_0001.jpg,Micky_Ward_0003.jpg,1,0.412451,Micky_Ward,Micky_Ward,positive
Peter_Sejna_0001.jpg,Peter_Sejna_0002.jpg,1,0.529771,Peter_Sejna,Peter_Sejna,positive
Rick_Husband_0001.jpg,Rick_Husband_0003.jpg,1,0.662266,Rick_Husband,Rick_Husband,positive
Simon_Cowell_0001.jpg,Simon_Cowell_0002.jpg,1,0.621448,Simon_Cowell,Simon_Cowell,positive
Stephan_Eberharter_0001.jpg,Stephan_Eberharter_0004.jpg,1,0.595635,Stephan_Eberharter,Stephan_Eberharter,positive
Adam_Ant_0001.jpg,Adam_Ant_0002.jpg,1,0.401781,Adam_Ant,Adam_Ant,positive
Adam_Mair_0001.jpg,Adam_Mair_0002.jpg,1,0.692410,Adam_Mair,Adam_Mair,positive
Angie_Martinez_0001.jpg,Angie_Martinez_0004.jpg,1,0.398102,Angie_Martinez,Angie_Martinez,positive
Bob_Beauprez_0001.jpg,Bob_Beauprez_0002.jpg,1,0.724963,Bob_Beauprez,Bob_Beauprez,positive
Cesar_Gaviria_0001.jpg,Cesar_Gaviria_0002.jpg,1,0.702435,Cesar_Gaviria,Cesar_Gaviria,positive
Clifford_Robinson_0001.jpg,Clifford_Robinson_0002.jpg,1,0.048415,Clifford_Robinson,Clifford_Robinson,positive
Dwain_Kyles_0001.jpg,Dwain_Kyles_0002.jpg,1,0.595856,Dwain_Kyles,Dwain_Kyles,positive
Elena_Dementieva_0001.jpg,Elena_Dementieva_0002.jpg,1,0.665244,Elena_Dementieva,Elena_Dementieva,positive
Kurt_Warner_0001.jpg,Kurt_Warner_0002.jpg,1,0.780680,Kurt_Warner,Kurt_Warner,positive
Lisa_Stone_0001.jpg,Lisa_Stone_0002.jpg,1,0.507686,Lisa_Stone,Lisa_Stone,positive
Mikulas_Dzurinda_0001.jpg,Mikulas_Dzurinda_0003.jpg,1,0.445417,Mikulas_Dzurinda,Mikulas_Dzurinda,positive
Paul_Martin_0001.jpg,Paul_Martin_0002.jpg,1,-0.030070,Paul_Martin,Paul_Martin,positive
Val_Ackerman_0001.jpg,Val_Ackerman_0004.jpg,1,0.611830,Val_Ackerman,Val_Ackerman,positive
Alecos_Markides_0001.jpg,Alecos_Markides_0002.jpg,1,0.722075,Alecos_Markides,Alecos_Markides,positive
Alina_Kabaeva_0001.jpg,Alina_Kabaeva_0002.jpg,1,0.503851,Alina_Kabaeva,Alina_Kabaeva,positive
Ben_Braun_0001.jpg,Ben_Braun_0002.jpg,1,0.578180,Ben_Braun,Ben_Braun,positive
Binyamin_Ben-Eliezer_0001.jpg,Binyamin_Ben-Eliezer_0002.jpg,1,0.615342,Binyamin_Ben-Eliezer,Binyamin_Ben-Eliezer,positive
George_Robertson_0001.jpg,George_Robertson_0002.jpg,1,0.654897,George_Robertson,George_Robertson,positive
Heather_Mills_0001.jpg,Heather_Mills_0004.jpg,1,0.562448,Heather_Mills,Heather_Mills,positive
Justin_Wilson_0001.jpg,Justin_Wilson_0004.jpg,1,0.846018,Justin_Wilson,Justin_Wilson,positive
Kara_Lynn_Joyce_0001.jpg,Kara_Lynn_Joyce_0002.jpg,1,0.638109,Kara_Lynn_Joyce,Kara_Lynn_Joyce,positive
Kimi_Raikkonen_0001.jpg,Kimi_Raikkonen_0002.jpg,1,0.539183,Kimi_Raikkonen,Kimi_Raikkonen,positive
Kobe_Bryant_0001.jpg,Kobe_Bryant_0002.jpg,1,0.544188,Kobe_Bryant,Kobe_Bryant,positive
Magdalena_Maleeva_0001.jpg,Magdalena_Maleeva_0002.jpg,1,0.524709,Magdalena_Maleeva,Magdalena_Maleeva,positive
Mel_Karmazin_0001.jpg,Mel_Karmazin_0003.jpg,1,0.792155,Mel_Karmazin,Mel_Karmazin,positive
Miles_Stewart_0001.jpg,Miles_Stewart_0002.jpg,1,0.465734,Miles_Stewart,Miles_Stewart,positive
Rod_Paige_0001.jpg,Rod_Paige_0002.jpg,1,0.730078,Rod_Paige,Rod_Paige,positive
Tim_Howard_0001.jpg,Tim_Howard_0002.jpg,1,0.757134,Tim_Howard,Tim_Howard,positive
Tom_Watson_0001.jpg,Tom_Watson_0002.jpg,1,0.600382,Tom_Watson,Tom_Watson,positive
David_Heyman_0001.jpg,David_Heyman_0004.jpg,1,0.712659,David_Heyman,David_Heyman,positive
Ed_Smart_0001.jpg,Ed_Smart_0004.jpg,1,0.740035,Ed_Smart,Ed_Smart,positive
Jon_Gruden_0001.jpg,Jon_Gruden_0002.jpg,1,0.519455,Jon_Gruden,Jon_Gruden,positive
Lela_Rochon_0001.jpg,Lela_Rochon_0003.jpg,1,0.633268,Lela_Rochon,Lela_Rochon,positive
Lord_Hutton_0001.jpg,Lord_Hutton_0004.jpg,1,0.234194,Lord_Hutton,Lord_Hutton,positive
Normand_Legault_0001.jpg,Normand_Legault_0003.jpg,1,0.750970,Normand_Legault,Normand_Legault,positive
Orlando_Bloom_0001.jpg,Orlando_Bloom_0004.jpg,1,0.522197,Orlando_Bloom,Orlando_Bloom,positive
Paul_Murphy_0001.jpg,Paul_Murphy_0002.jpg,1,0.555241,Paul_Murphy,Paul_Murphy,positive
Andy_Madikians_0001.jpg,Andy_Madikians_0002.jpg,1,0.698206,Andy_Madikians,Andy_Madikians,positive
Anne_Krueger_0001.jpg,Anne_Krueger_0002.jpg,1,0.612335,Anne_Krueger,Anne_Krueger,positive
Ben_Chandler_0001.jpg,Ben_Chandler_0002.jpg,1,0.720175,Ben_Chandler,Ben_Chandler,positive
Ben_Lee_0001.jpg,Ben_Lee_0002.jpg,1,0.729225,Ben_Lee,Ben_Lee,positive
Brian_Wells_0001.jpg,Brian_Wells_0002.jpg,1,0.776591,Brian_Wells,Brian_Wells,positive
Daniel_Osorno_0001.jpg,Daniel_Osorno_0002.jpg,1,0.503778,Daniel_Osorno,Daniel_Osorno,positive
John_F_Kennedy_Jr_0001.jpg,Meles_Zenawi_0004.jpg,0,-0.037921,John_F_Kennedy_Jr,Meles_Zenawi,random_negative
Tom_Brady_0002.jpg,Tom_Curley_0002.jpg,0,0.066635,Tom_Brady,Tom_Curley,random_negative
Camilla_Parker_Bowles_0003.jpg,Duane_Lee_Chapman_0002.jpg,0,0.033527,Camilla_Parker_Bowles,Duane_Lee_Chapman,random_negative
Joe_Nichols_0001.jpg,Vyacheslav_Fetisov_0001.jpg,0,-0.016357,Joe_Nichols,Vyacheslav_Fetisov,random_negative
Mauricio_Pochetino_0001.jpg,Richard_Haass_0003.jpg,0,0.036321,Mauricio_Pochetino,Richard_Haass,random_negative
Guangdong_Ou_Guangyuan_0001.jpg,Natalie_Maines_0001.jpg,0,-0.009953,Guangdong_Ou_Guangyuan,Natalie_Maines,random_negative
Aileen_Riggin_Soule_0001.jpg,Brooke_Shields_0004.jpg,0,0.121230,Aileen_Riggin_Soule,Brooke_Shields,random_negative
Mehmet_Okur_0001.jpg,Tommy_Tubberville_0004.jpg,0,0.038766,Mehmet_Okur,Tommy_Tubberville,random_negative
Kristanna_Loken_0004.jpg,Marat_Safin_0003.jpg,0,0.044390,Kristanna_Loken,Marat_Safin,random_negative
Bill_OReilly_0004.jpg,Gordon_Campbell_0001.jpg,0,-0.048783,Bill_OReilly,Gordon_Campbell,random_negative
Guy_Ritchie_0002.jpg,Petria_Thomas_0002.jpg,0,0.019228,Guy_Ritchie,Petria_Thomas,random_negative
Hank_McKinnell_0001.jpg,Tommy_Thompson_0001.jpg,0,0.029524,Hank_McKinnell,Tommy_Thompson,random_negative
Elena_Bereznaya_0001.jpg,Richard_Chamberlain_0001.jpg,0,-0.056122,Elena_Bereznaya,Richard_Chamberlain,random_negative
Lily_Tomlin_0004.jpg,Tim_Henman_0004.jpg,0,0.094983,Lily_Tomlin,Tim_Henman,random_negative
Edgar_Savisaar_0003.jpg,Robert_Hanssen_0002.jpg,0,-0.061884,Edgar_Savisaar,Robert_Hanssen,random_negative
Dustin_Hoffman_0001.jpg,Martin_Brodeur_0001.jpg,0,-0.013203,Dustin_Hoffman,Martin_Brodeur,random_negative
Bono_0003.jpg,Kajsa_Bergqvist_0001.jpg,0,0.085911,Bono,Kajsa_Bergqvist,random_negative
Conchita_Martinez_0004.jpg,Ismail_Merchant_0001.jpg,0,0.004222,Conchita_Martinez,Ismail_Merchant,random_negative
Morris_Dees_0002.jpg,Svetlana_Koroleva_0003.jpg,0,0.011002,Morris_Dees,Svetlana_Koroleva,random_negative
Grant_Hackett_0002.jpg,Stanley_Ho_0004.jpg,0,0.059134,Grant_Hackett,Stanley_Ho,random_negative
Nancy_Pelosi_0003.jpg,Pascal_Quignard_0004.jpg,0,0.017770,Nancy_Pelosi,Pascal_Quignard,random_negative
Boris_Berezovsky_0002.jpg,Grant_Hackett_0004.jpg,0,-0.086522,Boris_Berezovsky,Grant_Hackett,random_negative
Halle_Berry_0002.jpg,Zoe_Ball_0001.jpg,0,0.078429,Halle_Berry,Zoe_Ball,random_negative
Charles_Taylor_0002.jpg,Guy_Hemmings_0004.jpg,0,-0.065949,Charles_Taylor,Guy_Hemmings,random_negative
Arlen_Specter_0002.jpg,Vanessa_Redgrave_0002.jpg,0,0.043816,Arlen_Specter,Vanessa_Redgrave,random_negative
Joey_Mantia_0003.jpg,Madonna_0001.jpg,0,0.001792,Joey_Mantia,Madonna,random_negative
Adrian_Nastase_0001.jpg,Helo_Pinheiro_0002.jpg,0,-0.011242,Adrian_Nastase,Helo_Pinheiro,random_negative
AJ_Lamas_0002.jpg,Evander_Holyfield_0002.jpg,0,0.024219,AJ_Lamas,Evander_Holyfield,random_negative
Latrell_Sprewell_0002.jpg,Luciano_Pavarotti_0004.jpg,0,-0.080138,Latrell_Sprewell,Luciano_Pavarotti,random_negative
Chuck_Amato_0001.jpg,Phillip_Seymor_Hoffmann_0001.jpg,0,-0.018027,Chuck_Amato,Phillip_Seymor_Hoffmann,random_negative
Andrei_Nikolishin_0003.jpg,Chok_Tong_Goh_0004.jpg,0,-0.013445,Andrei_Nikolishin,Chok_Tong_Goh,random_negative
Angelina_Jolie_0003.jpg,Marcus_Gronholm_0002.jpg,0,-0.072989,Angelina_Jolie,Marcus_Gronholm,random_negative
Warren_Truss_0001.jpg,Zeljko_Rebraca_0002.jpg,0,-0.042267,Warren_Truss,Zeljko_Rebraca,random_negative
Joe_Gatti_0001.jpg,Margaret_Thatcher_0004.jpg,0,0.075865,Joe_Gatti,Margaret_Thatcher,random_negative
Alejandro_Lerner_0004.jpg,John_Stockton_0004.jpg,0,-0.053681,Alejandro_Lerner,John_Stockton,random_negative
Carolina_Barco_0003.jpg,Stanley_McChrystal_0004.jpg,0,0.031291,Carolina_Barco,Stanley_McChrystal,random_negative
Lance_Armstrong_0001.jpg,Margaret_Thatcher_0004.jpg,0,-0.084610,Lance_Armstrong,Margaret_Thatcher,random_negative
Bono_0003.jpg,Randall_Tobias_0001.jpg,0,-0.038819,Bono,Randall_Tobias,random_negative
David_Hyde_Pierce_0001.jpg,Guillermo_Coria_0001.jpg,0,-0.058234,David_Hyde_Pierce,Guillermo_Coria,random_negative
Hermogenes_Ebdane_Jr_0003.jpg,Stephen_Daldry_0002.jpg,0,-0.079472,Hermogenes_Ebdane_Jr,Stephen_Daldry,random_negative
Abdullah_0001.jpg,Lleyton_Hewitt_0002.jpg,0,-0.002188,Abdullah,Lleyton_Hewitt,random_negative
Michael_Lopez-Alegria_0001.jpg,Turner_Gill_0002.jpg,0,0.010957,Michael_Lopez-Alegria,Turner_Gill,random_negative
Donald_Regan_0002.jpg,Lech_Walesa_0001.jpg,0,0.077093,Donald_Regan,Lech_Walesa,random_negative
Calista_Flockhart_0001.jpg,Chris_Penn_0001.jpg,0,0.034989,Calista_Flockhart,Chris_Penn,random_negative
Lynn_Abraham_0001.jpg,Princess_Caroline_0004.jpg,0,0.019286,Lynn_Abraham,Princess_Caroline,random_negative
Elton_John_0001.jpg,Emily_Mortimer_0001.jpg,0,-0.054770,Elton_John,Emily_Mortimer,random_negative
Bob_Dole_0004.jpg,Damon_van_Dam_0002.jpg,0,-0.078683,Bob_Dole,Damon_van_Dam,random_negative
Elvis_Presley_0001.jpg,Todd_Petit_0001.jpg,0,-0.086279,Elvis_Presley,Todd_Petit,random_negative
Omar_Vizquel_0001.jpg,Yekaterina_Guseva_0002.jpg,0,-0.060941,Omar_Vizquel,Yekaterina_Guseva,random_negative
Phil_Vassar_0001.jpg,Richard_Branson_0002.jpg,0,-0.029245,Phil_Vassar,Richard_Branson,random_negative
Randy_Johnson_0001.jpg,Sharon_Frey_0001.jpg,0,0.013572,Randy_Johnson,Sharon_Frey,random_negative
Eddie_Jordan_0003.jpg,Ivan_Stambolic_0001.jpg,0,-0.064241,Eddie_Jordan,Ivan_Stambolic,random_negative
George_Karl_0002.jpg,Melissa_Stark_0001.jpg,0,-0.019540,George_Karl,Melissa_Stark,random_negative
Franz_Muentefering_0003.jpg,Justin_Guarini_0002.jpg,0,-0.018310,Franz_Muentefering,Justin_Guarini,random_negative
Hermogenes_Ebdane_Jr_0001.jpg,Vanessa_Incontrada_0001.jpg,0,0.027431,Hermogenes_Ebdane_Jr,Vanessa_Incontrada,random_negative
Claire_Danes_0003.jpg,Darin_Erstad_0002.jpg,0,0.008644,Claire_Danes,Darin_Erstad,random_negative
Aishwarya_Rai_0002.jpg,Rick_Romley_0001.jpg,0,0.058346,Aishwarya_Rai,Rick_Romley,random_negative
Bill_Guerin_0002.jpg,Daniel_Day-Lewis_0001.jpg,0,-0.092571,Bill_Guerin,Daniel_Day-Lewis,random_negative
Alejandro_Lerner_0001.jpg,Diane_Lane_0002.jpg,0,-0.038597,Alejandro_Lerner,Diane_Lane,random_negative
John_Howard_0002.jpg,Mike_Tyson_0001.jpg,0,-0.013164,John_Howard,Mike_Tyson,random_negative
David_Carradine_0001.jpg,Gene_Hackman_0004.jpg,0,0.054526,David_Carradine,Gene_Hackman,random_negative
Muhammad_Ali_0003.jpg,Robin_Cook_0003.jpg,0,-0.100275,Muhammad_Ali,Robin_Cook,random_negative
Buddy_Ryan_0004.jpg,Steve_Allee_0002.jpg,0,0.089370,Buddy_Ryan,Steve_Allee,random_negative
El_Hadji_Diouf_0001.jpg,Lance_Bass_0001.jpg,0,-0.074647,El_Hadji_Diouf,Lance_Bass,random_negative
Jeremy_Greenstock_0003.jpg,Marcelo_Ebrard_0001.jpg,0,-0.039047,Jeremy_Greenstock,Marcelo_Ebrard,random_negative
Claudia_Schiffer_0001.jpg,Tom_Ridge_0001.jpg,0,-0.106029,Claudia_Schiffer,Tom_Ridge,random_negative
Biljana_Plavsic_0003.jpg,John_Madden_0003.jpg,0,0.064860,Biljana_Plavsic,John_Madden,random_negative
Aicha_El_Ouafi_0001.jpg,Guillermo_Canas_0002.jpg,0,-0.004685,Aicha_El_Ouafi,Guillermo_Canas,random_negative
Catherine_Zeta-Jones_0001.jpg,Renee_Zellweger_0004.jpg,0,0.035737,Catherine_Zeta-Jones,Renee_Zellweger,random_negative
Lon_Kruger_0001.jpg,Victor_Garber_0002.jpg,0,-0.002330,Lon_Kruger,Victor_Garber,random_negative
Jamie_Kellner_0001.jpg,Luis_Gonzalez_0004.jpg,0,0.013717,Jamie_Kellner,Luis_Gonzalez,random_negative
Agnelo_Queiroz_0002.jpg,Roy_Romanow_0001.jpg,0,-0.036516,Agnelo_Queiroz,Roy_Romanow,random_negative
Gary_Sayler_0001.jpg,Sean_OKeefe_0001.jpg,0,-0.032400,Gary_Sayler,Sean_OKeefe,random_negative
Paul_McCartney_0003.jpg,Rachel_Griffiths_0004.jpg,0,0.044630,Paul_McCartney,Rachel_Griffiths,random_negative
Hermogenes_Ebdane_Jr_0001.jpg,Rodney_Dangerfield_0001.jpg,0,-0.037974,Hermogenes_Ebdane_Jr,Rodney_Dangerfield,random_negative
Clara_Harris_0003.jpg,Rudy_Tomjanovich_0004.jpg,0,0.037561,Clara_Harris,Rudy_Tomjanovich,random_negative
Cesar_Gaviria_0001.jpg,Miles_Stewart_0002.jpg,0,0.016931,Cesar_Gaviria,Miles_Stewart,random_negative
Evan_Marriott_0004.jpg,Will_Young_0004.jpg,0,-0.040404,Evan_Marriott,Will_Young,random_negative
Gary_Carter_0002.jpg,Shoshannah_Stern_0004.jpg,0,0.012079,Gary_Carter,Shoshannah_Stern,random_negative
Fernando_Leon_de_Aranoa_0001.jpg,Miguel_Estrada_0001.jpg,0,-0.027472,Fernando_Leon_de_Aranoa,Miguel_Estrada,random_negative
Evan_Rachel_Wood_0001.jpg,Gerald_Fitch_0001.jpg,0,-0.013409,Evan_Rachel_Wood,Gerald_Fitch,random_negative
Martha_Beatriz_Roque_0002.jpg,Serena_Williams_0001.jpg,0,-0.055474,Martha_Beatriz_Roque,Serena_Williams,random_negative
Bernard_Lord_0001.jpg,Joxel_Garcia_0001.jpg,0,0.049334,Bernard_Lord,Joxel_Garcia,random_negative
Heather_Locklear_0002.jpg,Ryan_Goodman_0001.jpg,0,0.055683,Heather_Locklear,Ryan_Goodman,random_negative
Mary_Lou_Retton_0002.jpg,Patrick_Rafter_0001.jpg,0,0.010461,Mary_Lou_Retton,Patrick_Rafter,random_negative
Kevin_Costner_0004.jpg,Terry_Hoeppner_0001.jpg,0,-0.042571,Kevin_Costner,Terry_Hoeppner,random_negative
Hans_Corell_0001.jpg,Samira_Makhmalbaf_0003.jpg,0,0.072384,Hans_Corell,Samira_Makhmalbaf,random_negative
Charlie_Hunnam_0004.jpg,Vanessa_Williams_0003.jpg,0,-0.009478,Charlie_Hunnam,Vanessa_Williams,random_negative
Julien_Boutter_0002.jpg,Sargis_Sargsian_0001.jpg,0,0.025720,Julien_Boutter,Sargis_Sargsian,random_negative
Mo_Elleithee_0001.jpg,Winona_Ryder_0004.jpg,0,-0.003490,Mo_Elleithee,Winona_Ryder,random_negative
Dan_Monson_0001.jpg,Miguel_Cotto_0002.jpg,0,0.098596,Dan_Monson,Miguel_Cotto,random_negative
Julio_Cesar_Chavez_0001.jpg,Vanessa_Redgrave_0001.jpg,0,-0.122274,Julio_Cesar_Chavez,Vanessa_Redgrave,random_negative
Lana_Clarkson_0001.jpg,Mark_Podlesny_0002.jpg,0,0.053663,Lana_Clarkson,Mark_Podlesny,random_negative
Gary_Sayler_0001.jpg,Jo_Dee_Messina_0001.jpg,0,0.048526,Gary_Sayler,Jo_Dee_Messina,random_negative
Anna_Nicole_Smith_0004.jpg,Don_Siegelman_0004.jpg,0,-0.034922,Anna_Nicole_Smith,Don_Siegelman,random_negative
Jay_Rasulo_0003.jpg,Kate_Capshaw_0003.jpg,0,-0.093842,Jay_Rasulo,Kate_Capshaw,random_negative
Gus_Frerotte_0001.jpg,Mike_Brey_0003.jpg,0,-0.004211,Gus_Frerotte,Mike_Brey,random_negative
Charles_Schumer_0002.jpg,Michael_Haneke_0004.jpg,0,-0.057577,Charles_Schumer,Michael_Haneke,random_negative
Daniel_Patrick_Moynihan_0001.jpg,Ethan_Hawke_0001.jpg,0,-0.006756,Daniel_Patrick_Moynihan,Ethan_Hawke,random_negative
Elizabeth_Smart_0004.jpg,Janet_Napolitano_0004.jpg,0,-0.036362,Elizabeth_Smart,Janet_Napolitano,random_negative
Muammar_Gaddafi_0001.jpg,Ricky_Martin_0004.jpg,0,-0.031777,Muammar_Gaddafi,Ricky_Martin,random_negative
Ranil_Wickremasinghe_0001.jpg,Zhang_Ziyi_0001.jpg,0,-0.023259,Ranil_Wickremasinghe,Zhang_Ziyi,random_negative
Meles_Zenawi_0001.jpg,Regina_Ip_0004.jpg,0,0.046848,Meles_Zenawi,Regina_Ip,random_negative
Chuck_Hagel_0004.jpg,Dustin_Brown_0003.jpg,0,-0.013929,Chuck_Hagel,Dustin_Brown,random_negative
Amy_Pascal_0001.jpg,Sanjay_Gupta_0004.jpg,0,0.011704,Amy_Pascal,Sanjay_Gupta,random_negative
Melissa_Stark_0004.jpg,Ray_Evernham_0001.jpg,0,0.035672,Melissa_Stark,Ray_Evernham,random_negative
Alexander_Losyukov_0002.jpg,Franz_Muentefering_0001.jpg,0,-0.011023,Alexander_Losyukov,Franz_Muentefering,random_negative
Marta_Dominguz_0003.jpg,Richard_Gere_0003.jpg,0,0.047538,Marta_Dominguz,Richard_Gere,random_negative
Eddie_Murray_0001.jpg,Tony_Stewart_0004.jpg,0,0.010166,Eddie_Murray,Tony_Stewart,random_negative
Irina_Lobacheva_0002.jpg,Ron_Howard_0002.jpg,0,-0.074696,Irina_Lobacheva,Ron_Howard,random_negative
Bud_Selig_0004.jpg,Mickey_Rooney_0001.jpg,0,-0.099099,Bud_Selig,Mickey_Rooney,random_negative
Elisabeth_Welch_0001.jpg,Princess_Anne_0002.jpg,0,0.043620,Elisabeth_Welch,Princess_Anne,random_negative
Andy_Madikians_0002.jpg,Regina_Ip_0001.jpg,0,0.030527,Andy_Madikians,Regina_Ip,random_negative
Kurt_Schottenheimer_0001.jpg,Sven_Goran_Eriksson_0002.jpg,0,0.057881,Kurt_Schottenheimer,Sven_Goran_Eriksson,random_negative
Clara_Harris_0001.jpg,Saoud_Al_Faisal_0001.jpg,0,0.040727,Clara_Harris,Saoud_Al_Faisal,random_negative
Michelangelo_Antonioni_0004.jpg,Phil_Cline_0002.jpg,0,-0.019052,Michelangelo_Antonioni,Phil_Cline,random_negative
Angela_Lansbury_0002.jpg,Henk_Bekedam_0001.jpg,0,-0.070361,Angela_Lansbury,Henk_Bekedam,random_negative
Ben_Stein_0004.jpg,Javier_Weber_0001.jpg,0,-0.034918,Ben_Stein,Javier_Weber,random_negative
Chick_Hearn_0001.jpg,Peter_Ueberroth_0001.jpg,0,0.053531,Chick_Hearn,Peter_Ueberroth,random_negative
Brook_Robinson_0001.jpg,Dave_Campo_0004.jpg,0,0.026162,Brook_Robinson,Dave_Campo,random_negative
Liliana_Cavani_0004.jpg,William_Perry_0001.jpg,0,0.037746,Liliana_Cavani,William_Perry,random_negative
Corinne_Coman_0001.jpg,Warren_Buffett_0004.jpg,0,0.039605,Corinne_Coman,Warren_Buffett,random_negative
Gerard_Depardieu_0004.jpg,Wesley_Clark_0003.jpg,0,-0.071482,Gerard_Depardieu,Wesley_Clark,random_negative
Mitch_Kupchak_0001.jpg,Nadia_Petrova_0001.jpg,0,0.049916,Mitch_Kupchak,Nadia_Petrova,random_negative
Alimzhan_Tokhtakhounov_0004.jpg,Simon_Cowell_0002.jpg,0,-0.079100,Alimzhan_Tokhtakhounov,Simon_Cowell,random_negative
Ivana_Trump_0004.jpg,Paul_Murphy_0002.jpg,0,0.080909,Ivana_Trump,Paul_Murphy,random_negative
Boris_Becker_0001.jpg,Kent_Rominger_0001.jpg,0,-0.064445,Boris_Becker,Kent_Rominger,random_negative
Carolyn_Kuhl_0002.jpg,Minnie_Driver_0004.jpg,0,-0.013734,Carolyn_Kuhl,Minnie_Driver,random_negative
Abel_Pacheco_0004.jpg,Christine_Baumgartner_0003.jpg,0,0.160592,Abel_Pacheco,Christine_Baumgartner,random_negative
Cristian_Barros_0003.jpg,Marilyn_Monroe_0004.jpg,0,0.027918,Cristian_Barros,Marilyn_Monroe,random_negative
Frances_Fisher_0001.jpg,Piers_Sellers_0004.jpg,0,0.077134,Frances_Fisher,Piers_Sellers,random_negative
Jessica_Capshaw_0003.jpg,Scott_OGrady_0001.jpg,0,0.044659,Jessica_Capshaw,Scott_OGrady,random_negative
Britney_Spears_0002.jpg,Edwina_Currie_0001.jpg,0,0.009562,Britney_Spears,Edwina_Currie,random_negative
Giuseppe_Gibilisco_0001.jpg,Ricky_Ponting_0001.jpg,0,0.013478,Giuseppe_Gibilisco,Ricky_Ponting,random_negative
Guangdong_Ou_Guangyuan_0002.jpg,Ron_Kirk_0001.jpg,0,-0.162339,Guangdong_Ou_Guangyuan,Ron_Kirk,random_negative
Diane_Lane_0002.jpg,Jennifer_Connelly_0002.jpg,0,-0.029300,Diane_Lane,Jennifer_Connelly,random_negative
Jan_De_Bont_0001.jpg,Tessa_Jowell_0001.jpg,0,0.068423,Jan_De_Bont,Tessa_Jowell,random_negative
Alex_Wallau_0001.jpg,Catriona_Le_May_Doan_0002.jpg,0,-0.123546,Alex_Wallau,Catriona_Le_May_Doan,random_negative
Bridget_Fonda_0002.jpg,Sidney_Poitier_0004.jpg,0,0.009764,Bridget_Fonda,Sidney_Poitier,random_negative
Garry_Trudeau_0002.jpg,Laura_Pausini_0004.jpg,0,-0.035487,Garry_Trudeau,Laura_Pausini,random_negative
Allan_Houston_0001.jpg,Ibrahim_Al-Marashi_0002.jpg,0,-0.045974,Allan_Houston,Ibrahim_Al-Marashi,random_negative
John_Norquist_0003.jpg,William_Shatner_0004.jpg,0,-0.054493,John_Norquist,William_Shatner,random_negative
Melissa_Stark_0004.jpg,Tracy_Wyle_0002.jpg,0,-0.041355,Melissa_Stark,Tracy_Wyle,random_negative
Robert_Ehrlich_0001.jpg,Saeed_Anwar_0004.jpg,0,0.005977,Robert_Ehrlich,Saeed_Anwar,random_negative
Malcolm_Jamal_Warner_0001.jpg,Willie_Nelson_0001.jpg,0,0.066706,Malcolm_Jamal_Warner,Willie_Nelson,random_negative
Rick_Stansbury_0001.jpg,Scott_Peterson_0002.jpg,0,-0.114565,Rick_Stansbury,Scott_Peterson,random_negative
Christine_Todd_Whitman_0004.jpg,Dionne_Warwick_0001.jpg,0,-0.061643,Christine_Todd_Whitman,Dionne_Warwick,random_negative
Ahmed_Chalabi_0003.jpg,Jane_Krakowski_0004.jpg,0,-0.031937,Ahmed_Chalabi,Jane_Krakowski,random_negative
Craig_Burley_0004.jpg,Robert_Bonner_0001.jpg,0,0.013973,Craig_Burley,Robert_Bonner,random_negative
Denzel_Washington_0001.jpg,Halle_Berry_0001.jpg,0,0.028013,Denzel_Washington,Halle_Berry,random_negative
Bob_Hope_0001.jpg,Jim_Harrick_0003.jpg,0,-0.063033,Bob_Hope,Jim_Harrick,random_negative
Michelle_Yeoh_0004.jpg,Qais_al-Kazali_0001.jpg,0,-0.017386,Michelle_Yeoh,Qais_al-Kazali,random_negative
Jessica_Simpson_0001.jpg,Jorge_Batlle_0002.jpg,0,0.017192,Jessica_Simpson,Jorge_Batlle,random_negative
Mary-Kate_Olsen_0002.jpg,Stacey_Dales-Schuman_0001.jpg,0,-0.038451,Mary-Kate_Olsen,Stacey_Dales-Schuman,random_negative
Jorge_Arce_0001.jpg,Mariah_Carey_0002.jpg,0,-0.054603,Jorge_Arce,Mariah_Carey,random_negative
Guy_Hemmings_0004.jpg,Julianne_Moore_0002.jpg,0,-0.063130,Guy_Hemmings,Julianne_Moore,random_negative
Carlos_Ghosn_0001.jpg,Tavis_Smiley_0001.jpg,0,0.028213,Carlos_Ghosn,Tavis_Smiley,random_negative
Garry_Trudeau_0001.jpg,Kenneth_Bowersox_0002.jpg,0,0.040816,Garry_Trudeau,Kenneth_Bowersox,random_negative
Jean_Chretien_0003.jpg,Tina_Andrews_0001.jpg,0,-0.097233,Jean_Chretien,Tina_Andrews,random_negative
Rafael_Ramirez_0002.jpg,Sandra_Milo_0001.jpg,0,-0.017469,Rafael_Ramirez,Sandra_Milo,random_negative
Bernardo_Segura_0001.jpg,Tayshaun_Prince_0003.jpg,0,-0.044761,Bernardo_Segura,Tayshaun_Prince,random_negative
Colin_Cowie_0004.jpg,Larry_Campbell_0002.jpg,0,0.011098,Colin_Cowie,Larry_Campbell,random_negative
Roy_Chaderton_0001.jpg,Turner_Gill_0002.jpg,0,-0.011794,Roy_Chaderton,Turner_Gill,random_negative
Elvis_Costello_0001.jpg,Mike_Johanns_0004.jpg,0,-0.036881,Elvis_Costello,Mike_Johanns,random_negative
Joxel_Garcia_0001.jpg,Mikhail_Youzhny_0002.jpg,0,-0.029016,Joxel_Garcia,Mikhail_Youzhny,random_negative
Lyle_Vanclief_0001.jpg,Ryan_Nyquist_0002.jpg,0,-0.136323,Lyle_Vanclief,Ryan_Nyquist,random_negative
Andrew_Luster_0001.jpg,Madeleine_Albright_0004.jpg,0,0.046714,Andrew_Luster,Madeleine_Albright,random_negative
Mario_Kreutzberger_0002.jpg,Roger_Toussaint_0004.jpg,0,0.048381,Mario_Kreutzberger,Roger_Toussaint,random_negative
David_Hyde_Pierce_0001.jpg,Hilary_Duff_0001.jpg,0,0.000068,David_Hyde_Pierce,Hilary_Duff,random_negative
Edward_Kennedy_0001.jpg,Nicolas_Massu_0001.jpg,0,0.068361,Edward_Kennedy,Nicolas_Massu,random_negative
Robert_Stack_0003.jpg,Saeed_Mortazavi_0001.jpg,0,0.011857,Robert_Stack,Saeed_Mortazavi,random_negative
Anastasia_Kelesidou_0002.jpg,Susilo_Bambang_Yudhoyono_0001.jpg,0,0.053278,Anastasia_Kelesidou,Susilo_Bambang_Yudhoyono,random_negative
Carin_Koch_0001.jpg,Lech_Walesa_0001.jpg,0,0.014312,Carin_Koch,Lech_Walesa,random_negative
Anna_Nicole_Smith_0001.jpg,Gina_Gershon_0002.jpg,0,-0.012181,Anna_Nicole_Smith,Gina_Gershon,random_negative
Arsinee_Khanjian_0002.jpg,Yannos_Papantoniou_0001.jpg,0,-0.016591,Arsinee_Khanjian,Yannos_Papantoniou,random_negative
John_Rusnak_0001.jpg,Johnny_Unitas_0004.jpg,0,0.045013,John_Rusnak,Johnny_Unitas,random_negative
Alonzo_Mourning_0001.jpg,Dexter_Jackson_0003.jpg,0,0.123766,Alonzo_Mourning,Dexter_Jackson,random_negative
Ari_Fleischer_0002.jpg,Kurt_Budke_0002.jpg,0,0.037823,Ari_Fleischer,Kurt_Budke,random_negative
Larry_Flynt_0004.jpg,Raul_Gonzalez_0001.jpg,0,0.023072,Larry_Flynt,Raul_Gonzalez,random_negative
Franz_Beckenbauer_0001.jpg,Joaquin_Sanchez_0001.jpg,0,-0.058112,Franz_Beckenbauer,Joaquin_Sanchez,random_negative
Chin-Hui_Tsao_0001.jpg,Kent_Rominger_0004.jpg,0,-0.066064,Chin-Hui_Tsao,Kent_Rominger,random_negative
Jessica_Simpson_0002.jpg,Tiger_Woods_0003.jpg,0,0.047741,Jessica_Simpson,Tiger_Woods,random_negative
Dick_Armey_0003.jpg,Katie_Smith_0002.jpg,0,0.065874,Dick_Armey,Katie_Smith,random_negative
Jean-Pierre_Raffarin_0001.jpg,Jesse_Harris_0001.jpg,0,-0.021583,Jean-Pierre_Raffarin,Jesse_Harris,random_negative
Muammar_Gaddafi_0001.jpg,Ricky_Barnes_0002.jpg,0,-0.106968,Muammar_Gaddafi,Ricky_Barnes,random_negative
Bridgette_Wilson-Sampras_0004.jpg,Stockard_Channing_0001.jpg,0,0.059071,Bridgette_Wilson-Sampras,Stockard_Channing,random_negative
Dennis_Johnson_0001.jpg,Laura_Flessel_0001.jpg,0,-0.032956,Dennis_Johnson,Laura_Flessel,random_negative
Faye_Dunaway_0001.jpg,Jeff_Bridges_0004.jpg,0,0.079964,Faye_Dunaway,Jeff_Bridges,random_negative
Gerry_Kelly_0001.jpg,John_Edwards_0001.jpg,0,-0.046671,Gerry_Kelly,John_Edwards,random_negative
Ahmed_Qureia_0001.jpg,Sofia_Milos_0002.jpg,0,0.024000,Ahmed_Qureia,Sofia_Milos,random_negative
Carla_Gugino_0004.jpg,Teresa_Heinz_Kerry_0002.jpg,0,-0.069711,Carla_Gugino,Teresa_Heinz_Kerry,random_negative
Larry_Coker_0002.jpg,Ronaldo_Luis_Nazario_de_Lima_0004.jpg,0,0.026480,Larry_Coker,Ronaldo_Luis_Nazario_de_Lima,random_negative
Adrian_Nastase_0001.jpg,Claudio_Lopez_0003.jpg,0,0.005696,Adrian_Nastase,Claudio_Lopez,random_negative
Joshua_Gracin_0002.jpg,Mark_Cuban_0003.jpg,0,0.085584,Joshua_Gracin,Mark_Cuban,random_negative
Gregory_Geoffroy_0001.jpg,Kay_Bailey_Hutchison_0001.jpg,0,-0.021147,Gregory_Geoffroy,Kay_Bailey_Hutchison,random_negative
Jennifer_Rodriguez_0001.jpg,Pedro_Almodovar_0004.jpg,0,-0.050482,Jennifer_Rodriguez,Pedro_Almodovar,random_negative
Natalie_Cole_0002.jpg,Ray_Allen_0002.jpg,0,-0.084413,Natalie_Cole,Ray_Allen,random_negative
Brian_Jordan_0003.jpg,Ellen_Engleman_0002.jpg,0,0.070961,Brian_Jordan,Ellen_Engleman,random_negative
Billy_Crystal_0004.jpg,John_Warner_0002.jpg,0,0.000113,Billy_Crystal,John_Warner,random_negative
Anna_Kournikova_0001.jpg,Fujio_Mitarai_0001.jpg,0,0.027972,Anna_Kournikova,Fujio_Mitarai,random_negative
Antanas_Valionis_0002.jpg,Norio_Ohga_0002.jpg,0,0.011661,Antanas_Valionis,Norio_Ohga,random_negative
Brian_Lara_0001.jpg,Gary_Sayler_0002.jpg,0,-0.066795,Brian_Lara,Gary_Sayler,random_negative
JK_Rowling_0004.jpg,Yuri_Malenchenko_0002.jpg,0,-0.126657,JK_Rowling,Yuri_Malenchenko,random_negative
Ahmet_Necdet_Sezer_0002.jpg,Isabella_Rossellini_0003.jpg,0,-0.023879,Ahmet_Necdet_Sezer,Isabella_Rossellini,random_negative
Edgar_Savisaar_0001.jpg,Emanuel_Ginobili_0004.jpg,0,0.052309,Edgar_Savisaar,Emanuel_Ginobili,random_negative
Columba_Bush_0002.jpg,Rick_Wagoner_0002.jpg,0,-0.030331,Columba_Bush,Rick_Wagoner,random_negative
Hank_Azaria_0002.jpg,Pablo_Latras_0002.jpg,0,-0.005883,Hank_Azaria,Pablo_Latras,random_negative
Mariah_Carey_0001.jpg,Scott_McNealy_0001.jpg,0,0.060746,Mariah_Carey,Scott_McNealy,random_negative
Jim_Letten_0004.jpg,Luis_Ernesto_Derbez_Bautista_0003.jpg,0,-0.037595,Jim_Letten,Luis_Ernesto_Derbez_Bautista,random_negative
Kate_Burton_0001.jpg,Peter_Greenspun_0002.jpg,0,-0.059552,Kate_Burton,Peter_Greenspun,random_negative
Drew_Barrymore_0001.jpg,Juan_Valencia_Osorio_0001.jpg,0,0.065528,Drew_Barrymore,Juan_Valencia_Osorio,random_negative
Kent_McCord_0001.jpg,Marcus_Gronholm_0001.jpg,0,-0.039023,Kent_McCord,Marcus_Gronholm,random_negative
Clara_Harris_0001.jpg,Robert_Mueller_0002.jpg,0,0.022818,Clara_Harris,Robert_Mueller,random_negative
Bart_Freundlich_0001.jpg,James_Traficant_0004.jpg,0,0.008626,Bart_Freundlich,James_Traficant,random_negative
John_Danforth_0001.jpg,Maribel_Dominguez_0004.jpg,0,-0.034279,John_Danforth,Maribel_Dominguez,random_negative
Pedro_Malan_0001.jpg,Tim_Howard_0001.jpg,0,-0.060322,Pedro_Malan,Tim_Howard,random_negative
Alejandro_Toledo_0004.jpg,Miguel_Cotto_0001.jpg,0,0.068962,Alejandro_Toledo,Miguel_Cotto,random_negative
Buddy_Ryan_0002.jpg,Magui_Serna_0001.jpg,0,0.069216,Buddy_Ryan,Magui_Serna,random_negative
Albert_Costa_0001.jpg,Frank_Taylor_0002.jpg,0,0.063573,Albert_Costa,Frank_Taylor,random_negative
Michael_Chang_0001.jpg,Ruth_Pearce_0002.jpg,0,0.183299,Michael_Chang,Ruth_Pearce,random_negative
Donald_Rumsfeld_0003.jpg,Paul_Reiser_0003.jpg,0,0.106365,Donald_Rumsfeld,Paul_Reiser,random_negative
Alessandro_Nesta_0003.jpg,Pedro_Malan_0002.jpg,0,0.063843,Alessandro_Nesta,Pedro_Malan,random_negative
Biljana_Plavsic_0002.jpg,Pauline_Landers_0004.jpg,0,0.029224,Biljana_Plavsic,Pauline_Landers,random_negative
Charlene_Barshefsky_0001.jpg,Sureyya_Ayhan_0001.jpg,0,0.006398,Charlene_Barshefsky,Sureyya_Ayhan,random_negative
Adam_Sandler_0001.jpg,Sergei_Yushenkov_0002.jpg,0,-0.005431,Adam_Sandler,Sergei_Yushenkov,random_negative
Carlo_Azeglio_Ciampi_0002.jpg,Jason_Statham_0004.jpg,0,0.091882,Carlo_Azeglio_Ciampi,Jason_Statham,random_negative
E_Clay_Shaw_0001.jpg,Jorge_Batlle_0002.jpg,0,-0.123064,E_Clay_Shaw,Jorge_Batlle,random_negative
Paula_Radcliffe_0001.jpg,Queen_Rania_0003.jpg,0,0.125619,Paula_Radcliffe,Queen_Rania,random_negative
Courtney_Love_0004.jpg,Oscar_DLeon_0002.jpg,0,0.051406,Courtney_Love,Oscar_DLeon,random_negative
Katie_Smith_0002.jpg,Patti_Labelle_0001.jpg,0,-0.026592,Katie_Smith,Patti_Labelle,random_negative
Brigitte_Boisselier_0001.jpg,Jude_Law_0004.jpg,0,0.002898,Brigitte_Boisselier,Jude_Law,random_negative
Brajesh_Mishra_0003.jpg,Sylvie_Guillem_0003.jpg,0,0.088264,Brajesh_Mishra,Sylvie_Guillem,random_negative
John_Negroponte_0004.jpg,Patsy_Kensit_0001.jpg,0,-0.042419,John_Negroponte,Patsy_Kensit,random_negative
Momir_Nikolic_0001.jpg,Rashid_Qureshi_0001.jpg,0,-0.065965,Momir_Nikolic,Rashid_Qureshi,random_negative
Alberto_Sordi_0004.jpg,Sybille_Schmid_0002.jpg,0,0.087174,Alberto_Sordi,Sybille_Schmid,random_negative
Edward_Norton_0001.jpg,Pete_Sampras_0003.jpg,0,-0.020288,Edward_Norton,Pete_Sampras,random_negative
Ivan_Shvedoff_0001.jpg,Jeanne_Moreau_0001.jpg,0,-0.094883,Ivan_Shvedoff,Jeanne_Moreau,random_negative
Muhammad_Saeed_al-Sahhaf_0001.jpg,Peter_Sejna_0002.jpg,0,-0.056509,Muhammad_Saeed_al-Sahhaf,Peter_Sejna,random_negative
Kathryn_Morris_0004.jpg,Peter_Lundgren_0002.jpg,0,0.063811,Kathryn_Morris,Peter_Lundgren,random_negative
Abbas_Kiarostami_0002.jpg,Steve_Lavin_0001.jpg,0,-0.030188,Abbas_Kiarostami,Steve_Lavin,random_negative
Lauren_Killian_0002.jpg,Tim_Curry_0001.jpg,0,0.017380,Lauren_Killian,Tim_Curry,random_negative
Brian_Wells_0001.jpg,Mark_Redman_0001.jpg,0,0.005723,Brian_Wells,Mark_Redman,random_negative
Bernardo_Segura_0002.jpg,Justin_Guarini_0002.jpg,0,-0.111414,Bernardo_Segura,Justin_Guarini,random_negative
Mesut_Yilmaz_0001.jpg,T_Boone_Pickens_0001.jpg,0,0.080789,Mesut_Yilmaz,T_Boone_Pickens,random_negative
Edward_Kennedy_0001.jpg,Goran_Persson_0004.jpg,0,0.149757,Edward_Kennedy,Goran_Persson,random_negative
Lauren_Hutton_0002.jpg,Yasein_Taher_0003.jpg,0,-0.012560,Lauren_Hutton,Yasein_Taher,random_negative
Donald_Trump_0001.jpg,George_Harrison_0003.jpg,0,-0.108914,Donald_Trump,George_Harrison,random_negative
Gil_de_Ferran_0004.jpg,Jose_Maria_Aznar_0003.jpg,0,0.023981,Gil_de_Ferran,Jose_Maria_Aznar,random_negative
Curtis_Joseph_0001.jpg,Denzel_Washington_0004.jpg,0,0.010491,Curtis_Joseph,Denzel_Washington,random_negative
Humberto_Coelho_0004.jpg,Jose_Santos_0002.jpg,0,0.047606,Humberto_Coelho,Jose_Santos,random_negative
Fred_Durst_0001.jpg,Theresa_May_0001.jpg,0,-0.103729,Fred_Durst,Theresa_May,random_negative
Enrik_Vendt_0001.jpg,Luis_Ernesto_Derbez_Bautista_0001.jpg,0,0.079926,Enrik_Vendt,Luis_Ernesto_Derbez_Bautista,random_negative
Amelie_Mauresmo_0003.jpg,Ethan_Hawke_0004.jpg,0,0.078382,Amelie_Mauresmo,Ethan_Hawke,random_negative
Hashim_Thaci_0002.jpg,Toni_Jennings_0002.jpg,0,-0.019769,Hashim_Thaci,Toni_Jennings,random_negative
Buddy_Ryan_0004.jpg,Randy_Dryer_0001.jpg,0,-0.013746,Buddy_Ryan,Randy_Dryer,random_negative
Angela_Alvarado_Rosa_0003.jpg,George_Maxwell_Richards_0001.jpg,0,0.047422,Angela_Alvarado_Rosa,George_Maxwell_Richards,random_negative
Marieta_Chrousala_0004.jpg,Owen_Nolan_0001.jpg,0,-0.054640,Marieta_Chrousala,Owen_Nolan,random_negative
Oscar_Elias_Biscet_0003.jpg,Pascal_Affi_Nguessan_0003.jpg,0,0.003198,Oscar_Elias_Biscet,Pascal_Affi_Nguessan,random_negative
Alfonso_Portillo_0001.jpg,Tony_Fernandes_0004.jpg,0,-0.059479,Alfonso_Portillo,Tony_Fernandes,random_negative
Nia_Vardalos_0001.jpg,Ratna_Sari_Dewi_Sukarno_0003.jpg,0,0.045522,Nia_Vardalos,Ratna_Sari_Dewi_Sukarno,random_negative
Magdalena_Maleeva_0001.jpg,Patrick_Bourrat_0003.jpg,0,-0.017406,Magdalena_Maleeva,Patrick_Bourrat,random_negative
Gina_Gershon_0003.jpg,Mark_Philippoussis_0003.jpg,0,0.048326,Gina_Gershon,Mark_Philippoussis,random_negative
Brandon_Knight_0001.jpg,Judith_Nathan_0001.jpg,0,-0.001479,Brandon_Knight,Judith_Nathan,random_negative
Emanuel_Ginobili_0001.jpg,Idi_Amin_0003.jpg,0,0.054532,Emanuel_Ginobili,Idi_Amin,random_negative
Anneli_Jaatteenmaki_0001.jpg,Xavier_Malisse_0004.jpg,0,0.117851,Anneli_Jaatteenmaki,Xavier_Malisse,random_negative
Babe_Ruth_0004.jpg,Fidel_Castro_0002.jpg,0,-0.045047,Babe_Ruth,Fidel_Castro,random_negative
John_Travolta_0004.jpg,Zaini_Abdullah_0002.jpg,0,-0.042218,John_Travolta,Zaini_Abdullah,random_negative
Hank_Aaron_0004.jpg,Jan-Michael_Gambill_0004.jpg,0,0.040413,Hank_Aaron,Jan-Michael_Gambill,random_negative
Dyab_Abou_Jahjah_0003.jpg,Paul_Newman_0001.jpg,0,-0.088538,Dyab_Abou_Jahjah,Paul_Newman,random_negative
Jewel_Howard-Taylor_0001.jpg,Mickey_Sherman_0001.jpg,0,-0.019237,Jewel_Howard-Taylor,Mickey_Sherman,random_negative
Cyndi_Thompson_0001.jpg,Henrique_Meirelles_0002.jpg,0,0.049947,Cyndi_Thompson,Henrique_Meirelles,random_negative
Anibal_Ibarra_0001.jpg,Nicole_Parker_0001.jpg,0,0.038942,Anibal_Ibarra,Nicole_Parker,random_negative
Jewel_Howard-Taylor_0004.jpg,Severino_Antinori_0001.jpg,0,0.031173,Jewel_Howard-Taylor,Severino_Antinori,random_negative
Federico_Castelan_Sayre_0001.jpg,Jules_Asner_0003.jpg,0,-0.068364,Federico_Castelan_Sayre,Jules_Asner,random_negative
Cecilia_Bolocco_0004.jpg,Dora_Bakoyianni_0002.jpg,0,0.076881,Cecilia_Bolocco,Dora_Bakoyianni,random_negative
Eduardo_Romero_0001.jpg,Steve_Kerr_0001.jpg,0,0.036697,Eduardo_Romero,Steve_Kerr,random_negative
Jeremy_Greenstock_0001.jpg,Reese_Witherspoon_0002.jpg,0,-0.055766,Jeremy_Greenstock,Reese_Witherspoon,random_negative
Carson_Daly_0001.jpg,Mike_Bryan_0001.jpg,0,0.001315,Carson_Daly,Mike_Bryan,random_negative
George_Allen_0002.jpg,Peter_Lundgren_0002.jpg,0,-0.054596,George_Allen,Peter_Lundgren,random_negative
Claudio_Lopez_0001.jpg,Danny_Glover_0003.jpg,0,0.038234,Claudio_Lopez,Danny_Glover,random_negative
Mary_Steenburgen_0004.jpg,Tony_LaRussa_0004.jpg,0,0.075260,Mary_Steenburgen,Tony_LaRussa,random_negative
Kenneth_Carlsen_0001.jpg,Lili_Taylor_0001.jpg,0,0.002389,Kenneth_Carlsen,Lili_Taylor,random_negative
Catherine_Zeta-Jones_0004.jpg,Tanya_Lindenmuth_0001.jpg,0,0.011913,Catherine_Zeta-Jones,Tanya_Lindenmuth,random_negative
Ashanti_0004.jpg,Lino_Oviedo_0001.jpg,0,-0.054619,Ashanti,Lino_Oviedo,random_negative
Joseph_Kabila_0001.jpg,Manfred_Stolpe_0001.jpg,0,0.102517,Joseph_Kabila,Manfred_Stolpe,random_negative
Al_Gore_0001.jpg,Sheila_Taormina_0001.jpg,0,-0.083458,Al_Gore,Sheila_Taormina,random_negative
Barry_Zito_0001.jpg,Lili_Taylor_0003.jpg,0,-0.003535,Barry_Zito,Lili_Taylor,random_negative
Cristina_Saralegui_0002.jpg,Ralph_Nader_0004.jpg,0,0.011052,Cristina_Saralegui,Ralph_Nader,random_negative
Kofi_Annan_0001.jpg,Ramon_Delgado_0001.jpg,0,-0.031396,Kofi_Annan,Ramon_Delgado,random_negative
John_Ashcroft_0003.jpg,Michel_Temer_0001.jpg,0,-0.018221,John_Ashcroft,Michel_Temer,random_negative
Brooke_Gordon_0001.jpg,Tim_Henman_0004.jpg,0,0.049613,Brooke_Gordon,Tim_Henman,random_negative
Ben_Broussard_0001.jpg,Picabo_Street_0004.jpg,0,-0.064327,Ben_Broussard,Picabo_Street,random_negative
Bridgette_Wilson-Sampras_0003.jpg,John_Malkovich_0001.jpg,0,0.046797,Bridgette_Wilson-Sampras,John_Malkovich,random_negative
Bono_0001.jpg,Mehmet_Okur_0003.jpg,0,-0.062717,Bono,Mehmet_Okur,random_negative
Steve_Mariucci_0004.jpg,Zhang_Ziyi_0003.jpg,0,-0.016332,Steve_Mariucci,Zhang_Ziyi,random_negative
Nicole_0002.jpg,Tatiana_Kennedy_Schlossberg_0001.jpg,0,0.052543,Nicole,Tatiana_Kennedy_Schlossberg,random_negative
Colin_Jackson_0001.jpg,Natalie_Stewart_0002.jpg,0,0.050458,Colin_Jackson,Natalie_Stewart,random_negative
Chris_Tucker_0004.jpg,William_Morrow_0002.jpg,0,0.053072,Chris_Tucker,William_Morrow,random_negative
Sheila_Wellstone_0002.jpg,Steve_Park_0002.jpg,0,-0.046540,Sheila_Wellstone,Steve_Park,random_negative
Larry_Ellison_0004.jpg,Shia_LaBeouf_0001.jpg,0,0.033503,Larry_Ellison,Shia_LaBeouf,random_negative
Jan-Michael_Gambill_0002.jpg,Pascal_Affi_Nguessan_0004.jpg,0,0.056125,Jan-Michael_Gambill,Pascal_Affi_Nguessan,random_negative
Doris_Schroeder_0001.jpg,Magdalena_Maleeva_0002.jpg,0,-0.058907,Doris_Schroeder,Magdalena_Maleeva,random_negative
Carol_Moseley_Braun_0004.jpg,Jason_Petty_0001.jpg,0,-0.041919,Carol_Moseley_Braun,Jason_Petty,random_negative
Alberto_Ruiz_Gallardon_0001.jpg,Barry_Bonds_0004.jpg,0,0.042248,Alberto_Ruiz_Gallardon,Barry_Bonds,random_negative
Don_Hewitt_0003.jpg,Raymond_Odierno_0003.jpg,0,0.072264,Don_Hewitt,Raymond_Odierno,random_negative
Marat_Safin_0004.jpg,Ruth_Pearce_0001.jpg,0,-0.003687,Marat_Safin,Ruth_Pearce,random_negative
Annette_Bening_0001.jpg,Ben_Wallace_0002.jpg,0,0.013597,Annette_Bening,Ben_Wallace,random_negative
Elizabeth_Taylor_0002.jpg,Federico_Trillo_0002.jpg,0,0.020851,Elizabeth_Taylor,Federico_Trillo,random_negative
Martha_Smith_0001.jpg,Tony_Shalhoub_0001.jpg,0,0.024858,Martha_Smith,Tony_Shalhoub,random_negative
Chris_Cooper_0004.jpg,Yann_Martel_0001.jpg,0,0.080418,Chris_Cooper,Yann_Martel,random_negative
Hideki_Matsui_0001.jpg,Ricky_Martin_0004.jpg,0,0.027650,Hideki_Matsui,Ricky_Martin,random_negative
Gustavo_Cisneros_0001.jpg,Laurent_Gbagbo_0001.jpg,0,0.005495,Gustavo_Cisneros,Laurent_Gbagbo,random_negative
Liza_Minnelli_0002.jpg,Paddy_Torsney_0002.jpg,0,0.045510,Liza_Minnelli,Paddy_Torsney,random_negative
Stella_McCartney_0004.jpg,Thaksin_Shinawatra_0001.jpg,0,-0.009304,Stella_McCartney,Thaksin_Shinawatra,random_negative
Eddie_Jordan_0003.jpg,Sean_Astin_0002.jpg,0,0.070083,Eddie_Jordan,Sean_Astin,random_negative
Bernard_Law_0001.jpg,Raul_Gonzalez_0004.jpg,0,-0.008218,Bernard_Law,Raul_Gonzalez,random_negative
Gregorio_Honasan_0002.jpg,Luis_Guzman_0001.jpg,0,-0.073240,Gregorio_Honasan,Luis_Guzman,random_negative
Juliette_Binoche_0001.jpg,Saparmurat_Niyazov_0001.jpg,0,0.026109,Juliette_Binoche,Saparmurat_Niyazov,random_negative
Alejandro_Lerner_0003.jpg,James_Cunningham_0001.jpg,0,0.004285,Alejandro_Lerner,James_Cunningham,random_negative
Claudia_Pechstein_0004.jpg,Hama_Arba_Diallo_0002.jpg,0,-0.062526,Claudia_Pechstein,Hama_Arba_Diallo,random_negative
Evan_Rachel_Wood_0002.jpg,Hilmi_Ozkok_0001.jpg,0,0.128403,Evan_Rachel_Wood,Hilmi_Ozkok,random_negative
Catherine_Donkers_0003.jpg,Steve_Peace_0002.jpg,0,0.029760,Catherine_Donkers,Steve_Peace,random_negative
Jose_Vicente_Rangel_0002.jpg,Mickey_Sherman_0001.jpg,0,0.099137,Jose_Vicente_Rangel,Mickey_Sherman,random_negative
Edward_Norton_0001.jpg,Naoto_Kan_0001.jpg,0,0.017638,Edward_Norton,Naoto_Kan,random_negative
Roh_Moo-hyun_0001.jpg,Uma_Thurman_0001.jpg,0,0.011791,Roh_Moo-hyun,Uma_Thurman,random_negative
Carlo_Ancelotti_0003.jpg,Princess_Elisabeth_0001.jpg,0,0.016501,Carlo_Ancelotti,Princess_Elisabeth,random_negative
Claudine_Farrell_0002.jpg,Edward_Norton_0001.jpg,0,0.018118,Claudine_Farrell,Edward_Norton,random_negative
Doug_Collins_0001.jpg,Gorden_Tallis_0001.jpg,0,0.066058,Doug_Collins,Gorden_Tallis,random_negative
Carolyn_Kuhl_0001.jpg,Fran_Drescher_0002.jpg,0,-0.073266,Carolyn_Kuhl,Fran_Drescher,random_negative
Christopher_Patten_0003.jpg,Donald_Regan_0001.jpg,0,0.018489,Christopher_Patten,Donald_Regan,random_negative
Hermogenes_Ebdane_Jr_0003.jpg,Natalie_Coughlin_0004.jpg,0,-0.100042,Hermogenes_Ebdane_Jr,Natalie_Coughlin,random_negative
Christoph_Daum_0004.jpg,Jeannette_Biedermann_0004.jpg,0,-0.028079,Christoph_Daum,Jeannette_Biedermann,random_negative
Dino_Risi_0003.jpg,William_Perry_0004.jpg,0,-0.067449,Dino_Risi,William_Perry,random_negative
Bobby_Jackson_0002.jpg,King_Abdullah_II_0001.jpg,0,-0.017296,Bobby_Jackson,King_Abdullah_II,random_negative
James_Hallock_0002.jpg,Lili_Taylor_0001.jpg,0,0.000479,James_Hallock,Lili_Taylor,random_negative
Edward_Egan_0003.jpg,Ray_Allen_0001.jpg,0,0.055426,Edward_Egan,Ray_Allen,random_negative
Bill_Stein_0002.jpg,Ricardo_Lagos_0002.jpg,0,0.124934,Bill_Stein,Ricardo_Lagos,random_negative
Condoleezza_Rice_0004.jpg,Pierre_Lacroix_0001.jpg,0,-0.007935,Condoleezza_Rice,Pierre_Lacroix,random_negative
Bob_Menendez_0002.jpg,Johannes_Rau_0001.jpg,0,-0.033420,Bob_Menendez,Johannes_Rau,random_negative
Anzori_Kikalishvili_0003.jpg,Lynne_Thigpen_0004.jpg,0,0.002704,Anzori_Kikalishvili,Lynne_Thigpen,random_negative
Ken_Macha_0001.jpg,T_Boone_Pickens_0001.jpg,0,0.015930,Ken_Macha,T_Boone_Pickens,random_negative
Derek_Jeter_0002.jpg,Neil_Moritz_0001.jpg,0,-0.009269,Derek_Jeter,Neil_Moritz,random_negative
Francis_Mer_0002.jpg,Michael_Douglas_0001.jpg,0,0.081205,Francis_Mer,Michael_Douglas,random_negative
Anders_Fogh_Rasmussen_0003.jpg,Trent_Lott_0002.jpg,0,-0.030015,Anders_Fogh_Rasmussen,Trent_Lott,random_negative
Madonna_0001.jpg,Mark_Philippoussis_0003.jpg,0,-0.068183,Madonna,Mark_Philippoussis,random_negative
Angela_Merkel_0004.jpg,Don_King_0001.jpg,0,0.041599,Angela_Merkel,Don_King,random_negative
Joshua_Gracin_0002.jpg,Orlando_Bloom_0004.jpg,0,-0.017988,Joshua_Gracin,Orlando_Bloom,random_negative
Emma_Thompson_0001.jpg,Gina_Lollobrigida_0001.jpg,0,-0.049957,Emma_Thompson,Gina_Lollobrigida,random_negative
Magdalena_Maleeva_0002.jpg,Pete_Sampras_0003.jpg,0,0.078321,Magdalena_Maleeva,Pete_Sampras,random_negative
Amy_Yasbeck_0004.jpg,Kirk_Johnson_0001.jpg,0,0.044253,Amy_Yasbeck,Kirk_Johnson,random_negative
Jennifer_Aniston_0002.jpg,Prince_Claus_0002.jpg,0,0.010198,Jennifer_Aniston,Prince_Claus,random_negative
Arnaud_Lagardere_0001.jpg,Prince_Edward_0004.jpg,0,-0.022006,Arnaud_Lagardere,Prince_Edward,random_negative
Catherine_Bell_0001.jpg,Uma_Thurman_0003.jpg,0,-0.041754,Catherine_Bell,Uma_Thurman,random_negative
Jane_Leeves_0001.jpg,Will_Young_0001.jpg,0,-0.047246,Jane_Leeves,Will_Young,random_negative
Shannon_OBrien_0002.jpg,Sylvie_Guillem_0003.jpg,0,-0.036424,Shannon_OBrien,Sylvie_Guillem,random_negative
Dario_Franchitti_0004.jpg,Sinead_OConnor_0003.jpg,0,0.052913,Dario_Franchitti,Sinead_OConnor,random_negative
Muhammad_Ali_0003.jpg,Shawn_Marion_0002.jpg,0,0.017686,Muhammad_Ali,Shawn_Marion,random_negative
Brandon_Inge_0002.jpg,Kurt_Busch_0003.jpg,0,0.134867,Brandon_Inge,Kurt_Busch,random_negative
Hank_McKinnell_0001.jpg,Omar_Vizquel_0004.jpg,0,-0.072389,Hank_McKinnell,Omar_Vizquel,random_negative
Bruce_Springsteen_0001.jpg,Daryl_Hannah_0004.jpg,0,0.019413,Bruce_Springsteen,Daryl_Hannah,random_negative
Tracy_Wyle_0002.jpg,Willie_Nelson_0003.jpg,0,-0.008457,Tracy_Wyle,Willie_Nelson,random_negative
Marina_Kuptsova_0001.jpg,Tippi_Hedren_0002.jpg,0,0.045613,Marina_Kuptsova,Tippi_Hedren,random_negative
Chuck_Yeager_0003.jpg,Shia_LaBeouf_0001.jpg,0,0.025439,Chuck_Yeager,Shia_LaBeouf,random_negative
Anthony_Ervin_0001.jpg,John_Ruiz_0001.jpg,0,-0.042937,Anthony_Ervin,John_Ruiz,random_negative
Bob_Sulkin_0001.jpg,Ion_Tiriac_0001.jpg,0,-0.066594,Bob_Sulkin,Ion_Tiriac,random_negative
Joe_Crede_0002.jpg,Joe_Mantello_0004.jpg,0,-0.001238,Joe_Crede,Joe_Mantello,random_negative
Brad_Garrett_0001.jpg,Sharon_Stone_0003.jpg,0,-0.008478,Brad_Garrett,Sharon_Stone,random_negative
Jean-Francois_Pontal_0002.jpg,Ralph_Klein_0001.jpg,0,0.059463,Jean-Francois_Pontal,Ralph_Klein,random_negative
Debbie_Allen_0003.jpg,Maria_Shriver_0003.jpg,0,-0.032386,Debbie_Allen,Maria_Shriver,random_negative
Denis_Coderre_0002.jpg,Stephanie_Zimbalist_0002.jpg,0,-0.004348,Denis_Coderre,Stephanie_Zimbalist,random_negative
Bill_Nelson_0001.jpg,Ray_Liotta_0004.jpg,0,0.023546,Bill_Nelson,Ray_Liotta,random_negative
Brenda_van_Dam_0003.jpg,Stellan_Skarsgard_0004.jpg,0,-0.082665,Brenda_van_Dam,Stellan_Skarsgard,random_negative
Nia_Vardalos_0002.jpg,Ralph_Klein_0004.jpg,0,0.022061,Nia_Vardalos,Ralph_Klein,random_negative
Miguel_Rosseto_0002.jpg,Robert_Fico_0002.jpg,0,-0.008699,Miguel_Rosseto,Robert_Fico,random_negative
Aishwarya_Rai_0001.jpg,Mesut_Yilmaz_0002.jpg,0,-0.012034,Aishwarya_Rai,Mesut_Yilmaz,random_negative
Danielle_Spencer_0004.jpg,Iain_Duncan_Smith_0002.jpg,0,-0.011134,Danielle_Spencer,Iain_Duncan_Smith,random_negative
Alexa_Vega_0004.jpg,Idi_Amin_0001.jpg,0,-0.089914,Alexa_Vega,Idi_Amin,random_negative
Jewel_Howard-Taylor_0004.jpg,Stephan_Eberharter_0004.jpg,0,0.035793,Jewel_Howard-Taylor,Stephan_Eberharter,random_negative
Cherie_Blair_0002.jpg,Sergio_Garcia_0001.jpg,0,0.021721,Cherie_Blair,Sergio_Garcia,random_negative
Chuck_Hagel_0004.jpg,Luis_Gonzalez_Macchi_0001.jpg,0,-0.044538,Chuck_Hagel,Luis_Gonzalez_Macchi,random_negative
Hector_Babenco_0001.jpg,Judith_Nathan_0001.jpg,0,-0.040681,Hector_Babenco,Judith_Nathan,random_negative
Bill_Curry_0002.jpg,Josh_Childress_0001.jpg,0,-0.054913,Bill_Curry,Josh_Childress,random_negative
Mohamed_Hammam_0002.jpg,Vin_Diesel_0001.jpg,0,-0.017284,Mohamed_Hammam,Vin_Diesel,random_negative
Dyana_Calub_0002.jpg,Robert_Tyrrell_0002.jpg,0,-0.011677,Dyana_Calub,Robert_Tyrrell,random_negative
Dennis_Kucinich_0002.jpg,Juan_Roman_Riquelme_0002.jpg,0,0.051798,Dennis_Kucinich,Juan_Roman_Riquelme,random_negative
Lorraine_Bracco_0003.jpg,Mark_Cuban_0003.jpg,0,-0.022609,Lorraine_Bracco,Mark_Cuban,random_negative
Alain_Ducasse_0001.jpg,Mikhail_Kasyanov_0001.jpg,0,0.022854,Alain_Ducasse,Mikhail_Kasyanov,random_negative
Carlos_Ruiz_0002.jpg,Mike_Babcock_0004.jpg,0,0.039411,Carlos_Ruiz,Mike_Babcock,random_negative
Damon_van_Dam_0002.jpg,Mike_Samp_0001.jpg,0,-0.146191,Damon_van_Dam,Mike_Samp,random_negative
John_Reid_0001.jpg,Luke_Ridnour_0002.jpg,0,-0.071537,John_Reid,Luke_Ridnour,random_negative
Muammar_Gaddafi_0001.jpg,Turner_Gill_0002.jpg,0,-0.034236,Muammar_Gaddafi,Turner_Gill,random_negative
Ahmet_Demir_0002.jpg,Thad_Matta_0003.jpg,0,-0.016764,Ahmet_Demir,Thad_Matta,random_negative
Brad_Miller_0002.jpg,Uma_Thurman_0003.jpg,0,0.060120,Brad_Miller,Uma_Thurman,random_negative
Billy_Crystal_0003.jpg,Xavier_Malisse_0001.jpg,0,-0.050518,Billy_Crystal,Xavier_Malisse,random_negative
Billy_Sollie_0002.jpg,Frank_Abagnale_Jr_0001.jpg,0,0.082313,Billy_Sollie,Frank_Abagnale_Jr,random_negative
Debra_Yang_0003.jpg,Erin_Hershey_Presley_0001.jpg,0,0.019349,Debra_Yang,Erin_Hershey_Presley,random_negative
Jean_Chretien_0004.jpg,Robert_Stack_0001.jpg,0,0.026710,Jean_Chretien,Robert_Stack,random_negative
Rob_Niedermayer_0002.jpg,Stella_McCartney_0004.jpg,0,0.024511,Rob_Niedermayer,Stella_McCartney,random_negative
Brian_Cowen_0001.jpg,Lionel_Hampton_0004.jpg,0,-0.052503,Brian_Cowen,Lionel_Hampton,random_negative
Jason_Alexander_0001.jpg,Rick_Perry_0002.jpg,0,-0.034840,Jason_Alexander,Rick_Perry,random_negative
George_Harrison_0003.jpg,Johnny_Unitas_0001.jpg,0,0.045844,George_Harrison,Johnny_Unitas,random_negative
Ben_Stein_0001.jpg,Heidi_Fleiss_0002.jpg,0,-0.016674,Ben_Stein,Heidi_Fleiss,random_negative
Francis_Ricciardone_0001.jpg,Sidney_Kimmel_0002.jpg,0,0.044238,Francis_Ricciardone,Sidney_Kimmel,random_negative
Jay_Rasulo_0003.jpg,Natalie_Stewart_0001.jpg,0,-0.066360,Jay_Rasulo,Natalie_Stewart,random_negative
Alberto_Ruiz_Gallardon_0002.jpg,Elton_John_0002.jpg,0,-0.024310,Alberto_Ruiz_Gallardon,Elton_John,random_negative
Dennis_Hastert_0001.jpg,Laurie_Laychak_0001.jpg,0,-0.004559,Dennis_Hastert,Laurie_Laychak,random_negative
Michael_Schumacher_0001.jpg,Zoe_Ball_0001.jpg,0,0.020690,Michael_Schumacher,Zoe_Ball,random_negative
Ernesto_Zedillo_0003.jpg,Morgan_Freeman_0001.jpg,0,-0.029671,Ernesto_Zedillo,Morgan_Freeman,random_negative
Don_Hewitt_0002.jpg,Nicolas_Cage_0001.jpg,0,-0.027589,Don_Hewitt,Nicolas_Cage,random_negative
Mike_Leach_0004.jpg,Stefan_Koubek_0004.jpg,0,0.104989,Mike_Leach,Stefan_Koubek,random_negative
Caio_Blat_0001.jpg,Justin_Timberlake_0002.jpg,0,0.103210,Caio_Blat,Justin_Timberlake,random_negative
Isabelle_Huppert_0003.jpg,Lee_Chang-dong_0002.jpg,0,0.045556,Isabelle_Huppert,Lee_Chang-dong,random_negative
Anton_Balasingham_0004.jpg,Mo_Elleithee_0001.jpg,0,0.014084,Anton_Balasingham,Mo_Elleithee,random_negative
Evgeni_Plushenko_0004.jpg,Howard_Schultz_0003.jpg,0,0.053592,Evgeni_Plushenko,Howard_Schultz,random_negative
Igor_Ivanov_0003.jpg,Ryan_Nyquist_0001.jpg,0,-0.018740,Igor_Ivanov,Ryan_Nyquist,random_negative
Chris_Pronger_0001.jpg,James_Caan_0001.jpg,0,0.089575,Chris_Pronger,James_Caan,random_negative
Dinah_Turner_0003.jpg,Jodie_Foster_0001.jpg,0,-0.059162,Dinah_Turner,Jodie_Foster,random_negative
Ira_Einhorn_0002.jpg,Patricia_Hearst_0002.jpg,0,-0.040254,Ira_Einhorn,Patricia_Hearst,random_negative
Arlen_Specter_0003.jpg,John_Warner_0001.jpg,0,0.009092,Arlen_Specter,John_Warner,random_negative
Alfredo_di_Stefano_0003.jpg,John_Edwards_0001.jpg,0,0.038138,Alfredo_di_Stefano,John_Edwards,random_negative
Britney_Spears_0004.jpg,Dan_Duquette_0001.jpg,0,-0.010541,Britney_Spears,Dan_Duquette,random_negative
Gilberto_Rodriguez_Orejuela_0002.jpg,Luis_Guzman_0001.jpg,0,-0.057688,Gilberto_Rodriguez_Orejuela,Luis_Guzman,random_negative
Natasha_McElhone_0001.jpg,Prince_Willem-Alexander_0001.jpg,0,0.019187,Natasha_McElhone,Prince_Willem-Alexander,random_negative
Marco_Antonio_Barrera_0003.jpg,Paul_McCartney_0004.jpg,0,0.040126,Marco_Antonio_Barrera,Paul_McCartney,random_negative
Heidi_Fleiss_0001.jpg,Ralph_Lauren_0001.jpg,0,-0.058472,Heidi_Fleiss,Ralph_Lauren,random_negative
Ian_Thorpe_0003.jpg,Pierre_Lacroix_0001.jpg,0,0.030388,Ian_Thorpe,Pierre_Lacroix,random_negative
Abdullah_Gul_0003.jpg,Edward_Said_0001.jpg,0,0.012488,Abdullah_Gul,Edward_Said,random_negative
Chris_Cirino_0002.jpg,Jean-Claude_Van_Damme_0001.jpg,0,-0.045111,Chris_Cirino,Jean-Claude_Van_Damme,random_negative
Binyamin_Ben-Eliezer_0002.jpg,Nicolas_Escude_0001.jpg,0,0.018013,Binyamin_Ben-Eliezer,Nicolas_Escude,random_negative
Brian_Cook_0001.jpg,Pupi_Avati_0001.jpg,0,-0.054256,Brian_Cook,Pupi_Avati,random_negative
Barbara_Walters_0003.jpg,James_Kopp_0001.jpg,0,0.071513,Barbara_Walters,James_Kopp,random_negative
Laura_Hernandez_0002.jpg,Mother_Teresa_0003.jpg,0,-0.042852,Laura_Hernandez,Mother_Teresa,random_negative
Frank_Stallone_0003.jpg,Matt_Welsh_0001.jpg,0,0.040453,Frank_Stallone,Matt_Welsh,random_negative
Lydia_Shum_0001.jpg,Tammy_Lynn_Michaels_0001.jpg,0,-0.056260,Lydia_Shum,Tammy_Lynn_Michaels,random_negative
John_Tyson_0004.jpg,Kelly_Osbourne_0003.jpg,0,0.087179,John_Tyson,Kelly_Osbourne,random_negative
Amanda_Marsh_0001.jpg,Tom_Watson_0002.jpg,0,-0.047740,Amanda_Marsh,Tom_Watson,random_negative
Prince_Willem-Alexander_0003.jpg,Sergei_Yushenkov_0001.jpg,0,-0.065740,Prince_Willem-Alexander,Sergei_Yushenkov,random_negative
Bill_Callahan_0001.jpg,Pascal_Lamy_0001.jpg,0,0.011734,Bill_Callahan,Pascal_Lamy,random_negative
Art_Howe_0001.jpg,John_Bolton_0003.jpg,0,-0.030468,Art_Howe,John_Bolton,random_negative
Cynthia_Rowley_0003.jpg,Steve_Lavin_0001.jpg,0,-0.039655,Cynthia_Rowley,Steve_Lavin,random_negative
Melvin_Talbert_0001.jpg,Steve_Austin_0001.jpg,0,-0.028375,Melvin_Talbert,Steve_Austin,random_negative
Barbora_Strycova_0001.jpg,Ross_Verba_0001.jpg,0,0.071711,Barbora_Strycova,Ross_Verba,random_negative
Bart_Freundlich_0001.jpg,Lorraine_Bracco_0003.jpg,0,0.005349,Bart_Freundlich,Lorraine_Bracco,random_negative
Christine_Ebersole_0004.jpg,Melina_Kanakaredes_0002.jpg,0,0.029030,Christine_Ebersole,Melina_Kanakaredes,random_negative
Bernadette_Peters_0003.jpg,Carol_Moseley_Braun_0004.jpg,0,0.065406,Bernadette_Peters,Carol_Moseley_Braun,random_negative
Eduardo_Romero_0002.jpg,Zydrunas_Ilgauskas_0004.jpg,0,0.057534,Eduardo_Romero,Zydrunas_Ilgauskas,random_negative
Gillian_Anderson_0004.jpg,Robin_Wright_Penn_0001.jpg,0,0.087987,Gillian_Anderson,Robin_Wright_Penn,random_negative
Daniel_Coats_0001.jpg,Hilmi_Ozkok_0003.jpg,0,0.046995,Daniel_Coats,Hilmi_Ozkok,random_negative
Lina_Krasnoroutskaya_0004.jpg,Mario_Lemieux_0004.jpg,0,-0.060937,Lina_Krasnoroutskaya,Mario_Lemieux,random_negative
Rubens_Barrichello_0001.jpg,Sterling_Hitchcock_0002.jpg,0,-0.073923,Rubens_Barrichello,Sterling_Hitchcock,random_negative
Holly_Robinson_Peete_0001.jpg,Raymond_Odierno_0002.jpg,0,-0.000965,Holly_Robinson_Peete,Raymond_Odierno,random_negative
Silvio_Berlusconi_0002.jpg,TJ_Ford_0002.jpg,0,-0.084087,Silvio_Berlusconi,TJ_Ford,random_negative
Meg_Wakeman_0001.jpg,Tom_Brady_0002.jpg,0,0.034503,Meg_Wakeman,Tom_Brady,random_negative
Carla_Sullivan_0002.jpg,James_McGreevey_0002.jpg,0,-0.036704,Carla_Sullivan,James_McGreevey,random_negative
Cecile_de_France_0002.jpg,Megan_Mullally_0004.jpg,0,0.093825,Cecile_de_France,Megan_Mullally,random_negative
Isabelle_Huppert_0001.jpg,William_Rosenberg_0001.jpg,0,-0.082675,Isabelle_Huppert,William_Rosenberg,random_negative
Andy_Rooney_0001.jpg,Carmen_Electra_0004.jpg,0,0.009142,Andy_Rooney,Carmen_Electra,random_negative
Anderson_Varejao_0001.jpg,Brigitte_Boisselier_0002.jpg,0,0.008554,Anderson_Varejao,Brigitte_Boisselier,random_negative
Muhammad_Ali_0002.jpg,Zydrunas_Ilgauskas_0004.jpg,0,0.017809,Muhammad_Ali,Zydrunas_Ilgauskas,random_negative
Linus_Roache_0001.jpg,Zinedine_Zidane_0001.jpg,0,-0.066087,Linus_Roache,Zinedine_Zidane,random_negative
Boris_Yeltsin_0001.jpg,Jennifer_Tilly_0001.jpg,0,-0.028287,Boris_Yeltsin,Jennifer_Tilly,random_negative
Catherine_Deneuve_0004.jpg,Sananda_Maitreya_0003.jpg,0,-0.026428,Catherine_Deneuve,Sananda_Maitreya,random_negative
Cheryl_Ford_0002.jpg,Giuseppe_Gibilisco_0002.jpg,0,0.000377,Cheryl_Ford,Giuseppe_Gibilisco,random_negative
Elena_Bovina_0001.jpg,Sherri_Coale_0003.jpg,0,0.045902,Elena_Bovina,Sherri_Coale,random_negative
Akbar_Hashemi_Rafsanjani_0001.jpg,Tayshaun_Prince_0003.jpg,0,-0.046804,Akbar_Hashemi_Rafsanjani,Tayshaun_Prince,random_negative
Meg_Wakeman_0001.jpg,Sonia_Gandhi_0003.jpg,0,-0.038608,Meg_Wakeman,Sonia_Gandhi,random_negative
Laura_Morante_0001.jpg,Tom_Coverdale_0004.jpg,0,0.005511,Laura_Morante,Tom_Coverdale,random_negative
Colin_Farrell_0004.jpg,Phil_Bredesen_0002.jpg,0,0.070899,Colin_Farrell,Phil_Bredesen,random_negative
Malcolm_Glazer_0001.jpg,Zaini_Abdullah_0002.jpg,0,0.088803,Malcolm_Glazer,Zaini_Abdullah,random_negative
Imre_Kertasz_0001.jpg,Michelle_Rodriguez_0001.jpg,0,-0.078027,Imre_Kertasz,Michelle_Rodriguez,random_negative
Arsinee_Khanjian_0001.jpg,Daryl_Hannah_0003.jpg,0,0.109288,Arsinee_Khanjian,Daryl_Hannah,random_negative
Ricky_Ponting_0004.jpg,Zoran_Djindjic_0004.jpg,0,0.056921,Ricky_Ponting,Zoran_Djindjic,random_negative
Akbar_Hashemi_Rafsanjani_0003.jpg,Rolf_Eckrodt_0002.jpg,0,-0.028806,Akbar_Hashemi_Rafsanjani,Rolf_Eckrodt,random_negative
Chris_Penn_0001.jpg,Elisabeth_Schumacher_0001.jpg,0,0.040734,Chris_Penn,Elisabeth_Schumacher,random_negative
Corinne_Coman_0001.jpg,Peter_Sejna_0002.jpg,0,-0.114624,Corinne_Coman,Peter_Sejna,random_negative
Gianni_Agnelli_0001.jpg,Glen_Sather_0004.jpg,0,-0.088901,Gianni_Agnelli,Glen_Sather,random_negative
Junichi_Inamoto_0001.jpg,Paula_Prentiss_0001.jpg,0,0.003439,Junichi_Inamoto,Paula_Prentiss,random_negative
Carolyn_Dawn_Johnson_0003.jpg,Jose_Sarney_0001.jpg,0,-0.027565,Carolyn_Dawn_Johnson,Jose_Sarney,random_negative
Charlie_Hunnam_0001.jpg,Christine_Todd_Whitman_0003.jpg,0,-0.002842,Charlie_Hunnam,Christine_Todd_Whitman,random_negative
Steve_Valentine_0004.jpg,Zeljko_Rebraca_0001.jpg,0,0.038662,Steve_Valentine,Zeljko_Rebraca,random_negative
Franco_Dragone_0001.jpg,John_Ashcroft_0001.jpg,0,-0.017209,Franco_Dragone,John_Ashcroft,random_negative
Brooke_Adams_0001.jpg,Joanna_Poitier_0004.jpg,0,-0.001312,Brooke_Adams,Joanna_Poitier,random_negative
Christian_Lacroix_0002.jpg,Kent_Rominger_0004.jpg,0,0.073592,Christian_Lacroix,Kent_Rominger,random_negative
Ben_Wallace_0001.jpg,Colin_Montgomerie_0002.jpg,0,-0.005925,Ben_Wallace,Colin_Montgomerie,random_negative
Demi_Moore_0003.jpg,Mesut_Yilmaz_0002.jpg,0,0.016546,Demi_Moore,Mesut_Yilmaz,random_negative
Gina_Lollobrigida_0004.jpg,Orrin_Hatch_0001.jpg,0,0.009108,Gina_Lollobrigida,Orrin_Hatch,random_negative
Edie_Falco_0001.jpg,Lon_Kruger_0001.jpg,0,0.032855,Edie_Falco,Lon_Kruger,random_negative
Gisele_Bundchen_0002.jpg,Kimi_Raikkonen_0002.jpg,0,0.056307,Gisele_Bundchen,Kimi_Raikkonen,random_negative
Edwin_Edwards_0001.jpg,Kate_Winslet_0002.jpg,0,0.000896,Edwin_Edwards,Kate_Winslet,random_negative
Jiri_Novak_0002.jpg,Toni_Braxton_0001.jpg,0,0.119518,Jiri_Novak,Toni_Braxton,random_negative
King_Abdullah_II_0001.jpg,Miles_Stewart_0002.jpg,0,-0.014899,King_Abdullah_II,Miles_Stewart,random_negative
James_Butts_0001.jpg,Jean_Todt_0003.jpg,0,-0.139162,James_Butts,Jean_Todt,random_negative
Andy_Benes_0003.jpg,Gabriel_Valdes_0001.jpg,0,0.028333,Andy_Benes,Gabriel_Valdes,random_negative
Dean_Barkley_0002.jpg,Goran_Persson_0004.jpg,0,0.054405,Dean_Barkley,Goran_Persson,random_negative
Jose_Mourinho_0004.jpg,Portia_de_Rossi_0004.jpg,0,0.089126,Jose_Mourinho,Portia_de_Rossi,random_negative
Al_Sharpton_0001.jpg,Chris_Cooper_0004.jpg,0,0.052392,Al_Sharpton,Chris_Cooper,random_negative
Eddie_Sutton_0004.jpg,John_Tyson_0004.jpg,0,0.107338,Eddie_Sutton,John_Tyson,random_negative
Joan_Claybrook_0003.jpg,Zinedine_Zidane_0002.jpg,0,0.033293,Joan_Claybrook,Zinedine_Zidane,random_negative
Brigitte_Boisselier_0001.jpg,Kenny_Brack_0002.jpg,0,-0.062235,Brigitte_Boisselier,Kenny_Brack,random_negative
Frederique_van_der_Wal_0004.jpg,Larry_Bowa_0002.jpg,0,-0.003642,Frederique_van_der_Wal,Larry_Bowa,random_negative
Dan_Morales_0001.jpg,Joey_Mantia_0001.jpg,0,-0.008161,Dan_Morales,Joey_Mantia,random_negative
Carla_Gugino_0004.jpg,Jade_Jagger_0001.jpg,0,0.165997,Carla_Gugino,Jade_Jagger,random_negative
Caroline_Dhavernas_0004.jpg,Richard_Gere_0002.jpg,0,-0.028917,Caroline_Dhavernas,Richard_Gere,random_negative
Frank_Griswold_0001.jpg,Jason_Kidd_0002.jpg,0,0.044391,Frank_Griswold,Jason_Kidd,random_negative
James_Gibson_0004.jpg,Keiko_Sofia_Fujimori_0003.jpg,0,0.094639,James_Gibson,Keiko_Sofia_Fujimori,random_negative
Eliane_Karp_0001.jpg,Jonathan_Byrd_0002.jpg,0,-0.046459,Eliane_Karp,Jonathan_Byrd,random_negative
David_Kelley_0002.jpg,Eric_Hinske_0004.jpg,0,-0.098706,David_Kelley,Eric_Hinske,random_negative
Frank_Stallone_0001.jpg,Jake_Plummer_0004.jpg,0,0.078860,Frank_Stallone,Jake_Plummer,random_negative
Mario_Vasquez_Rana_0002.jpg,Stella_McCartney_0001.jpg,0,-0.033093,Mario_Vasquez_Rana,Stella_McCartney,random_negative
Adam_Freier_0003.jpg,Kamal_Kharrazi_0001.jpg,0,0.073814,Adam_Freier,Kamal_Kharrazi,random_negative
Celia_Cruz_0003.jpg,Gloria_Allred_0004.jpg,0,-0.017824,Celia_Cruz,Gloria_Allred,random_negative
Eminem_0002.jpg,Kyle_McLaren_0001.jpg,0,0.016336,Eminem,Kyle_McLaren,random_negative
Mark_Cuban_0004.jpg,Patrick_Rafter_0004.jpg,0,-0.048756,Mark_Cuban,Patrick_Rafter,random_negative
Anthony_Hopkins_0001.jpg,Kim_Dae-jung_0001.jpg,0,0.085815,Anthony_Hopkins,Kim_Dae-jung,random_negative
Augusto_Pinochet_0003.jpg,Gina_Centrello_0001.jpg,0,-0.001366,Augusto_Pinochet,Gina_Centrello,random_negative
Goran_Persson_0001.jpg,Hugo_Conte_0003.jpg,0,0.074960,Goran_Persson,Hugo_Conte,random_negative
Nanni_Moretti_0004.jpg,Sandra_Milo_0001.jpg,0,-0.069926,Nanni_Moretti,Sandra_Milo,random_negative
Benicio_Del_Toro_0001.jpg,David_Wells_0001.jpg,0,-0.024145,Benicio_Del_Toro,David_Wells,random_negative
Catherine_Deneuve_0001.jpg,Ron_Kirk_0004.jpg,0,0.022006,Catherine_Deneuve,Ron_Kirk,random_negative
Dionne_Warwick_0001.jpg,Mark_Cuban_0002.jpg,0,-0.030771,Dionne_Warwick,Mark_Cuban,random_negative
Lino_Oviedo_0003.jpg,Nicole_Parker_0001.jpg,0,-0.007722,Lino_Oviedo,Nicole_Parker,random_negative
Hector_Babenco_0004.jpg,Vicente_Fox_0004.jpg,0,-0.098886,Hector_Babenco,Vicente_Fox,random_negative
Joseph_Kabila_0002.jpg,Stockard_Channing_0002.jpg,0,0.033497,Joseph_Kabila,Stockard_Channing,random_negative
Cindy_Crawford_0001.jpg,Megan_Mullally_0003.jpg,0,-0.025317,Cindy_Crawford,Megan_Mullally,random_negative
Alex_Corretja_0001.jpg,Josh_Kronfeld_0003.jpg,0,-0.081704,Alex_Corretja,Josh_Kronfeld,random_negative
Abdel_Nasser_Assidi_0003.jpg,Colleen_Atwood_0003.jpg,0,-0.027248,Abdel_Nasser_Assidi,Colleen_Atwood,random_negative
Erin_Hershey_Presley_0004.jpg,Uday_Hussein_0004.jpg,0,-0.076264,Erin_Hershey_Presley,Uday_Hussein,random_negative
Buddy_Ryan_0004.jpg,Linda_Dano_0004.jpg,0,0.028374,Buddy_Ryan,Linda_Dano,random_negative
Bulent_Ecevit_0003.jpg,Matt_Damon_0001.jpg,0,0.002357,Bulent_Ecevit,Matt_Damon,random_negative
Brian_Mulroney_0001.jpg,James_Sensenbrenner_0002.jpg,0,0.060913,Brian_Mulroney,James_Sensenbrenner,random_negative
Gerard_Kleisterlee_0004.jpg,Gwendal_Peizerat_0002.jpg,0,-0.047677,Gerard_Kleisterlee,Gwendal_Peizerat,random_negative
Jeffrey_Immelt_0003.jpg,Lynn_Redgrave_0003.jpg,0,0.047989,Jeffrey_Immelt,Lynn_Redgrave,random_negative
Chip_Knight_0001.jpg,Sherri_Coale_0002.jpg,0,0.012571,Chip_Knight,Sherri_Coale,random_negative
Ty_Votaw_0001.jpg,Wolfgang_Schuessel_0003.jpg,0,0.017639,Ty_Votaw,Wolfgang_Schuessel,random_negative
Carlos_Vives_0004.jpg,Hal_McCoy_0002.jpg,0,0.052227,Carlos_Vives,Hal_McCoy,random_negative
Dan_Quayle_0001.jpg,OJ_Simpson_0001.jpg,0,0.044334,Dan_Quayle,OJ_Simpson,random_negative
Alfredo_Moreno_0003.jpg,Steve_Coogan_0004.jpg,0,0.021808,Alfredo_Moreno,Steve_Coogan,random_negative
Jacques_Rogge_0001.jpg,Mike_Alden_0001.jpg,0,-0.005988,Jacques_Rogge,Mike_Alden,random_negative
Mitzi_Gaynor_0001.jpg,Tara_Dawn_Christensen_0001.jpg,0,-0.099709,Mitzi_Gaynor,Tara_Dawn_Christensen,random_negative
Abdoulaye_Wade_0001.jpg,Mikhail_Kasyanov_0001.jpg,0,0.010042,Abdoulaye_Wade,Mikhail_Kasyanov,random_negative
Ralph_Goodale_0001.jpg,Yasar_Yakis_0002.jpg,0,-0.089461,Ralph_Goodale,Yasar_Yakis,random_negative
Benicio_Del_Toro_0003.jpg,Dave_Campo_0001.jpg,0,-0.040121,Benicio_Del_Toro,Dave_Campo,random_negative
Anderson_Varejao_0001.jpg,Dinah_Turner_0001.jpg,0,0.016053,Anderson_Varejao,Dinah_Turner,random_negative
Don_Hewitt_0001.jpg,Vanessa_Williams_0002.jpg,0,0.029534,Don_Hewitt,Vanessa_Williams,random_negative
Ben_Lee_0002.jpg,Demi_Moore_0004.jpg,0,0.075012,Ben_Lee,Demi_Moore,random_negative
Alicia_Witt_0001.jpg,Anna_Kournikova_0001.jpg,0,-0.019263,Alicia_Witt,Anna_Kournikova,random_negative
Arnaud_Clement_0001.jpg,Matthias_Sammer_0004.jpg,0,0.014608,Arnaud_Clement,Matthias_Sammer,random_negative
Gary_Winnick_0004.jpg,Guillaume_Soro_0001.jpg,0,0.068527,Gary_Winnick,Guillaume_Soro,random_negative
Andrew_Jarecki_0001.jpg,Heizo_Takenaka_0001.jpg,0,0.096232,Andrew_Jarecki,Heizo_Takenaka,random_negative
Jason_Lezak_0001.jpg,William_Rosenberg_0001.jpg,0,0.068834,Jason_Lezak,William_Rosenberg,random_negative
Miguel_Angel_Rodriguez_0002.jpg,Tony_Fernandes_0004.jpg,0,0.060283,Miguel_Angel_Rodriguez,Tony_Fernandes,random_negative
Katie_Holmes_0004.jpg,Matthew_Vaughan_0001.jpg,0,0.047555,Katie_Holmes,Matthew_Vaughan,random_negative
Giuseppe_Gibilisco_0004.jpg,Ian_Thorpe_0003.jpg,0,0.035222,Giuseppe_Gibilisco,Ian_Thorpe,random_negative
Elena_Dementieva_0002.jpg,John_Malkovich_0001.jpg,0,0.048113,Elena_Dementieva,John_Malkovich,random_negative
Abraham_Foxman_0001.jpg,Antje_Buschschulte_0001.jpg,0,-0.105391,Abraham_Foxman,Antje_Buschschulte,random_negative
Emmit_Smith_0002.jpg,Lisa_Murkowski_0001.jpg,0,0.073842,Emmit_Smith,Lisa_Murkowski,random_negative
Gary_Carter_0002.jpg,Suzie_McConnell_Serio_0002.jpg,0,-0.022042,Gary_Carter,Suzie_McConnell_Serio,random_negative
Brian_Cowen_0003.jpg,Nicolas_Macrozonaris_0001.jpg,0,0.001279,Brian_Cowen,Nicolas_Macrozonaris,random_negative
Alicia_Silverstone_0001.jpg,Chris_Moore_0002.jpg,0,-0.005467,Alicia_Silverstone,Chris_Moore,random_negative
Bill_Kollar_0002.jpg,Ratna_Sari_Dewi_Sukarno_0002.jpg,0,-0.005852,Bill_Kollar,Ratna_Sari_Dewi_Sukarno,random_negative
Caroline_Dhavernas_0001.jpg,Joseph_Biden_0001.jpg,0,0.057986,Caroline_Dhavernas,Joseph_Biden,random_negative
Candie_Kung_0002.jpg,Pierre_Lacroix_0001.jpg,0,-0.029444,Candie_Kung,Pierre_Lacroix,random_negative
Bernard_Law_0003.jpg,Sam_Torrance_0001.jpg,0,-0.028861,Bernard_Law,Sam_Torrance,random_negative
Alan_Greenspan_0004.jpg,Ira_Einhorn_0001.jpg,0,-0.018296,Alan_Greenspan,Ira_Einhorn,random_negative
Iban_Mayo_0001.jpg,Michael_Bloomberg_0002.jpg,0,0.037354,Iban_Mayo,Michael_Bloomberg,random_negative
Danny_Ainge_0001.jpg,Goldie_Hawn_0001.jpg,0,0.010334,Danny_Ainge,Goldie_Hawn,random_negative
Alec_Baldwin_0003.jpg,Frank_Griswold_0002.jpg,0,-0.075864,Alec_Baldwin,Frank_Griswold,random_negative
Bernardo_Segura_0002.jpg,Nicklas_Lidstrom_0003.jpg,0,-0.040050,Bernardo_Segura,Nicklas_Lidstrom,random_negative
Andy_Roddick_0001.jpg,Brian_Olson_0002.jpg,0,-0.001136,Andy_Roddick,Brian_Olson,random_negative
Melissa_Stark_0001.jpg,Pupi_Avati_0002.jpg,0,-0.005222,Melissa_Stark,Pupi_Avati,random_negative
Jimmy_Carter_0002.jpg,Liu_Mingkang_0001.jpg,0,0.023135,Jimmy_Carter,Liu_Mingkang,random_negative
Jalen_Rose_0003.jpg,Michael_Kostelnik_0002.jpg,0,-0.032464,Jalen_Rose,Michael_Kostelnik,random_negative
Alejandro_Lerner_0001.jpg,Brook_Robinson_0002.jpg,0,-0.061066,Alejandro_Lerner,Brook_Robinson,random_negative
Babe_Ruth_0002.jpg,Danny_Green_0001.jpg,0,-0.051944,Babe_Ruth,Danny_Green,random_negative
Deepa_Mehta_0001.jpg,Sarah_Michelle_Gellar_0001.jpg,0,-0.026869,Deepa_Mehta,Sarah_Michelle_Gellar,random_negative
John_Rowland_0004.jpg,Manfred_Stolpe_0001.jpg,0,0.087095,John_Rowland,Manfred_Stolpe,random_negative
Debra_Messing_0002.jpg,Shoshana_Johnson_0001.jpg,0,-0.103082,Debra_Messing,Shoshana_Johnson,random_negative
John_Robbins_0003.jpg,Tim_Floyd_0003.jpg,0,-0.078427,John_Robbins,Tim_Floyd,random_negative
Corinne_Coman_0003.jpg,Wesley_Clark_0004.jpg,0,0.009733,Corinne_Coman,Wesley_Clark,random_negative
Amelie_Mauresmo_0001.jpg,Ana_Palacio_0002.jpg,0,0.121385,Amelie_Mauresmo,Ana_Palacio,random_negative
Ana_Claudia_Talancon_0002.jpg,Jaime_Pressly_0003.jpg,0,-0.029958,Ana_Claudia_Talancon,Jaime_Pressly,random_negative
Dragan_Covic_0001.jpg,John_Warner_0001.jpg,0,-0.047502,Dragan_Covic,John_Warner,random_negative
Hans_Corell_0001.jpg,Li_Ka-shing_0001.jpg,0,0.081174,Hans_Corell,Li_Ka-shing,random_negative
Aaron_Peirsol_0003.jpg,Jacques_Chirac_0003.jpg,0,-0.045233,Aaron_Peirsol,Jacques_Chirac,random_negative
Gro_Harlem_Brundtland_0004.jpg,Ira_Einhorn_0002.jpg,0,0.064135,Gro_Harlem_Brundtland,Ira_Einhorn,random_negative
David_Hyde_Pierce_0002.jpg,Elizabeth_Smart_0004.jpg,0,0.037045,David_Hyde_Pierce,Elizabeth_Smart,random_negative
Hideki_Matsui_0001.jpg,Steve_Alford_0001.jpg,0,-0.004860,Hideki_Matsui,Steve_Alford,random_negative
Marie-Reine_Le_Gougne_0002.jpg,Radovan_Karadzic_0001.jpg,0,0.033294,Marie-Reine_Le_Gougne,Radovan_Karadzic,random_negative
Luciano_Pavarotti_0001.jpg,Peter_Care_0001.jpg,0,-0.060921,Luciano_Pavarotti,Peter_Care,random_negative
Mike_Helton_0002.jpg,Suzie_McConnell_Serio_0004.jpg,0,-0.036609,Mike_Helton,Suzie_McConnell_Serio,random_negative
Amanda_Coetzer_0003.jpg,Nikki_Cascone_0002.jpg,0,0.017336,Amanda_Coetzer,Nikki_Cascone,random_negative
Federico_Castelan_Sayre_0001.jpg,Jane_Kaczmarek_0004.jpg,0,0.026313,Federico_Castelan_Sayre,Jane_Kaczmarek,random_negative
Christine_Arron_0001.jpg,Shawn_Marion_0002.jpg,0,0.065209,Christine_Arron,Shawn_Marion,random_negative
Celine_Dion_0002.jpg,John_Wayne_0001.jpg,0,0.079063,Celine_Dion,John_Wayne,random_negative
Gilles_Panizzi_0004.jpg,Jalen_Rose_0004.jpg,0,0.018341,Gilles_Panizzi,Jalen_Rose,random_negative
Bob_Geldof_0001.jpg,Demi_Moore_0001.jpg,0,0.039908,Bob_Geldof,Demi_Moore,random_negative
Gregory_Geoffroy_0001.jpg,Pat_Riley_0001.jpg,0,-0.051858,Gregory_Geoffroy,Pat_Riley,random_negative
Charles_Mathews_0002.jpg,Matt_Damon_0002.jpg,0,0.057633,Charles_Mathews,Matt_Damon,random_negative
Alvaro_Silva_Calderon_0002.jpg,Michael_Richards_0002.jpg,0,0.011165,Alvaro_Silva_Calderon,Michael_Richards,random_negative
Aitor_Gonzalez_0001.jpg,Michael_Keaton_0003.jpg,0,0.108124,Aitor_Gonzalez,Michael_Keaton,random_negative
Abdullah_Gul_0003.jpg,Bill_Self_0001.jpg,0,0.025494,Abdullah_Gul,Bill_Self,random_negative
Jim_Wong_0002.jpg,Retief_Goosen_0003.jpg,0,-0.010622,Jim_Wong,Retief_Goosen,random_negative
Eduardo_Duhalde_0002.jpg,Emma_Watson_0001.jpg,0,-0.072555,Eduardo_Duhalde,Emma_Watson,random_negative
Bridget_Fonda_0002.jpg,Zhang_Wenkang_0001.jpg,0,0.019698,Bridget_Fonda,Zhang_Wenkang,random_negative
Coretta_Scott_King_0003.jpg,Pete_Sampras_0002.jpg,0,0.068281,Coretta_Scott_King,Pete_Sampras,random_negative
Christopher_Reeve_0004.jpg,Drew_Gooden_0001.jpg,0,-0.059083,Christopher_Reeve,Drew_Gooden,random_negative
Allyson_Felix_0002.jpg,Queen_Sofia_0002.jpg,0,0.019166,Allyson_Felix,Queen_Sofia,random_negative
Kwame_Kilpatrick_0003.jpg,Woody_Allen_0001.jpg,0,0.042213,Kwame_Kilpatrick,Woody_Allen,random_negative
Carolina_Barco_0003.jpg,Kiki_Vandeweghe_0003.jpg,0,0.056539,Carolina_Barco,Kiki_Vandeweghe,random_negative
Jose_Miguel_Aleman_0003.jpg,Nawabzada_Nasrullah_Khan_0001.jpg,0,-0.076243,Jose_Miguel_Aleman,Nawabzada_Nasrullah_Khan,random_negative
Dan_Quayle_0003.jpg,Frank_Murkowski_0004.jpg,0,0.136979,Dan_Quayle,Frank_Murkowski,random_negative
Randy_Dryer_0001.jpg,Strom_Thurmond_0003.jpg,0,-0.014388,Randy_Dryer,Strom_Thurmond,random_negative
Billy_Gilman_0004.jpg,Nancy_Pelosi_0001.jpg,0,0.006668,Billy_Gilman,Nancy_Pelosi,random_negative
John_Travolta_0004.jpg,Nicola_Bono_0001.jpg,0,-0.078147,John_Travolta,Nicola_Bono,random_negative
Kurt_Warner_0001.jpg,Nicolas_Macrozonaris_0003.jpg,0,-0.079458,Kurt_Warner,Nicolas_Macrozonaris,random_negative
Justin_Wilson_0004.jpg,Pedro_Pauleta_0002.jpg,0,0.054973,Justin_Wilson,Pedro_Pauleta,random_negative
Andy_North_0001.jpg,Bud_Selig_0002.jpg,0,0.049717,Andy_North,Bud_Selig,random_negative
Eric_Benet_0002.jpg,Jerry_Falwell_0004.jpg,0,-0.008757,Eric_Benet,Jerry_Falwell,random_negative
Guangdong_Ou_Guangyuan_0002.jpg,Michael_Jordan_0003.jpg,0,0.000584,Guangdong_Ou_Guangyuan,Michael_Jordan,random_negative
Bob_Hope_0003.jpg,Natasha_McElhone_0002.jpg,0,-0.002390,Bob_Hope,Natasha_McElhone,random_negative
Adolfo_Aguilar_Zinser_0002.jpg,Shawn_Marion_0002.jpg,0,-0.103324,Adolfo_Aguilar_Zinser,Shawn_Marion,random_negative
Maura_Tierney_0001.jpg,Suzie_McConnell_Serio_0002.jpg,0,-0.016064,Maura_Tierney,Suzie_McConnell_Serio,random_negative
Svend_Aage_Jensby_0001.jpg,Vincent_Gallo_0002.jpg,0,-0.012854,Svend_Aage_Jensby,Vincent_Gallo,random_negative
Claudia_Schiffer_0001.jpg,James_Brosnahan_0002.jpg,0,0.023412,Claudia_Schiffer,James_Brosnahan,random_negative
Charlotte_Church_0002.jpg,Rachel_Roy_0001.jpg,0,0.151849,Charlotte_Church,Rachel_Roy,random_negative
James_Baker_0003.jpg,Xavier_Malisse_0003.jpg,0,0.046797,James_Baker,Xavier_Malisse,random_negative
Fernando_Sanz_0002.jpg,Miguel_Cotto_0001.jpg,0,-0.068070,Fernando_Sanz,Miguel_Cotto,random_negative
Jean-Claude_Van_Damme_0002.jpg,Pauley_Perrette_0001.jpg,0,0.030475,Jean-Claude_Van_Damme,Pauley_Perrette,random_negative
Iveta_Benesova_0001.jpg,Lionel_Hampton_0002.jpg,0,0.039512,Iveta_Benesova,Lionel_Hampton,random_negative
Eddie_Sutton_0002.jpg,Tayshaun_Prince_0001.jpg,0,-0.063588,Eddie_Sutton,Tayshaun_Prince,random_negative
Andy_Benes_0001.jpg,Gerald_Fitch_0002.jpg,0,0.049148,Andy_Benes,Gerald_Fitch,random_negative
Ismail_Merchant_0001.jpg,James_McGreevey_0004.jpg,0,-0.034743,Ismail_Merchant,James_McGreevey,random_negative
Keira_Knightley_0003.jpg,Markus_Naslund_0004.jpg,0,0.012236,Keira_Knightley,Markus_Naslund,random_negative
Clint_Eastwood_0001.jpg,Jessica_Capshaw_0001.jpg,0,-0.071712,Clint_Eastwood,Jessica_Capshaw,random_negative
Ben_Chandler_0001.jpg,Franz_Beckenbauer_0004.jpg,0,-0.059778,Ben_Chandler,Franz_Beckenbauer,random_negative
Patrice_Chereau_0003.jpg,Roseanne_Barr_0001.jpg,0,-0.031016,Patrice_Chereau,Roseanne_Barr,random_negative
Donald_Keck_0001.jpg,Jerry_Falwell_0001.jpg,0,0.115910,Donald_Keck,Jerry_Falwell,random_negative
Michael_Pfleger_0003.jpg,Ty_Votaw_0001.jpg,0,0.007111,Michael_Pfleger,Ty_Votaw,random_negative
Jamir_Miller_0004.jpg,Richard_Myers_0002.jpg,0,0.032255,Jamir_Miller,Richard_Myers,random_negative
Hermogenes_Ebdane_Jr_0003.jpg,Rudy_Tomjanovich_0001.jpg,0,0.044423,Hermogenes_Ebdane_Jr,Rudy_Tomjanovich,random_negative
Albert_Brooks_0001.jpg,Suzanne_Mubarak_0003.jpg,0,-0.004238,Albert_Brooks,Suzanne_Mubarak,random_negative
Erika_Harold_0002.jpg,Tavis_Smiley_0004.jpg,0,-0.025470,Erika_Harold,Tavis_Smiley,random_negative
Dustin_Brown_0001.jpg,Pascal_Rheaume_0001.jpg,0,0.083207,Dustin_Brown,Pascal_Rheaume,random_negative
Jerry_Falwell_0001.jpg,Shaun_Pollock_0001.jpg,0,0.024036,Jerry_Falwell,Shaun_Pollock,random_negative
Liu_Mingkang_0002.jpg,Marc_Bulger_0003.jpg,0,-0.020997,Liu_Mingkang,Marc_Bulger,random_negative
Anna_Nicole_Smith_0001.jpg,Gene_Sauers_0004.jpg,0,0.023365,Anna_Nicole_Smith,Gene_Sauers,random_negative
Christine_Ebersole_0004.jpg,Wayne_Ferreira_0002.jpg,0,0.050889,Christine_Ebersole,Wayne_Ferreira,random_negative
Richard_Virenque_0002.jpg,Thaksin_Shinawatra_0001.jpg,0,0.017653,Richard_Virenque,Thaksin_Shinawatra,random_negative
Babe_Ruth_0002.jpg,Michael_Kostelnik_0001.jpg,0,0.092147,Babe_Ruth,Michael_Kostelnik,random_negative
Henrique_Meirelles_0001.jpg,Tim_Conway_0002.jpg,0,0.033672,Henrique_Meirelles,Tim_Conway,random_negative
Donald_Keck_0002.jpg,Sven_Goran_Eriksson_0003.jpg,0,0.035874,Donald_Keck,Sven_Goran_Eriksson,random_negative
Craig_Morgan_0003.jpg,Mary-Kate_Olsen_0002.jpg,0,0.013943,Craig_Morgan,Mary-Kate_Olsen,random_negative
Diana_Taurasi_0001.jpg,Paul_Tracy_0001.jpg,0,-0.008116,Diana_Taurasi,Paul_Tracy,random_negative
Eliane_Karp_0001.jpg,Max_Baucus_0001.jpg,0,0.031118,Eliane_Karp,Max_Baucus,random_negative
Hashim_Thaci_0002.jpg,Jiri_Novak_0002.jpg,0,-0.041380,Hashim_Thaci,Jiri_Novak,random_negative
Guy_Ritchie_0002.jpg,John_Garamendi_0001.jpg,0,-0.065805,Guy_Ritchie,John_Garamendi,random_negative
Kenny_Chesney_0001.jpg,Richard_Hamilton_0003.jpg,0,0.011632,Kenny_Chesney,Richard_Hamilton,random_negative
Juan_Manuel_Marquez_0004.jpg,Patrice_Chereau_0001.jpg,0,-0.025453,Juan_Manuel_Marquez,Patrice_Chereau,random_negative
Edward_James_Olmos_0001.jpg,Laurence_Tribe_0002.jpg,0,0.090985,Edward_James_Olmos,Laurence_Tribe,random_negative
Gerry_Kelly_0003.jpg,Luis_Fonsi_0004.jpg,0,-0.029337,Gerry_Kelly,Luis_Fonsi,random_negative
Bo_Ryan_0001.jpg,Tom_Glavine_0002.jpg,0,-0.040246,Bo_Ryan,Tom_Glavine,random_negative
Alexander_Rumyantsev_0001.jpg,Steve_Ballmer_0004.jpg,0,0.005970,Alexander_Rumyantsev,Steve_Ballmer,random_negative
Daryl_Hannah_0003.jpg,Randy_Travis_0001.jpg,0,0.064296,Daryl_Hannah,Randy_Travis,random_negative
Nelson_Acosta_0001.jpg,Stacey_Jones_0001.jpg,0,0.002578,Nelson_Acosta,Stacey_Jones,random_negative
Carlos_Menem_0002.jpg,Chris_Byrd_0001.jpg,0,0.010659,Carlos_Menem,Chris_Byrd,random_negative
Abdullah_Gul_0001.jpg,Britney_Spears_0001.jpg,0,0.008462,Abdullah_Gul,Britney_Spears,random_negative
Mary_Blige_0003.jpg,Zach_Parise_0002.jpg,0,0.039533,Mary_Blige,Zach_Parise,random_negative
Marco_Antonio_Barrera_0001.jpg,Tony_Curtis_0003.jpg,0,-0.023261,Marco_Antonio_Barrera,Tony_Curtis,random_negative
Joseph_Biden_0003.jpg,Marissa_Jaret_Winokur_0001.jpg,0,0.073048,Joseph_Biden,Marissa_Jaret_Winokur,random_negative
Marion_Barry_0004.jpg,Norman_Mineta_0001.jpg,0,0.002787,Marion_Barry,Norman_Mineta,random_negative
Amelie_Mauresmo_0001.jpg,Gerald_Riley_0001.jpg,0,-0.027577,Amelie_Mauresmo,Gerald_Riley,random_negative
John_Norquist_0001.jpg,Steve_Peace_0002.jpg,0,0.032016,John_Norquist,Steve_Peace,random_negative
Chok_Tong_Goh_0004.jpg,George_McCloud_0001.jpg,0,0.051813,Chok_Tong_Goh,George_McCloud,random_negative
Giulio_Andreotti_0001.jpg,Peter_Ueberroth_0003.jpg,0,0.063496,Giulio_Andreotti,Peter_Ueberroth,random_negative
Jim_Letten_0002.jpg,John_Kerry_0003.jpg,0,-0.004366,Jim_Letten,John_Kerry,random_negative
Linda_Lingle_0001.jpg,Minnie_Driver_0001.jpg,0,0.042507,Linda_Lingle,Minnie_Driver,random_negative
Javier_Solana_0002.jpg,Jennifer_Garner_0001.jpg,0,-0.038101,Javier_Solana,Jennifer_Garner,random_negative
Bridgette_Wilson-Sampras_0001.jpg,Luke_Ridnour_0001.jpg,0,0.059733,Bridgette_Wilson-Sampras,Luke_Ridnour,random_negative
Juan_Ignacio_Chela_0001.jpg,Nicole_0002.jpg,0,-0.062091,Juan_Ignacio_Chela,Nicole,random_negative
Alastair_Campbell_0003.jpg,Heidi_Klum_0004.jpg,0,0.046514,Alastair_Campbell,Heidi_Klum,random_negative
Valerie_Harper_0001.jpg,Zach_Parise_0001.jpg,0,0.018217,Valerie_Harper,Zach_Parise,random_negative
Jennifer_Tilly_0004.jpg,Julia_Tymoshenko_0001.jpg,0,0.063194,Jennifer_Tilly,Julia_Tymoshenko,random_negative
Bruce_Springsteen_0001.jpg,Fabricio_Oberto_0002.jpg,0,-0.030461,Bruce_Springsteen,Fabricio_Oberto,random_negative
Darrell_Royal_0002.jpg,Peter_Arnett_0001.jpg,0,0.091074,Darrell_Royal,Peter_Arnett,random_negative
Howard_Wilkinson_0002.jpg,Queen_Noor_0004.jpg,0,-0.046073,Howard_Wilkinson,Queen_Noor,random_negative
Arnold_Schwarzenegger_0001.jpg,Holly_Robinson_Peete_0004.jpg,0,-0.007007,Arnold_Schwarzenegger,Holly_Robinson_Peete,random_negative
Rudy_Tomjanovich_0003.jpg,Tom_Craddick_0001.jpg,0,0.064910,Rudy_Tomjanovich,Tom_Craddick,random_negative
Jennifer_Connelly_0003.jpg,Michael_Patrick_King_0004.jpg,0,-0.027108,Jennifer_Connelly,Michael_Patrick_King,random_negative
Odai_Hussein_0002.jpg,Samira_Makhmalbaf_0003.jpg,0,0.072993,Odai_Hussein,Samira_Makhmalbaf,random_negative
Amanda_Beard_0001.jpg,George_Lopez_0004.jpg,0,0.082245,Amanda_Beard,George_Lopez,random_negative
Mickey_Gilley_0003.jpg,Norman_Mailer_0001.jpg,0,-0.021847,Mickey_Gilley,Norman_Mailer,random_negative
Eli_Broad_0001.jpg,Eliane_Karp_0001.jpg,0,0.044368,Eli_Broad,Eliane_Karp,random_negative
Mikhail_Youzhny_0001.jpg,Vin_Diesel_0001.jpg,0,0.096440,Mikhail_Youzhny,Vin_Diesel,random_negative
Donald_Keyser_0002.jpg,Marie-Josee_Croze_0002.jpg,0,-0.084034,Donald_Keyser,Marie-Josee_Croze,random_negative
Emilio_Botin_0001.jpg,Ricardo_Monasterio_0001.jpg,0,-0.032779,Emilio_Botin,Ricardo_Monasterio,random_negative
Madeleine_Albright_0004.jpg,Mike_Brey_0003.jpg,0,0.023332,Madeleine_Albright,Mike_Brey,random_negative
Hal_McCoy_0001.jpg,Phil_Vassar_0002.jpg,0,0.034855,Hal_McCoy,Phil_Vassar,random_negative
Joaquin_Phoenix_0001.jpg,Shi_Guangsheng_0001.jpg,0,0.017132,Joaquin_Phoenix,Shi_Guangsheng,random_negative
Michael_Jackson_0004.jpg,William_Perry_0004.jpg,0,0.006914,Michael_Jackson,William_Perry,random_negative
Joseph_Ralston_0002.jpg,Sylvester_Stallone_0001.jpg,0,-0.085108,Joseph_Ralston,Sylvester_Stallone,random_negative
Raf_Vallone_0004.jpg,Tom_Smothers_0001.jpg,0,-0.002962,Raf_Vallone,Tom_Smothers,random_negative
Anneli_Jaatteenmaki_0001.jpg,Danny_Green_0001.jpg,0,0.081755,Anneli_Jaatteenmaki,Danny_Green,random_negative
Anderson_Varejao_0003.jpg,Martin_Keown_0002.jpg,0,-0.048272,Anderson_Varejao,Martin_Keown,random_negative
Alfredo_Pena_0001.jpg,Tanya_Lindenmuth_0001.jpg,0,-0.104647,Alfredo_Pena,Tanya_Lindenmuth,random_negative
Linda_Lingle_0001.jpg,Roberto_Carlos_0001.jpg,0,-0.104698,Linda_Lingle,Roberto_Carlos,random_negative
Jackie_Sherrill_0001.jpg,Pauley_Perrette_0001.jpg,0,0.108291,Jackie_Sherrill,Pauley_Perrette,random_negative
Kemal_Dervis_0001.jpg,Tom_DeLay_0004.jpg,0,-0.052757,Kemal_Dervis,Tom_DeLay,random_negative
Gina_Lollobrigida_0004.jpg,Ruben_Studdard_0004.jpg,0,-0.009165,Gina_Lollobrigida,Ruben_Studdard,random_negative
Daniel_Patrick_Moynihan_0004.jpg,John_Ferguson_0002.jpg,0,-0.091712,Daniel_Patrick_Moynihan,John_Ferguson,random_negative
Bryan_Adams_0001.jpg,Sean_OKeefe_0001.jpg,0,0.089217,Bryan_Adams,Sean_OKeefe,random_negative
Darren_Clarke_0002.jpg,Johnny_Depp_0004.jpg,0,-0.091636,Darren_Clarke,Johnny_Depp,random_negative
Jackie_Dennis_0001.jpg,Peter_Greenspun_0001.jpg,0,-0.015552,Jackie_Dennis,Peter_Greenspun,random_negative
Nick_Price_0001.jpg,Queen_Elizabeth_II_0001.jpg,0,-0.069594,Nick_Price,Queen_Elizabeth_II,random_negative
Billy_Crawford_0002.jpg,Kurt_Russell_0002.jpg,0,0.018396,Billy_Crawford,Kurt_Russell,random_negative
Lisa_Marie_Presley_0004.jpg,Paula_Zahn_0001.jpg,0,0.097888,Lisa_Marie_Presley,Paula_Zahn,random_negative
Darla_Moore_0001.jpg,Stanley_Ho_0004.jpg,0,-0.026882,Darla_Moore,Stanley_Ho,random_negative
Frank_Abagnale_Jr_0003.jpg,Richard_Chamberlain_0001.jpg,0,0.096689,Frank_Abagnale_Jr,Richard_Chamberlain,random_negative
Gerard_de_Cortanze_0001.jpg,Michael_J_Fox_0004.jpg,0,-0.075328,Gerard_de_Cortanze,Michael_J_Fox,random_negative
Julie_Gerberding_0004.jpg,Junichiro_Koizumi_0003.jpg,0,-0.010493,Julie_Gerberding,Junichiro_Koizumi,random_negative
Quin_Snyder_0001.jpg,Randy_Travis_0004.jpg,0,0.127783,Quin_Snyder,Randy_Travis,random_negative
Leslie_Moonves_0001.jpg,Prince_Edward_0002.jpg,0,0.009108,Leslie_Moonves,Prince_Edward,random_negative
Denzel_Washington_0004.jpg,Holly_Hunter_0002.jpg,0,0.017417,Denzel_Washington,Holly_Hunter,random_negative
Dan_Kellner_0001.jpg,Shannon_OBrien_0002.jpg,0,0.039142,Dan_Kellner,Shannon_OBrien,random_negative
Michael_Moore_0004.jpg,Tippi_Hedren_0003.jpg,0,0.000600,Michael_Moore,Tippi_Hedren,random_negative
James_Murdoch_0001.jpg,Samuel_Waksal_0003.jpg,0,-0.075402,James_Murdoch,Samuel_Waksal,random_negative
Carlos_Moya_0001.jpg,Nona_Gaye_0002.jpg,0,-0.053544,Carlos_Moya,Nona_Gaye,random_negative
Lawrence_MacAulay_0002.jpg,Valentino_Rossi_0003.jpg,0,0.018691,Lawrence_MacAulay,Valentino_Rossi,random_negative
Anthony_Ervin_0004.jpg,Joshua_Gracin_0001.jpg,0,0.117381,Anthony_Ervin,Joshua_Gracin,random_negative
Doug_Collins_0002.jpg,Gro_Harlem_Brundtland_0001.jpg,0,0.060266,Doug_Collins,Gro_Harlem_Brundtland,random_negative
Ally_Sheedy_0001.jpg,Brooke_Gordon_0002.jpg,0,-0.083347,Ally_Sheedy,Brooke_Gordon,random_negative
Kirsten_Dunst_0004.jpg,Roy_Moore_0002.jpg,0,-0.012057,Kirsten_Dunst,Roy_Moore,random_negative
Arianna_Huffington_0004.jpg,Teresa_Heinz_Kerry_0004.jpg,0,-0.037517,Arianna_Huffington,Teresa_Heinz_Kerry,random_negative
Pierre_Boulanger_0004.jpg,Will_Ferrell_0003.jpg,0,-0.050654,Pierre_Boulanger,Will_Ferrell,random_negative
Chris_Rock_0003.jpg,Tippi_Hedren_0001.jpg,0,-0.014466,Chris_Rock,Tippi_Hedren,random_negative
Portia_de_Rossi_0004.jpg,Scott_Wolf_0003.jpg,0,0.108479,Portia_de_Rossi,Scott_Wolf,random_negative
Ben_Cahoon_0002.jpg,Enrique_Oliu_0001.jpg,0,0.075125,Ben_Cahoon,Enrique_Oliu,random_negative
Graciano_Rocchigiani_0004.jpg,Kristin_Davis_0002.jpg,0,-0.029545,Graciano_Rocchigiani,Kristin_Davis,random_negative
Sue_Wicks_0002.jpg,Vladimir_Putin_0001.jpg,0,0.031648,Sue_Wicks,Vladimir_Putin,random_negative
Chok_Tong_Goh_0004.jpg,Mark_Polansky_0001.jpg,0,0.002787,Chok_Tong_Goh,Mark_Polansky,random_negative
Michael_Rolinee_0002.jpg,Mitchell_Swartz_0001.jpg,0,0.011880,Michael_Rolinee,Mitchell_Swartz,random_negative
Gerhard_Schroeder_0002.jpg,Holly_Robinson_Peete_0001.jpg,0,-0.032340,Gerhard_Schroeder,Holly_Robinson_Peete,random_negative
Bernardo_Segura_0002.jpg,Lynne_Thigpen_0004.jpg,0,0.003733,Bernardo_Segura,Lynne_Thigpen,random_negative
Manfred_Stolpe_0004.jpg,OJ_Simpson_0004.jpg,0,-0.036776,Manfred_Stolpe,OJ_Simpson,random_negative
Carol_Burnett_0001.jpg,Lionel_Hampton_0002.jpg,0,-0.049957,Carol_Burnett,Lionel_Hampton,random_negative
Jerry_Hall_0001.jpg,Michael_Rolinee_0001.jpg,0,-0.057117,Jerry_Hall,Michael_Rolinee,random_negative
Elva_Hsiao_0001.jpg,Lucio_Gutierrez_0001.jpg,0,0.066565,Elva_Hsiao,Lucio_Gutierrez,random_negative
Chok_Tong_Goh_0001.jpg,Luiz_Inacio_Lula_da_Silva_0004.jpg,0,-0.118534,Chok_Tong_Goh,Luiz_Inacio_Lula_da_Silva,random_negative
Abdel_Aziz_Al-Hakim_0001.jpg,Barbara_Becker_0002.jpg,0,-0.014447,Abdel_Aziz_Al-Hakim,Barbara_Becker,random_negative
Angela_Merkel_0002.jpg,Frank_Pallone_0001.jpg,0,-0.025606,Angela_Merkel,Frank_Pallone,random_negative
Liu_Ye_0004.jpg,Mike_Bryan_0004.jpg,0,0.027809,Liu_Ye,Mike_Bryan,random_negative
Al_Sharpton_0003.jpg,Liu_Ye_0004.jpg,0,-0.113480,Al_Sharpton,Liu_Ye,random_negative
Brandon_Boyd_0004.jpg,James_Coburn_0004.jpg,0,-0.037173,Brandon_Boyd,James_Coburn,random_negative
Bob_Huggins_0004.jpg,Paul_Reiser_0003.jpg,0,0.086157,Bob_Huggins,Paul_Reiser,random_negative
Krishna_Bhadur_Mahara_0001.jpg,Vecdi_Gonul_0001.jpg,0,-0.150137,Krishna_Bhadur_Mahara,Vecdi_Gonul,random_negative
Dai_Chul_Chyung_0002.jpg,Eddie_Sutton_0004.jpg,0,0.049673,Dai_Chul_Chyung,Eddie_Sutton,random_negative
Erin_Hershey_Presley_0004.jpg,Ted_Washington_0001.jpg,0,0.010076,Erin_Hershey_Presley,Ted_Washington,random_negative
Gary_Marshall_0002.jpg,Rob_Marshall_0003.jpg,0,-0.015890,Gary_Marshall,Rob_Marshall,random_negative
Billy_Andrade_0003.jpg,Rainer_Schuettler_0003.jpg,0,0.075201,Billy_Andrade,Rainer_Schuettler,random_negative
Billy_Boyd_0001.jpg,Roberto_Carlos_0004.jpg,0,0.019413,Billy_Boyd,Roberto_Carlos,random_negative
John_Coomber_0002.jpg,Ron_Gonzales_0001.jpg,0,0.023679,John_Coomber,Ron_Gonzales,random_negative
Bo_Ryan_0003.jpg,David_Dodge_0001.jpg,0,-0.048289,Bo_Ryan,David_Dodge,random_negative
Ilan_Goldfajn_0004.jpg,Jim_Harrick_0002.jpg,0,0.059608,Ilan_Goldfajn,Jim_Harrick,random_negative
Abraham_Foxman_0001.jpg,Norman_Mailer_0004.jpg,0,-0.104283,Abraham_Foxman,Norman_Mailer,random_negative
Eric_Lloyd_0002.jpg,Rubens_Barrichello_0002.jpg,0,-0.013269,Eric_Lloyd,Rubens_Barrichello,random_negative
Daniel_Day-Lewis_0002.jpg,David_Trimble_0004.jpg,0,0.102206,Daniel_Day-Lewis,David_Trimble,random_negative
Coretta_Scott_King_0003.jpg,Nanni_Moretti_0001.jpg,0,0.086443,Coretta_Scott_King,Nanni_Moretti,random_negative
Dario_Franchitti_0004.jpg,Liu_Ye_0001.jpg,0,-0.002804,Dario_Franchitti,Liu_Ye,random_negative
Jessica_Simpson_0001.jpg,MC_Hammer_0004.jpg,0,-0.005538,Jessica_Simpson,MC_Hammer,random_negative
Lela_Rochon_0003.jpg,Shirley_Jones_0004.jpg,0,0.034810,Lela_Rochon,Shirley_Jones,random_negative
Bud_Selig_0001.jpg,Vyacheslav_Fetisov_0002.jpg,0,-0.007342,Bud_Selig,Vyacheslav_Fetisov,random_negative
Stephanie_Zimbalist_0004.jpg,Stephen_Crampton_0002.jpg,0,-0.064018,Stephanie_Zimbalist,Stephen_Crampton,random_negative
Guenter_Verheugen_0001.jpg,Juan_Manuel_Marquez_0001.jpg,0,0.023016,Guenter_Verheugen,Juan_Manuel_Marquez,random_negative
Arminio_Fraga_0004.jpg,Priscilla_Owen_0002.jpg,0,-0.073928,Arminio_Fraga,Priscilla_Owen,random_negative
Aline_Chretien_0001.jpg,Malcolm_Glazer_0002.jpg,0,0.032941,Aline_Chretien,Malcolm_Glazer,random_negative
Gary_Sayler_0002.jpg,George_Robertson_0001.jpg,0,-0.044262,Gary_Sayler,George_Robertson,random_negative
Jonathan_Karsh_0001.jpg,Michael_Caine_0004.jpg,0,0.028800,Jonathan_Karsh,Michael_Caine,random_negative
Bill_McBride_0001.jpg,Steve_Ballmer_0002.jpg,0,0.059121,Bill_McBride,Steve_Ballmer,random_negative
Jules_Asner_0002.jpg,Tom_Coverdale_0003.jpg,0,-0.027281,Jules_Asner,Tom_Coverdale,random_negative
Brendan_Hansen_0004.jpg,Olene_Walker_0001.jpg,0,0.000378,Brendan_Hansen,Olene_Walker,random_negative
Giuseppe_Morchio_0001.jpg,Lance_Armstrong_0001.jpg,0,0.054013,Giuseppe_Morchio,Lance_Armstrong,random_negative
Alex_Penelas_0002.jpg,Jalen_Rose_0002.jpg,0,-0.024021,Alex_Penelas,Jalen_Rose,random_negative
Dominique_de_Villepin_0002.jpg,Hideki_Matsui_0001.jpg,0,-0.079917,Dominique_de_Villepin,Hideki_Matsui,random_negative
Baz_Luhrmann_0002.jpg,John_Wright_0001.jpg,0,0.018225,Baz_Luhrmann,John_Wright,random_negative
Masum_Turker_0001.jpg,Yashwant_Sinha_0002.jpg,0,-0.073102,Masum_Turker,Yashwant_Sinha,random_negative
Ahmet_Necdet_Sezer_0001.jpg,Yasar_Yakis_0001.jpg,0,-0.003566,Ahmet_Necdet_Sezer,Yasar_Yakis,random_negative
Barry_Switzer_0001.jpg,Jose_Mourinho_0004.jpg,0,-0.038588,Barry_Switzer,Jose_Mourinho,random_negative
Aitor_Gonzalez_0002.jpg,Tony_Parker_0001.jpg,0,-0.028639,Aitor_Gonzalez,Tony_Parker,random_negative
Mary_Bono_0001.jpg,Ratna_Sari_Dewi_Sukarno_0001.jpg,0,-0.072816,Mary_Bono,Ratna_Sari_Dewi_Sukarno,random_negative
Yukio_Hatoyama_0001.jpg,Zhang_Yimou_0004.jpg,0,0.022371,Yukio_Hatoyama,Zhang_Yimou,random_negative
Michael_Leavitt_0002.jpg,Tippi_Hedren_0001.jpg,0,-0.038965,Michael_Leavitt,Tippi_Hedren,random_negative
Eli_Broad_0002.jpg,James_Barksdale_0001.jpg,0,-0.054188,Eli_Broad,James_Barksdale,random_negative
Carol_Burnett_0004.jpg,Sue_Wicks_0001.jpg,0,-0.011758,Carol_Burnett,Sue_Wicks,random_negative
Katie_Couric_0001.jpg,Shane_Mosley_0001.jpg,0,0.017003,Katie_Couric,Shane_Mosley,random_negative
Chok_Tong_Goh_0004.jpg,James_Kopp_0004.jpg,0,-0.008681,Chok_Tong_Goh,James_Kopp,random_negative
Chick_Hearn_0001.jpg,William_Jackson_0001.jpg,0,-0.078819,Chick_Hearn,William_Jackson,random_negative
Christina_Aguilera_0004.jpg,Victoria_Beckham_0002.jpg,0,-0.016452,Christina_Aguilera,Victoria_Beckham,random_negative
Filippo_Volandri_0001.jpg,Radovan_Karadzic_0001.jpg,0,0.118397,Filippo_Volandri,Radovan_Karadzic,random_negative
Curtis_Joseph_0004.jpg,Melina_Kanakaredes_0001.jpg,0,-0.003092,Curtis_Joseph,Melina_Kanakaredes,random_negative
Carlos_Ghosn_0002.jpg,Nick_Price_0003.jpg,0,0.073414,Carlos_Ghosn,Nick_Price,random_negative
Ann_Veneman_0001.jpg,Chick_Hearn_0001.jpg,0,0.094398,Ann_Veneman,Chick_Hearn,random_negative
Michael_Capellas_0001.jpg,Peter_Ueberroth_0002.jpg,0,-0.060752,Michael_Capellas,Peter_Ueberroth,random_negative
Carolyn_Dawn_Johnson_0001.jpg,Steve_Valentine_0001.jpg,0,-0.035699,Carolyn_Dawn_Johnson,Steve_Valentine,random_negative
Eddie_Murray_0001.jpg,Kate_Capshaw_0001.jpg,0,-0.054724,Eddie_Murray,Kate_Capshaw,random_negative
Lindsay_Benko_0001.jpg,Ricky_Martin_0004.jpg,0,-0.035992,Lindsay_Benko,Ricky_Martin,random_negative
Goran_Persson_0001.jpg,Rachel_Roy_0001.jpg,0,0.010241,Goran_Persson,Rachel_Roy,random_negative
Baz_Luhrmann_0001.jpg,Luis_Figo_0004.jpg,0,-0.137510,Baz_Luhrmann,Luis_Figo,random_negative
Bill_Parcells_0001.jpg,Jackie_Chan_0001.jpg,0,0.125846,Bill_Parcells,Jackie_Chan,random_negative
Heizo_Takenaka_0001.jpg,Liza_Minnelli_0001.jpg,0,-0.059828,Heizo_Takenaka,Liza_Minnelli,random_negative
Kyoko_Nakayama_0001.jpg,Mark_Redman_0001.jpg,0,-0.073750,Kyoko_Nakayama,Mark_Redman,random_negative
Don_Matthews_0002.jpg,Tiago_Splitter_0003.jpg,0,-0.101858,Don_Matthews,Tiago_Splitter,random_negative
Bill_Nelson_0003.jpg,Raul_Gonzalez_0002.jpg,0,-0.044227,Bill_Nelson,Raul_Gonzalez,random_negative
Irina_Lobacheva_0002.jpg,Sepp_Blatter_0004.jpg,0,-0.021185,Irina_Lobacheva,Sepp_Blatter,random_negative
Carly_Fiorina_0002.jpg,Joaquin_Sanchez_0004.jpg,0,-0.077892,Carly_Fiorina,Joaquin_Sanchez,random_negative
Elizabeth_Taylor_0002.jpg,Marco_Antonio_Barrera_0003.jpg,0,-0.023836,Elizabeth_Taylor,Marco_Antonio_Barrera,random_negative
Colin_Montgomerie_0001.jpg,David_Caruso_0004.jpg,0,0.009540,Colin_Montgomerie,David_Caruso,random_negative
Bill_Lerach_0001.jpg,Paul_Wellstone_0003.jpg,0,0.018957,Bill_Lerach,Paul_Wellstone,random_negative
Scott_OGrady_0004.jpg,Shannon_OBrien_0001.jpg,0,0.026230,Scott_OGrady,Shannon_OBrien,random_negative
Terrell_Suggs_0001.jpg,Trevor_McDonald_0002.jpg,0,-0.063236,Terrell_Suggs,Trevor_McDonald,random_negative
Atal_Bihari_Vajpayee_0001.jpg,Guillermo_Canas_0001.jpg,0,0.000142,Atal_Bihari_Vajpayee,Guillermo_Canas,random_negative
Alexander_Rumyantsev_0001.jpg,Mitch_Kupchak_0001.jpg,0,-0.000349,Alexander_Rumyantsev,Mitch_Kupchak,random_negative
Bill_Lerach_0003.jpg,Yuvraj_Singh_0004.jpg,0,0.013599,Bill_Lerach,Yuvraj_Singh,random_negative
Jan-Michael_Gambill_0001.jpg,Nikki_Cascone_0001.jpg,0,0.088507,Jan-Michael_Gambill,Nikki_Cascone,random_negative
Robbie_Williams_0001.jpg,Sarah_Michelle_Gellar_0004.jpg,0,-0.003659,Robbie_Williams,Sarah_Michelle_Gellar,random_negative
Maria_Simon_0004.jpg,Mark_Richt_0003.jpg,0,-0.018662,Maria_Simon,Mark_Richt,random_negative
Claudia_Schiffer_0001.jpg,Prince_Naruhito_0004.jpg,0,-0.080024,Claudia_Schiffer,Prince_Naruhito,random_negative
Cecilia_Bolocco_0001.jpg,Warren_Buffett_0002.jpg,0,0.018025,Cecilia_Bolocco,Warren_Buffett,random_negative
Alex_Barros_0003.jpg,Martha_Beatriz_Roque_0001.jpg,0,-0.001464,Alex_Barros,Martha_Beatriz_Roque,random_negative
Alessandro_Nesta_0003.jpg,Larry_Coker_0004.jpg,0,0.070544,Alessandro_Nesta,Larry_Coker,random_negative
James_Traficant_0001.jpg,Laura_Bush_0004.jpg,0,0.037626,James_Traficant,Laura_Bush,random_negative
Don_Henley_0001.jpg,Joe_Mantello_0004.jpg,0,0.020760,Don_Henley,Joe_Mantello,random_negative
Benito_Santiago_0004.jpg,Susan_Sarandon_0004.jpg,0,-0.022325,Benito_Santiago,Susan_Sarandon,random_negative
Jonathan_Karsh_0004.jpg,Magdalena_Maleeva_0002.jpg,0,-0.018120,Jonathan_Karsh,Magdalena_Maleeva,random_negative
Alina_Kabaeva_0001.jpg,Steve_Redgrave_0001.jpg,0,0.060807,Alina_Kabaeva,Steve_Redgrave,random_negative
Anne_Heche_0002.jpg,Richard_Hamilton_0004.jpg,0,0.035496,Anne_Heche,Richard_Hamilton,random_negative
Atal_Bihari_Vajpayee_0001.jpg,Hitoshi_Tanaka_0001.jpg,0,0.016153,Atal_Bihari_Vajpayee,Hitoshi_Tanaka,random_negative
Bill_Richardson_0004.jpg,Marc_Bulger_0003.jpg,0,-0.041122,Bill_Richardson,Marc_Bulger,random_negative
Edwin_Edwards_0004.jpg,Sergei_Ivanov_0004.jpg,0,0.020799,Edwin_Edwards,Sergei_Ivanov,random_negative
Helen_Clark_0001.jpg,Sean_Hayes_0002.jpg,0,0.106729,Helen_Clark,Sean_Hayes,random_negative
Max_Mosley_0002.jpg,Natalie_Cole_0001.jpg,0,-0.006286,Max_Mosley,Natalie_Cole,random_negative
David_Kelley_0002.jpg,Kim_Dae-jung_0004.jpg,0,-0.091019,David_Kelley,Kim_Dae-jung,random_negative
John_Scarlett_0002.jpg,Maggie_Smith_0001.jpg,0,0.093310,John_Scarlett,Maggie_Smith,random_negative
Brian_Cowen_0001.jpg,Chris_Cooper_0001.jpg,0,-0.107122,Brian_Cowen,Chris_Cooper,random_negative
Keiko_Sofia_Fujimori_0003.jpg,Mark_Wahlberg_0003.jpg,0,0.105212,Keiko_Sofia_Fujimori,Mark_Wahlberg,random_negative
Bob_Dole_0001.jpg,Robert_Durst_0004.jpg,0,0.095629,Bob_Dole,Robert_Durst,random_negative
Guangdong_Ou_Guangyuan_0002.jpg,Toni_Jennings_0001.jpg,0,0.066469,Guangdong_Ou_Guangyuan,Toni_Jennings,random_negative
Robert_Stack_0001.jpg,Shinzo_Abe_0001.jpg,0,-0.003847,Robert_Stack,Shinzo_Abe,random_negative
Gabrielle_Rose_0001.jpg,Juan_Carlos_Ferrero_0004.jpg,0,-0.069614,Gabrielle_Rose,Juan_Carlos_Ferrero,random_negative
Ashton_Kutcher_0004.jpg,Peter_OToole_0001.jpg,0,-0.129465,Ashton_Kutcher,Peter_OToole,random_negative
Dianne_Feinstein_0002.jpg,Lydia_Shum_0001.jpg,0,-0.001914,Dianne_Feinstein,Lydia_Shum,random_negative
Jim_Fassel_0001.jpg,Sue_Wicks_0002.jpg,0,-0.005255,Jim_Fassel,Sue_Wicks,random_negative
Otto_Reich_0003.jpg,Scott_Yates_0002.jpg,0,-0.048872,Otto_Reich,Scott_Yates,random_negative
Ahmet_Necdet_Sezer_0002.jpg,Jacky_Cheung_0002.jpg,0,0.000953,Ahmet_Necdet_Sezer,Jacky_Cheung,random_negative
Anneli_Jaatteenmaki_0002.jpg,Jennifer_Connelly_0002.jpg,0,-0.112207,Anneli_Jaatteenmaki,Jennifer_Connelly,random_negative
Janet_Napolitano_0001.jpg,Jean-Pierre_Raffarin_0001.jpg,0,-0.065781,Janet_Napolitano,Jean-Pierre_Raffarin,random_negative
Andrei_Konchalovsky_0003.jpg,Jeane_Kirkpatrick_0002.jpg,0,-0.005033,Andrei_Konchalovsky,Jeane_Kirkpatrick,random_negative
Ian_Thorpe_0001.jpg,Peter_Hillary_0004.jpg,0,0.019371,Ian_Thorpe,Peter_Hillary,random_negative
Bono_0003.jpg,Vitali_Klitschko_0001.jpg,0,-0.021484,Bono,Vitali_Klitschko,random_negative
Anna_Nicole_Smith_0004.jpg,Richard_Haass_0003.jpg,0,0.021981,Anna_Nicole_Smith,Richard_Haass,random_negative
Fred_Durst_0002.jpg,Jeffrey_Jones_0001.jpg,0,0.019276,Fred_Durst,Jeffrey_Jones,random_negative
Jimmy_Gobble_0001.jpg,Rudolph_Giuliani_0004.jpg,0,0.000971,Jimmy_Gobble,Rudolph_Giuliani,random_negative
Anne_McLellan_0002.jpg,Ben_Chandler_0001.jpg,0,0.078683,Anne_McLellan,Ben_Chandler,random_negative
Nathalie_Baye_0001.jpg,Paula_Radcliffe_0003.jpg,0,-0.092667,Nathalie_Baye,Paula_Radcliffe,random_negative
James_Cunningham_0002.jpg,Sheldon_Silver_0002.jpg,0,0.020876,James_Cunningham,Sheldon_Silver,random_negative
David_Beckham_0003.jpg,Jacques_Chirac_0002.jpg,0,0.037874,David_Beckham,Jacques_Chirac,random_negative
Catherine_Bell_0001.jpg,Jake_Plummer_0001.jpg,0,0.052459,Catherine_Bell,Jake_Plummer,random_negative
Ben_Broussard_0002.jpg,Catriona_Le_May_Doan_0001.jpg,0,-0.024775,Ben_Broussard,Catriona_Le_May_Doan,random_negative
Wesley_Clark_0001.jpg,Yu_Shyi-kun_0003.jpg,0,0.012882,Wesley_Clark,Yu_Shyi-kun,random_negative
Goran_Persson_0004.jpg,Kathleen_Kennedy_Townsend_0001.jpg,0,0.032316,Goran_Persson,Kathleen_Kennedy_Townsend,random_negative
Juan_Antonio_Samaranch_0004.jpg,Kevin_Costner_0003.jpg,0,-0.099961,Juan_Antonio_Samaranch,Kevin_Costner,random_negative
Sheila_Taormina_0003.jpg,Trent_Lott_0004.jpg,0,-0.037907,Sheila_Taormina,Trent_Lott,random_negative
Calvin_Harrison_0001.jpg,Peter_Care_0002.jpg,0,0.098914,Calvin_Harrison,Peter_Care,random_negative
Amanda_Marsh_0002.jpg,Shirley_Jones_0004.jpg,0,-0.034215,Amanda_Marsh,Shirley_Jones,random_negative
Catherine_Donkers_0003.jpg,Toni_Jennings_0002.jpg,0,-0.003422,Catherine_Donkers,Toni_Jennings,random_negative
Judy_Genshaft_0002.jpg,Junichiro_Koizumi_0003.jpg,0,0.071299,Judy_Genshaft,Junichiro_Koizumi,random_negative
Max_Baucus_0004.jpg,Peter_Ueberroth_0004.jpg,0,0.068355,Max_Baucus,Peter_Ueberroth,random_negative
Augusto_Roa_Bastos_0001.jpg,Tora_Takagi_0001.jpg,0,0.022234,Augusto_Roa_Bastos,Tora_Takagi,random_negative
Donald_Keck_0002.jpg,Evan_Rachel_Wood_0004.jpg,0,-0.049632,Donald_Keck,Evan_Rachel_Wood,random_negative
Prince_Edward_0002.jpg,Sean_Hayes_0004.jpg,0,0.028785,Prince_Edward,Sean_Hayes,random_negative
Milton_Wynants_0001.jpg,Oscar_DLeon_0001.jpg,0,0.005903,Milton_Wynants,Oscar_DLeon,random_negative
Daniel_Osorno_0002.jpg,Jo_Dee_Messina_0004.jpg,0,0.027919,Daniel_Osorno,Jo_Dee_Messina,random_negative
Michael_Jackson_0004.jpg,Steve_McManaman_0002.jpg,0,-0.001453,Michael_Jackson,Steve_McManaman,random_negative
Kurt_Busch_0003.jpg,Peter_Greenaway_0003.jpg,0,-0.019228,Kurt_Busch,Peter_Greenaway,random_negative
Bobby_Jackson_0002.jpg,Elena_Dementieva_0001.jpg,0,-0.063521,Bobby_Jackson,Elena_Dementieva,random_negative
Hamad_Bin_Isa_al-Khalifa_0001.jpg,Marty_Mornhinweg_0002.jpg,0,-0.062984,Hamad_Bin_Isa_al-Khalifa,Marty_Mornhinweg,random_negative
Adam_Kennedy_0002.jpg,Bernard_Law_0002.jpg,0,0.088657,Adam_Kennedy,Bernard_Law,random_negative
Ben_Broussard_0001.jpg,Edith_Masai_0001.jpg,0,-0.003995,Ben_Broussard,Edith_Masai,random_negative
Serge_Klarsfeld_0004.jpg,Zydrunas_Ilgauskas_0004.jpg,0,0.025530,Serge_Klarsfeld,Zydrunas_Ilgauskas,random_negative
Jerry_Lewis_0004.jpg,Sheila_Fraser_0001.jpg,0,-0.064791,Jerry_Lewis,Sheila_Fraser,random_negative
Alejandro_Toledo_0002.jpg,Colin_Powell_0001.jpg,0,0.012521,Alejandro_Toledo,Colin_Powell,random_negative
Bijan_Darvish_0001.jpg,Terry_Hoeppner_0001.jpg,0,-0.044178,Bijan_Darvish,Terry_Hoeppner,random_negative
Hideki_Sato_0001.jpg,Keanu_Reeves_0003.jpg,0,0.087389,Hideki_Sato,Keanu_Reeves,random_negative
Fernando_Hierro_0003.jpg,Robin_Cook_0001.jpg,0,0.058257,Fernando_Hierro,Robin_Cook,random_negative
Jack_Straw_0001.jpg,Joanna_Poitier_0004.jpg,0,-0.009991,Jack_Straw,Joanna_Poitier,random_negative
Cristian_Barros_0003.jpg,Wang_Yi_0001.jpg,0,-0.135951,Cristian_Barros,Wang_Yi,random_negative
Cindy_Margolis_0004.jpg,William_Macy_0003.jpg,0,-0.050824,Cindy_Margolis,William_Macy,random_negative
Branko_Crvenkovski_0004.jpg,Jerry_Sloan_0001.jpg,0,-0.094481,Branko_Crvenkovski,Jerry_Sloan,random_negative
Dinah_Turner_0001.jpg,William_Webster_0001.jpg,0,0.045598,Dinah_Turner,William_Webster,random_negative
Elisha_Cuthbert_0004.jpg,Linda_Mason_0001.jpg,0,0.116550,Elisha_Cuthbert,Linda_Mason,random_negative
Joschka_Fischer_0002.jpg,Zico_0001.jpg,0,-0.000609,Joschka_Fischer,Zico,random_negative
Mack_Brown_0001.jpg,Nick_Markakis_0003.jpg,0,0.018780,Mack_Brown,Nick_Markakis,random_negative
Bob_Melvin_0002.jpg,Debra_Messing_0001.jpg,0,-0.001671,Bob_Melvin,Debra_Messing,random_negative
Ilan_Goldfajn_0004.jpg,Todd_MacCulloch_0001.jpg,0,-0.085000,Ilan_Goldfajn,Todd_MacCulloch,random_negative
Fidel_Castro_0001.jpg,Rani_Mukherjee_0004.jpg,0,0.021878,Fidel_Castro,Rani_Mukherjee,random_negative
Jean-Claude_Trichet_0004.jpg,Matt_Damon_0003.jpg,0,0.056529,Jean-Claude_Trichet,Matt_Damon,random_negative
Evelyn_Lauder_0004.jpg,Monte_Kiffin_0001.jpg,0,0.119381,Evelyn_Lauder,Monte_Kiffin,random_negative
Hanan_Ashrawi_0003.jpg,Roh_Moo-hyun_0002.jpg,0,0.060779,Hanan_Ashrawi,Roh_Moo-hyun,random_negative
Beatrice_Dalle_0003.jpg,Jimmy_Carter_0001.jpg,0,-0.003146,Beatrice_Dalle,Jimmy_Carter,random_negative
Carlos_Salinas_0002.jpg,Kenny_Brack_0002.jpg,0,0.020932,Carlos_Salinas,Kenny_Brack,random_negative
Alicia_Silverstone_0001.jpg,Grant_Hackett_0003.jpg,0,0.033207,Alicia_Silverstone,Grant_Hackett,random_negative
Jeannette_Biedermann_0001.jpg,William_Delahunt_0001.jpg,0,-0.022306,Jeannette_Biedermann,William_Delahunt,random_negative
Toni_Jennings_0001.jpg,Xavier_Malisse_0004.jpg,0,0.031397,Toni_Jennings,Xavier_Malisse,random_negative
Felipe_De_Borbon_0002.jpg,Jean-Sebastien_Giguere_0003.jpg,0,0.003909,Felipe_De_Borbon,Jean-Sebastien_Giguere,random_negative
Julio_Iglesias_Jr_0004.jpg,Rick_Wagoner_0001.jpg,0,0.033018,Julio_Iglesias_Jr,Rick_Wagoner,random_negative
Buddy_Ryan_0002.jpg,Corinne_Coman_0001.jpg,0,0.032753,Buddy_Ryan,Corinne_Coman,random_negative
Curtis_Joseph_0001.jpg,Queen_Rania_0004.jpg,0,-0.010923,Curtis_Joseph,Queen_Rania,random_negative
Andrew_Cuomo_0001.jpg,Cecilia_Bolocco_0004.jpg,0,0.046099,Andrew_Cuomo,Cecilia_Bolocco,random_negative
Brian_Lara_0004.jpg,Gao_Qiang_0001.jpg,0,0.009110,Brian_Lara,Gao_Qiang,random_negative
Larry_Bowa_0002.jpg,Ray_Nagin_0001.jpg,0,-0.015999,Larry_Bowa,Ray_Nagin,random_negative
Elton_John_0002.jpg,Rainer_Schuettler_0003.jpg,0,0.012643,Elton_John,Rainer_Schuettler,random_negative
Marion_Barry_0002.jpg,Rafael_Vinoly_0002.jpg,0,0.003524,Marion_Barry,Rafael_Vinoly,random_negative
Bryan_Murray_0001.jpg,Ethan_Hawke_0004.jpg,0,-0.008252,Bryan_Murray,Ethan_Hawke,random_negative
Hamid_Karzai_0002.jpg,Peter_Ueberroth_0003.jpg,0,-0.062482,Hamid_Karzai,Peter_Ueberroth,random_negative
Kim_Dae-jung_0004.jpg,Larry_Hagman_0001.jpg,0,0.059438,Kim_Dae-jung,Larry_Hagman,random_negative
Dino_de_Laurentis_0001.jpg,Roy_Rogers_0004.jpg,0,-0.001447,Dino_de_Laurentis,Roy_Rogers,random_negative
John_Wayne_0004.jpg,Markus_Naslund_0004.jpg,0,-0.008211,John_Wayne,Markus_Naslund,random_negative
Matt_Anderson_0001.jpg,Zurab_Tsereteli_0004.jpg,0,0.030517,Matt_Anderson,Zurab_Tsereteli,random_negative
Herb_Sendek_0001.jpg,Momir_Nikolic_0002.jpg,0,0.004407,Herb_Sendek,Momir_Nikolic,random_negative
Kevin_Borseth_0001.jpg,Terri_Clark_0001.jpg,0,-0.022086,Kevin_Borseth,Terri_Clark,random_negative
Azmi_Bishara_0001.jpg,Carla_Del_Ponte_0001.jpg,0,-0.031662,Azmi_Bishara,Carla_Del_Ponte,random_negative
Andy_North_0001.jpg,James_Brown_0001.jpg,0,0.054292,Andy_North,James_Brown,random_negative
Jim_Thome_0001.jpg,Margaret_Thatcher_0004.jpg,0,0.026880,Jim_Thome,Margaret_Thatcher,random_negative
Howard_Schultz_0003.jpg,Rob_Schneider_0001.jpg,0,0.127861,Howard_Schultz,Rob_Schneider,random_negative
Eddie_Murray_0001.jpg,Jules_Asner_0001.jpg,0,-0.025889,Eddie_Murray,Jules_Asner,random_negative
Pat_Summitt_0002.jpg,Phillipe_Comtois_0002.jpg,0,-0.041523,Pat_Summitt,Phillipe_Comtois,random_negative
Ron_Kirk_0004.jpg,Thomas_Rupprath_0002.jpg,0,-0.090421,Ron_Kirk,Thomas_Rupprath,random_negative
Andrew_Cuomo_0003.jpg,Brian_Olson_0001.jpg,0,0.071010,Andrew_Cuomo,Brian_Olson,random_negative
David_Stern_0001.jpg,Jose_Carlo_Fernandez_0001.jpg,0,-0.029490,David_Stern,Jose_Carlo_Fernandez,random_negative
Claudio_Lopez_0002.jpg,Kevin_Costner_0001.jpg,0,0.019119,Claudio_Lopez,Kevin_Costner,random_negative
Elena_Likhovtseva_0003.jpg,Holly_Hunter_0003.jpg,0,0.004560,Elena_Likhovtseva,Holly_Hunter,random_negative
Joanna_Poitier_0001.jpg,Lisa_Murkowski_0001.jpg,0,0.048214,Joanna_Poitier,Lisa_Murkowski,random_negative
Abraham_Foxman_0001.jpg,Charlene_Barshefsky_0003.jpg,0,-0.024476,Abraham_Foxman,Charlene_Barshefsky,random_negative
Rachel_Hunter_0003.jpg,Richard_Virenque_0002.jpg,0,-0.080905,Rachel_Hunter,Richard_Virenque,random_negative
Joe_DeLamielleure_0002.jpg,Padraig_Harrington_0001.jpg,0,0.124260,Joe_DeLamielleure,Padraig_Harrington,random_negative
Scott_Peterson_0002.jpg,Vaclav_Havel_0003.jpg,0,0.043289,Scott_Peterson,Vaclav_Havel,random_negative
Edward_James_Olmos_0002.jpg,Nathalie_Baye_0001.jpg,0,-0.008186,Edward_James_Olmos,Nathalie_Baye,random_negative
Jim_Flaherty_0004.jpg,Joseph_Kabila_0001.jpg,0,-0.052534,Jim_Flaherty,Joseph_Kabila,random_negative
Kathleen_Kennedy_Townsend_0004.jpg,Queen_Rania_0001.jpg,0,-0.000355,Kathleen_Kennedy_Townsend,Queen_Rania,random_negative
Edward_Seaga_0001.jpg,Patricia_Hearst_0001.jpg,0,-0.011617,Edward_Seaga,Patricia_Hearst,random_negative
Adam_Mair_0002.jpg,Augusto_Roa_Bastos_0002.jpg,0,0.013764,Adam_Mair,Augusto_Roa_Bastos,random_negative
Catherine_Donkers_0003.jpg,Franco_Frattini_0001.jpg,0,0.076791,Catherine_Donkers,Franco_Frattini,random_negative
Kenneth_Bowersox_0002.jpg,Suzanne_Somers_0004.jpg,0,-0.025118,Kenneth_Bowersox,Suzanne_Somers,random_negative
Augustin_Calleri_0004.jpg,Javier_Weber_0001.jpg,0,-0.078354,Augustin_Calleri,Javier_Weber,random_negative
David_Nalbandian_0001.jpg,Lucio_Angulo_0001.jpg,0,0.127850,David_Nalbandian,Lucio_Angulo,random_negative
Mark_Wahlberg_0001.jpg,Razali_Ismail_0001.jpg,0,0.007969,Mark_Wahlberg,Razali_Ismail,random_negative
Frank_Murkowski_0004.jpg,Tim_Henman_0004.jpg,0,0.051025,Frank_Murkowski,Tim_Henman,random_negative
Manfred_Stolpe_0002.jpg,Nick_Markakis_0001.jpg,0,-0.029609,Manfred_Stolpe,Nick_Markakis,random_negative
Giulio_Andreotti_0003.jpg,Lars_Von_Trier_0004.jpg,0,0.045568,Giulio_Andreotti,Lars_Von_Trier,random_negative
Jean-Claude_Van_Damme_0001.jpg,Patsy_Kensit_0002.jpg,0,0.028039,Jean-Claude_Van_Damme,Patsy_Kensit,random_negative
Deniz_Baykal_0004.jpg,Ricky_Ponting_0002.jpg,0,0.026214,Deniz_Baykal,Ricky_Ponting,random_negative
Alexander_Losyukov_0001.jpg,Paula_Radcliffe_0004.jpg,0,0.005552,Alexander_Losyukov,Paula_Radcliffe,random_negative
Claudia_Pechstein_0004.jpg,Cristina_Kirchner_0001.jpg,0,0.046653,Claudia_Pechstein,Cristina_Kirchner,random_negative
Oleg_Romantsev_0004.jpg,Troy_Garity_0002.jpg,0,-0.037502,Oleg_Romantsev,Troy_Garity,random_negative
Angela_Alvarado_Rosa_0003.jpg,Stephen_Friedman_0001.jpg,0,0.062394,Angela_Alvarado_Rosa,Stephen_Friedman,random_negative
Dick_Posthumus_0001.jpg,Eli_Broad_0002.jpg,0,0.081534,Dick_Posthumus,Eli_Broad,random_negative
Edward_Albee_0002.jpg,Gary_Sinise_0001.jpg,0,0.093066,Edward_Albee,Gary_Sinise,random_negative
Ellen_Engleman_0001.jpg,Glafcos_Clerides_0004.jpg,0,-0.021244,Ellen_Engleman,Glafcos_Clerides,random_negative
Nicole_0002.jpg,Oscar_De_La_Hoya_0004.jpg,0,-0.132916,Nicole,Oscar_De_La_Hoya,random_negative
Alexander_Downer_0003.jpg,Jose_Maria_Aznar_0001.jpg,0,-0.019946,Alexander_Downer,Jose_Maria_Aznar,random_negative
Gracia_Burnham_0001.jpg,Guillermo_Coria_0001.jpg,0,-0.085406,Gracia_Burnham,Guillermo_Coria,random_negative
Carolyn_Dawn_Johnson_0001.jpg,Hal_Sutton_0001.jpg,0,-0.057469,Carolyn_Dawn_Johnson,Hal_Sutton,random_negative
Buddy_Ryan_0001.jpg,Valdas_Adamkus_0001.jpg,0,-0.059637,Buddy_Ryan,Valdas_Adamkus,random_negative
Gloria_Macapagal_Arroyo_0003.jpg,Hasan_Wirayuda_0004.jpg,0,-0.041056,Gloria_Macapagal_Arroyo,Hasan_Wirayuda,random_negative
Heidi_Klum_0004.jpg,Steve_Valentine_0002.jpg,0,0.011431,Heidi_Klum,Steve_Valentine,random_negative
Enrik_Vendt_0004.jpg,Hugo_Conte_0002.jpg,0,-0.056147,Enrik_Vendt,Hugo_Conte,random_negative
Ana_Guevara_0002.jpg,Terri_Clark_0004.jpg,0,0.134777,Ana_Guevara,Terri_Clark,random_negative
Kate_Burton_0001.jpg,Lauren_Killian_0002.jpg,0,0.094779,Kate_Burton,Lauren_Killian,random_negative
Ernie_Els_0004.jpg,Michael_Phelps_0002.jpg,0,-0.094676,Ernie_Els,Michael_Phelps,random_negative
Mariano_Zabaleta_0002.jpg,Tom_McClintock_0001.jpg,0,-0.028585,Mariano_Zabaleta,Tom_McClintock,random_negative
Johnny_Tapia_0002.jpg,Kathleen_Kennedy_Townsend_0004.jpg,0,-0.049361,Johnny_Tapia,Kathleen_Kennedy_Townsend,random_negative
Arye_Mekel_0002.jpg,Tom_Vilsack_0003.jpg,0,-0.055994,Arye_Mekel,Tom_Vilsack,random_negative
Bob_Holden_0004.jpg,Don_Henley_0003.jpg,0,-0.021336,Bob_Holden,Don_Henley,random_negative
Jackie_Chan_0004.jpg,Jeane_Kirkpatrick_0002.jpg,0,0.035924,Jackie_Chan,Jeane_Kirkpatrick,random_negative
Astrid_Betancourt_0001.jpg,Bob_Hayes_0001.jpg,0,-0.089602,Astrid_Betancourt,Bob_Hayes,random_negative
Holly_Hunter_0002.jpg,Stockard_Channing_0002.jpg,0,0.135504,Holly_Hunter,Stockard_Channing,random_negative
Gloria_Trevi_0001.jpg,Hamid_Karzai_0001.jpg,0,0.085546,Gloria_Trevi,Hamid_Karzai,random_negative
Catherine_Deneuve_0004.jpg,Larry_Lucchino_0001.jpg,0,0.090777,Catherine_Deneuve,Larry_Lucchino,random_negative
Padraig_Harrington_0004.jpg,Richard_Gephardt_0001.jpg,0,-0.000376,Padraig_Harrington,Richard_Gephardt,random_negative
Martina_McBride_0001.jpg,Nino_DAngelo_0001.jpg,0,0.038392,Martina_McBride,Nino_DAngelo,random_negative
Condoleezza_Rice_0001.jpg,Shane_Mosley_0001.jpg,0,-0.050270,Condoleezza_Rice,Shane_Mosley,random_negative
Carolina_Barco_0003.jpg,Jamling_Norgay_0001.jpg,0,-0.007431,Carolina_Barco,Jamling_Norgay,random_negative
Goldie_Hawn_0003.jpg,Shigeru_Ishiba_0002.jpg,0,0.035175,Goldie_Hawn,Shigeru_Ishiba,random_negative
Kyoko_Nakayama_0001.jpg,Nabil_Shaath_0002.jpg,0,-0.041538,Kyoko_Nakayama,Nabil_Shaath,random_negative
Columba_Bush_0001.jpg,Jodie_Foster_0001.jpg,0,-0.039440,Columba_Bush,Jodie_Foster,random_negative
David_Zeplowitz_0001.jpg,Geoff_Hoon_0002.jpg,0,0.053416,David_Zeplowitz,Geoff_Hoon,random_negative
Humberto_Coelho_0001.jpg,Kara_Lynn_Joyce_0002.jpg,0,-0.042535,Humberto_Coelho,Kara_Lynn_Joyce,random_negative
Oliver_Neuville_0001.jpg,Queen_Beatrix_0002.jpg,0,0.005202,Oliver_Neuville,Queen_Beatrix,random_negative
Alanna_Ubach_0001.jpg,Boris_Yeltsin_0003.jpg,0,0.017801,Alanna_Ubach,Boris_Yeltsin,random_negative
Alan_Ball_0003.jpg,Jonathan_Karsh_0004.jpg,0,0.029655,Alan_Ball,Jonathan_Karsh,random_negative
Edward_Lu_0002.jpg,Tommy_Haas_0002.jpg,0,-0.057220,Edward_Lu,Tommy_Haas,random_negative
Angie_Martinez_0004.jpg,Brent_Coles_0002.jpg,0,-0.052007,Angie_Martinez,Brent_Coles,random_negative
Cliff_Ellis_0002.jpg,Manuel_Llorente_0004.jpg,0,0.044019,Cliff_Ellis,Manuel_Llorente,random_negative
Lisa_Ling_0001.jpg,Oscar_De_La_Hoya_0003.jpg,0,-0.022486,Lisa_Ling,Oscar_De_La_Hoya,random_negative
Damon_van_Dam_0002.jpg,Mona_Rishmawi_0002.jpg,0,0.049923,Damon_van_Dam,Mona_Rishmawi,random_negative
Hannah_Stockbauer_0002.jpg,Wanda_de_la_Jesus_0002.jpg,0,0.130501,Hannah_Stockbauer,Wanda_de_la_Jesus,random_negative
Lionel_Richie_0001.jpg,Paula_Zahn_0001.jpg,0,0.073631,Lionel_Richie,Paula_Zahn,random_negative
Margaret_Thatcher_0004.jpg,Shirley_Jones_0004.jpg,0,0.041885,Margaret_Thatcher,Shirley_Jones,random_negative
Edward_Egan_0003.jpg,Michael_Jackson_0001.jpg,0,-0.001577,Edward_Egan,Michael_Jackson,random_negative
Christopher_Patten_0001.jpg,Sanjay_Gupta_0004.jpg,0,-0.006870,Christopher_Patten,Sanjay_Gupta,random_negative
Leslie_Moonves_0002.jpg,Werner_Schlager_0001.jpg,0,-0.055719,Leslie_Moonves,Werner_Schlager,random_negative
Lene_Espersen_0001.jpg,Martin_McGuinness_0004.jpg,0,-0.070550,Lene_Espersen,Martin_McGuinness,random_negative
David_Scott_Morris_0002.jpg,Raoul_Ruiz_0001.jpg,0,0.044680,David_Scott_Morris,Raoul_Ruiz,random_negative
Jose_Dirceu_0001.jpg,Wanda_de_la_Jesus_0001.jpg,0,0.115603,Jose_Dirceu,Wanda_de_la_Jesus,random_negative
Edward_Flynn_0003.jpg,Inocencio_Arias_0001.jpg,0,-0.048345,Edward_Flynn,Inocencio_Arias,random_negative
Bode_Miller_0003.jpg,Robert_Redford_0003.jpg,0,0.059330,Bode_Miller,Robert_Redford,random_negative
Andy_Benes_0001.jpg,Jessica_Simpson_0004.jpg,0,-0.014401,Andy_Benes,Jessica_Simpson,random_negative
Robinson_Stevenin_0003.jpg,Vaclav_Havel_0004.jpg,0,-0.036052,Robinson_Stevenin,Vaclav_Havel,random_negative
Andrew_Jarecki_0001.jpg,Severino_Antinori_0001.jpg,0,0.044415,Andrew_Jarecki,Severino_Antinori,random_negative
Charlotte_Church_0002.jpg,Magui_Serna_0001.jpg,0,0.053843,Charlotte_Church,Magui_Serna,random_negative
Aaron_Tippin_0002.jpg,Liu_Mingkang_0001.jpg,0,-0.142125,Aaron_Tippin,Liu_Mingkang,random_negative
Evan_Rachel_Wood_0002.jpg,Jalen_Rose_0004.jpg,0,0.042115,Evan_Rachel_Wood,Jalen_Rose,random_negative
Chen_Shui-bian_0002.jpg,Jewel_Howard-Taylor_0004.jpg,0,-0.063629,Chen_Shui-bian,Jewel_Howard-Taylor,random_negative
Bill_Simon_0002.jpg,Michael_Phelps_0003.jpg,0,0.089360,Bill_Simon,Michael_Phelps,random_negative
Kalpana_Chawla_0001.jpg,Walter_Mondale_0001.jpg,0,-0.066369,Kalpana_Chawla,Walter_Mondale,random_negative
Silvan_Shalom_0002.jpg,Stefan_Holm_0001.jpg,0,-0.133081,Silvan_Shalom,Stefan_Holm,random_negative
Makiko_Tanaka_0001.jpg,Thaksin_Shinawatra_0002.jpg,0,-0.024041,Makiko_Tanaka,Thaksin_Shinawatra,random_negative
Jose_Manuel_Durao_Barroso_0002.jpg,Luciano_Pavarotti_0001.jpg,0,-0.066552,Jose_Manuel_Durao_Barroso,Luciano_Pavarotti,random_negative
Lisa_Murkowski_0004.jpg,Rob_Niedermayer_0001.jpg,0,0.008344,Lisa_Murkowski,Rob_Niedermayer,random_negative
Larry_Thompson_0001.jpg,Ray_Allen_0002.jpg,0,0.023021,Larry_Thompson,Ray_Allen,random_negative
Angelina_Jolie_0001.jpg,Teri_Garr_0003.jpg,0,0.042146,Angelina_Jolie,Teri_Garr,random_negative
Amanda_Beard_0002.jpg,Humberto_Coelho_0004.jpg,0,-0.091715,Amanda_Beard,Humberto_Coelho,random_negative
Eric_Fehr_0003.jpg,James_Franco_0004.jpg,0,-0.006101,Eric_Fehr,James_Franco,random_negative
Jonathan_Byrd_0001.jpg,Petro_Symonenko_0001.jpg,0,-0.035926,Jonathan_Byrd,Petro_Symonenko,random_negative
Kate_Lee_0001.jpg,Mike_Samp_0001.jpg,0,0.062138,Kate_Lee,Mike_Samp,random_negative
James_Brosnahan_0001.jpg,Jim_Hendry_0002.jpg,0,0.089159,James_Brosnahan,Jim_Hendry,random_negative
Martina_McBride_0001.jpg,Tony_Blair_0003.jpg,0,0.078777,Martina_McBride,Tony_Blair,random_negative
Baz_Luhrmann_0002.jpg,Sam_Torrance_0001.jpg,0,0.002673,Baz_Luhrmann,Sam_Torrance,random_negative
Edward_Seaga_0003.jpg,Paula_Prentiss_0002.jpg,0,-0.050074,Edward_Seaga,Paula_Prentiss,random_negative
Felix_Trinidad_0004.jpg,Joe_Lieberman_0001.jpg,0,-0.132404,Felix_Trinidad,Joe_Lieberman,random_negative
Demetrius_Ferraciu_0001.jpg,Yu_Shyi-kun_0003.jpg,0,0.040876,Demetrius_Ferraciu,Yu_Shyi-kun,random_negative
Jean_Charest_0001.jpg,Randy_Jackson_0001.jpg,0,-0.071486,Jean_Charest,Randy_Jackson,random_negative
Leander_Paes_0004.jpg,Mae_Jemison_0003.jpg,0,0.054611,Leander_Paes,Mae_Jemison,random_negative
Alvaro_Silva_Calderon_0001.jpg,Jeff_Bridges_0002.jpg,0,-0.024509,Alvaro_Silva_Calderon,Jeff_Bridges,random_negative
Janet_Chandler_0001.jpg,Tom_Craddick_0001.jpg,0,0.032473,Janet_Chandler,Tom_Craddick,random_negative
Charla_Moye_0001.jpg,Taufik_Hidayat_0002.jpg,0,-0.003234,Charla_Moye,Taufik_Hidayat,random_negative
Rick_Caruso_0001.jpg,Terry_Stotts_0003.jpg,0,0.087099,Rick_Caruso,Terry_Stotts,random_negative
Bob_Geldof_0001.jpg,Nikki_Cascone_0001.jpg,0,0.050262,Bob_Geldof,Nikki_Cascone,random_negative
Guy_Ritchie_0001.jpg,John_Wright_0002.jpg,0,0.043024,Guy_Ritchie,John_Wright,random_negative
Jack_Valenti_0002.jpg,Stacy_Dragila_0004.jpg,0,0.018205,Jack_Valenti,Stacy_Dragila,random_negative
Grant_Rossenmeyer_0001.jpg,Jean-Claude_Van_Damme_0001.jpg,0,-0.026116,Grant_Rossenmeyer,Jean-Claude_Van_Damme,random_negative
Brian_Heidik_0004.jpg,Sergio_Vieira_De_Mello_0004.jpg,0,-0.034768,Brian_Heidik,Sergio_Vieira_De_Mello,random_negative
John_Negroponte_0001.jpg,Kate_Lee_0002.jpg,0,-0.052355,John_Negroponte,Kate_Lee,random_negative
George_Allen_0002.jpg,Loretta_Lynn_Harper_0002.jpg,0,-0.117839,George_Allen,Loretta_Lynn_Harper,random_negative
Jerry_Jones_0002.jpg,Mario_Lemieux_0002.jpg,0,0.022580,Jerry_Jones,Mario_Lemieux,random_negative
Enrica_Fico_0001.jpg,Jim_Edmonds_0003.jpg,0,-0.011025,Enrica_Fico,Jim_Edmonds,random_negative
Eddie_Sutton_0003.jpg,Hong_Myung_0004.jpg,0,0.132485,Eddie_Sutton,Hong_Myung,random_negative
MC_Hammer_0001.jpg,Mel_Brooks_0004.jpg,0,-0.061514,MC_Hammer,Mel_Brooks,random_negative
Gloria_Macapagal_Arroyo_0002.jpg,Laura_Bush_0004.jpg,0,0.013926,Gloria_Macapagal_Arroyo,Laura_Bush,random_negative
Donald_Carty_0002.jpg,Tommy_Haas_0002.jpg,0,-0.064565,Donald_Carty,Tommy_Haas,random_negative
Sheila_Taormina_0001.jpg,Sophia_Loren_0001.jpg,0,-0.066956,Sheila_Taormina,Sophia_Loren,random_negative
Donald_Keyser_0002.jpg,Pierre_Van_Hooijdonk_0001.jpg,0,-0.016733,Donald_Keyser,Pierre_Van_Hooijdonk,random_negative
Albert_Costa_0002.jpg,Andy_Rooney_0001.jpg,0,0.079271,Albert_Costa,Andy_Rooney,random_negative
Hanan_Ashrawi_0002.jpg,Michelle_Branch_0001.jpg,0,0.068841,Hanan_Ashrawi,Michelle_Branch,random_negative
George_Pataki_0002.jpg,Michael_J_Fox_0001.jpg,0,-0.100943,George_Pataki,Michael_J_Fox,random_negative
Conchita_Martinez_0004.jpg,Linda_Dano_0003.jpg,0,-0.076026,Conchita_Martinez,Linda_Dano,random_negative
Adrian_Murrell_0002.jpg,James_Murdoch_0001.jpg,0,0.023759,Adrian_Murrell,James_Murdoch,random_negative
Heidi_Klum_0003.jpg,Zhong_Nanshan_0001.jpg,0,-0.002538,Heidi_Klum,Zhong_Nanshan,random_negative
Dionne_Warwick_0001.jpg,Joe_Torre_0001.jpg,0,-0.007161,Dionne_Warwick,Joe_Torre,random_negative
Pierre_Lacroix_0001.jpg,Vecdi_Gonul_0004.jpg,0,0.042684,Pierre_Lacroix,Vecdi_Gonul,random_negative
Howard_Wilkinson_0001.jpg,Steffi_Graf_0002.jpg,0,0.095803,Howard_Wilkinson,Steffi_Graf,random_negative
Phil_Donahue_0003.jpg,Richard_Chamberlain_0004.jpg,0,-0.000267,Phil_Donahue,Richard_Chamberlain,random_negative
Duane_Lee_Chapman_0002.jpg,Jamie_Lee_Curtis_0004.jpg,0,-0.043353,Duane_Lee_Chapman,Jamie_Lee_Curtis,random_negative
Bernard_Law_0002.jpg,Jaromir_Jagr_0001.jpg,0,-0.027689,Bernard_Law,Jaromir_Jagr,random_negative
Brandon_Hammond_0003.jpg,Paul_Burrell_0003.jpg,0,0.076633,Brandon_Hammond,Paul_Burrell,random_negative
Eric_Clapton_0004.jpg,Tony_LaRussa_0001.jpg,0,-0.035161,Eric_Clapton,Tony_LaRussa,random_negative
Hong_Myung_0004.jpg,Roger_Clemens_0001.jpg,0,-0.067052,Hong_Myung,Roger_Clemens,random_negative
Augusto_Roa_Bastos_0004.jpg,Binyamin_Ben-Eliezer_0001.jpg,0,-0.041237,Augusto_Roa_Bastos,Binyamin_Ben-Eliezer,random_negative
Marcelo_Rios_0001.jpg,Terri_Clark_0004.jpg,0,0.131713,Marcelo_Rios,Terri_Clark,random_negative
John_McEnroe_0004.jpg,Tyrone_Medley_0002.jpg,0,-0.101672,John_McEnroe,Tyrone_Medley,random_negative
Eric_Hinske_0001.jpg,Evan_Rachel_Wood_0003.jpg,0,0.002466,Eric_Hinske,Evan_Rachel_Wood,random_negative
Dick_Armey_0003.jpg,Iain_Duncan_Smith_0001.jpg,0,0.064397,Dick_Armey,Iain_Duncan_Smith,random_negative
Gina_Lollobrigida_0003.jpg,Linda_Dano_0004.jpg,0,-0.010849,Gina_Lollobrigida,Linda_Dano,random_negative
Lindsay_Lohan_0002.jpg,Stella_McCartney_0002.jpg,0,-0.021217,Lindsay_Lohan,Stella_McCartney,random_negative
Janusz_Kaminski_0001.jpg,Marisa_Tomei_0002.jpg,0,-0.009799,Janusz_Kaminski,Marisa_Tomei,random_negative
David_Dodge_0001.jpg,Lene_Espersen_0004.jpg,0,-0.026374,David_Dodge,Lene_Espersen,random_negative
Chris_Cornell_0002.jpg,Matthew_Ouimet_0001.jpg,0,-0.021274,Chris_Cornell,Matthew_Ouimet,random_negative
Heath_Ledger_0003.jpg,Naoto_Kan_0003.jpg,0,-0.032394,Heath_Ledger,Naoto_Kan,random_negative
Jane_Russell_0001.jpg,Joan_Jett_0001.jpg,0,-0.032879,Jane_Russell,Joan_Jett,random_negative
Cristina_Saralegui_0001.jpg,Juan_Pablo_Montoya_0001.jpg,0,-0.063556,Cristina_Saralegui,Juan_Pablo_Montoya,random_negative
David_Hyde_Pierce_0002.jpg,Gary_Doer_0001.jpg,0,-0.131890,David_Hyde_Pierce,Gary_Doer,random_negative
Pat_Cox_0001.jpg,Richard_Crenna_0001.jpg,0,0.021401,Pat_Cox,Richard_Crenna,random_negative
Amanda_Marsh_0001.jpg,Steve_Peace_0002.jpg,0,0.077886,Amanda_Marsh,Steve_Peace,random_negative
Hideki_Sato_0002.jpg,Marc_Racicot_0001.jpg,0,0.047072,Hideki_Sato,Marc_Racicot,random_negative
Jorge_Valdano_0003.jpg,Mariano_Zabaleta_0003.jpg,0,0.105468,Jorge_Valdano,Mariano_Zabaleta,random_negative
Colin_Powell_0003.jpg,David_Coulthard_0004.jpg,0,-0.008858,Colin_Powell,David_Coulthard,random_negative
Mark_Philippoussis_0004.jpg,Martin_Lawrence_0002.jpg,0,-0.032025,Mark_Philippoussis,Martin_Lawrence,random_negative
Anne_Heche_0002.jpg,Gary_Forsee_0003.jpg,0,-0.032391,Anne_Heche,Gary_Forsee,random_negative
James_Gibson_0001.jpg,Sylvia_Plachy_0001.jpg,0,0.006964,James_Gibson,Sylvia_Plachy,random_negative
Kurt_Schottenheimer_0001.jpg,Warren_Beatty_0002.jpg,0,0.004476,Kurt_Schottenheimer,Warren_Beatty,random_negative
Chick_Hearn_0004.jpg,Tessa_Jowell_0001.jpg,0,0.014262,Chick_Hearn,Tessa_Jowell,random_negative
Anne_Heche_0002.jpg,Billy_Crystal_0003.jpg,0,-0.005691,Anne_Heche,Billy_Crystal,random_negative
Carmen_Electra_0003.jpg,Stephanie_Zimbalist_0001.jpg,0,-0.030511,Carmen_Electra,Stephanie_Zimbalist,random_negative
Danny_Glover_0001.jpg,Ivan_Shvedoff_0003.jpg,0,0.035360,Danny_Glover,Ivan_Shvedoff,random_negative
Christoph_Daum_0004.jpg,Lynn_Redgrave_0001.jpg,0,-0.173890,Christoph_Daum,Lynn_Redgrave,random_negative
Nicole_Parker_0001.jpg,Richard_Pennington_0004.jpg,0,0.029013,Nicole_Parker,Richard_Pennington,random_negative
Laura_Flessel_0001.jpg,Tom_McClintock_0002.jpg,0,0.055246,Laura_Flessel,Tom_McClintock,random_negative
Giuseppe_Morchio_0001.jpg,Jimmy_Gobble_0001.jpg,0,-0.004018,Giuseppe_Morchio,Jimmy_Gobble,random_negative
Alfredo_di_Stefano_0003.jpg,Marcelo_Ebrard_0004.jpg,0,0.046826,Alfredo_di_Stefano,Marcelo_Ebrard,random_negative
Lisa_Stone_0002.jpg,Michael_Douglas_0004.jpg,0,-0.002541,Lisa_Stone,Michael_Douglas,random_negative
Saeed_Mortazavi_0001.jpg,Sean_Astin_0002.jpg,0,-0.012059,Saeed_Mortazavi,Sean_Astin,random_negative
Jonathan_Woodgate_0001.jpg,Roberta_Combs_0004.jpg,0,0.083981,Jonathan_Woodgate,Roberta_Combs,random_negative
Daniel_Bruehl_0001.jpg,Teresa_Heinz_Kerry_0004.jpg,0,0.116374,Daniel_Bruehl,Teresa_Heinz_Kerry,random_negative
Amanda_Beard_0001.jpg,Patti_Labelle_0001.jpg,0,-0.032903,Amanda_Beard,Patti_Labelle,random_negative
Frederique_van_der_Wal_0003.jpg,Rachel_Hunter_0002.jpg,0,0.136562,Frederique_van_der_Wal,Rachel_Hunter,random_negative
Brian_Cook_0001.jpg,Kjell_Magne_Bondevik_0003.jpg,0,-0.110000,Brian_Cook,Kjell_Magne_Bondevik,random_negative
Abraham_Foxman_0001.jpg,Joy_Bryant_0002.jpg,0,0.004178,Abraham_Foxman,Joy_Bryant,random_negative
Allyson_Felix_0001.jpg,Kara_Lynn_Joyce_0001.jpg,0,0.119654,Allyson_Felix,Kara_Lynn_Joyce,random_negative
Michael_Bolton_0001.jpg,Pete_Sampras_0001.jpg,0,0.005236,Michael_Bolton,Pete_Sampras,random_negative
Amanda_Marsh_0002.jpg,Justin_Gatlin_0002.jpg,0,0.082802,Amanda_Marsh,Justin_Gatlin,random_negative
Chris_Tucker_0004.jpg,Tony_LaRussa_0004.jpg,0,0.047769,Chris_Tucker,Tony_LaRussa,random_negative
Billy_Donovan_0004.jpg,Danielle_Spencer_0002.jpg,0,-0.020420,Billy_Donovan,Danielle_Spencer,random_negative
Chen_Liang_Yu_0002.jpg,Richard_Branson_0002.jpg,0,0.045403,Chen_Liang_Yu,Richard_Branson,random_negative
Hanan_Ashrawi_0004.jpg,OJ_Simpson_0004.jpg,0,-0.054739,Hanan_Ashrawi,OJ_Simpson,random_negative
Josh_Childress_0004.jpg,Lleyton_Hewitt_0003.jpg,0,-0.019360,Josh_Childress,Lleyton_Hewitt,random_negative
Fernando_Valenzuela_0003.jpg,Rick_Wagoner_0004.jpg,0,-0.002465,Fernando_Valenzuela,Rick_Wagoner,random_negative
Javier_Weber_0001.jpg,Penny_Lancaster_0001.jpg,0,-0.027763,Javier_Weber,Penny_Lancaster,random_negative
Paul_Newman_0002.jpg,Paul_Wolfowitz_0004.jpg,0,0.054168,Paul_Newman,Paul_Wolfowitz,random_negative
Brad_Garrett_0001.jpg,Jose_Sarney_0001.jpg,0,0.039654,Brad_Garrett,Jose_Sarney,random_negative
David_Montoya_0002.jpg,Dustin_Brown_0003.jpg,0,-0.034574,David_Montoya,Dustin_Brown,random_negative
Dennis_Franchione_0001.jpg,Mohammed_Baqir_al-Hakim_0002.jpg,0,-0.050512,Dennis_Franchione,Mohammed_Baqir_al-Hakim,random_negative
Christine_Ebersole_0001.jpg,Monica_Serra_0002.jpg,0,0.041806,Christine_Ebersole,Monica_Serra,random_negative
Enos_Slaughter_0004.jpg,Juan_Francisco_Palencia_0002.jpg,0,0.076015,Enos_Slaughter,Juan_Francisco_Palencia,random_negative
Bob_Geldof_0001.jpg,Orrin_Hatch_0002.jpg,0,-0.065117,Bob_Geldof,Orrin_Hatch,random_negative
Juan_Ignacio_Chela_0002.jpg,Paul_Clark_0002.jpg,0,0.024549,Juan_Ignacio_Chela,Paul_Clark,random_negative
Josh_Kronfeld_0003.jpg,Natasha_McElhone_0002.jpg,0,0.031000,Josh_Kronfeld,Natasha_McElhone,random_negative
Laura_Morante_0001.jpg,Pete_Carroll_0002.jpg,0,-0.051002,Laura_Morante,Pete_Carroll,random_negative
Carl_Reiner_0001.jpg,Juan_Antonio_Samaranch_0004.jpg,0,-0.026035,Carl_Reiner,Juan_Antonio_Samaranch,random_negative
Curtis_Strange_0003.jpg,Ethan_Hawke_0004.jpg,0,0.108566,Curtis_Strange,Ethan_Hawke,random_negative
Evander_Holyfield_0002.jpg,Janine_Pietsch_0001.jpg,0,-0.053240,Evander_Holyfield,Janine_Pietsch,random_negative
Gary_Condit_0001.jpg,Juliette_Binoche_0001.jpg,0,0.121895,Gary_Condit,Juliette_Binoche,random_negative
Brian_Olson_0001.jpg,Luis_Ernesto_Derbez_Bautista_0003.jpg,0,0.036510,Brian_Olson,Luis_Ernesto_Derbez_Bautista,random_negative
Elaine_Stritch_0003.jpg,Guillaume_Depardieu_0004.jpg,0,-0.029405,Elaine_Stritch,Guillaume_Depardieu,random_negative
Evander_Holyfield_0001.jpg,Marcus_Gronholm_0003.jpg,0,-0.031237,Evander_Holyfield,Marcus_Gronholm,random_negative
Gwendal_Peizerat_0001.jpg,Jerry_Tarkanian_0001.jpg,0,-0.018539,Gwendal_Peizerat,Jerry_Tarkanian,random_negative
Anne_McLellan_0001.jpg,Lachlan_Murdoch_0001.jpg,0,-0.048111,Anne_McLellan,Lachlan_Murdoch,random_negative
Carla_Sullivan_0002.jpg,Hashim_Thaci_0004.jpg,0,0.036564,Carla_Sullivan,Hashim_Thaci,random_negative
Marco_Antonio_Barrera_0003.jpg,Richard_Shelby_0001.jpg,0,-0.024224,Marco_Antonio_Barrera,Richard_Shelby,random_negative
Meg_Wakeman_0002.jpg,Tim_Howard_0002.jpg,0,-0.044363,Meg_Wakeman,Tim_Howard,random_negative
Dalai_Lama_0002.jpg,Tina_Andrews_0002.jpg,0,0.007725,Dalai_Lama,Tina_Andrews,random_negative
Cliff_Ellis_0002.jpg,Kurt_Warner_0002.jpg,0,0.012094,Cliff_Ellis,Kurt_Warner,random_negative
Carolina_Barco_0003.jpg,Sean_Hayes_0002.jpg,0,-0.064224,Carolina_Barco,Sean_Hayes,random_negative
Christine_Gregoire_0001.jpg,Imran_Khan_0004.jpg,0,-0.049043,Christine_Gregoire,Imran_Khan,random_negative
Doc_Rivers_0002.jpg,Yannos_Papantoniou_0001.jpg,0,0.042203,Doc_Rivers,Yannos_Papantoniou,random_negative
Atal_Bihari_Vajpayee_0002.jpg,Theresa_May_0002.jpg,0,-0.069973,Atal_Bihari_Vajpayee,Theresa_May,random_negative
Strom_Thurmond_0003.jpg,Yoriko_Kawaguchi_0002.jpg,0,0.002183,Strom_Thurmond,Yoriko_Kawaguchi,random_negative
Owen_Nolan_0004.jpg,Paris_Hilton_0003.jpg,0,0.010295,Owen_Nolan,Paris_Hilton,random_negative
Kathryn_Morris_0004.jpg,Robin_Wright_Penn_0004.jpg,0,0.138059,Kathryn_Morris,Robin_Wright_Penn,random_negative
Alfonso_Portillo_0004.jpg,Chok_Tong_Goh_0001.jpg,0,0.004660,Alfonso_Portillo,Chok_Tong_Goh,random_negative
Carolyn_Dawn_Johnson_0003.jpg,Roman_Coppola_0003.jpg,0,-0.007597,Carolyn_Dawn_Johnson,Roman_Coppola,random_negative
Christopher_Reeve_0004.jpg,Yu_Shyi-kun_0001.jpg,0,0.003071,Christopher_Reeve,Yu_Shyi-kun,random_negative
Evgeni_Plushenko_0004.jpg,Ty_Votaw_0003.jpg,0,-0.008025,Evgeni_Plushenko,Ty_Votaw,random_negative
Chris_Byrd_0004.jpg,Satnarine_Sharma_0001.jpg,0,0.109843,Chris_Byrd,Satnarine_Sharma,random_negative
AJ_Lamas_0002.jpg,Justin_Guarini_0002.jpg,0,-0.038715,AJ_Lamas,Justin_Guarini,random_negative
Alanna_Ubach_0001.jpg,Liu_Ye_0004.jpg,0,0.084996,Alanna_Ubach,Liu_Ye,random_negative
Mark_Kelly_0001.jpg,Mark_Philippoussis_0003.jpg,0,-0.036557,Mark_Kelly,Mark_Philippoussis,random_negative
Kwame_Kilpatrick_0001.jpg,Nicolas_Massu_0002.jpg,0,0.006922,Kwame_Kilpatrick,Nicolas_Massu,random_negative
Barbara_Becker_0002.jpg,Roger_Toussaint_0004.jpg,0,-0.023741,Barbara_Becker,Roger_Toussaint,random_negative
Bruce_Springsteen_0001.jpg,Claudette_Robinson_0004.jpg,0,-0.015419,Bruce_Springsteen,Claudette_Robinson,random_negative
David_Dodge_0001.jpg,John_Stallworth_0003.jpg,0,-0.028903,David_Dodge,John_Stallworth,random_negative
Li_Zhaoxing_0004.jpg,Mufti_Mohammad_Syed_0004.jpg,0,-0.063765,Li_Zhaoxing,Mufti_Mohammad_Syed,random_negative
James_Ivory_0001.jpg,Paris_Hilton_0004.jpg,0,-0.020837,James_Ivory,Paris_Hilton,random_negative
Jennifer_Gratz_0001.jpg,Peter_Greenaway_0001.jpg,0,0.059296,Jennifer_Gratz,Peter_Greenaway,random_negative
Robin_Cook_0003.jpg,Wes_Craven_0001.jpg,0,-0.050493,Robin_Cook,Wes_Craven,random_negative
Gaston_Gaudio_0002.jpg,Mike_Brey_0003.jpg,0,0.074971,Gaston_Gaudio,Mike_Brey,random_negative
Brandon_Knight_0002.jpg,Warren_Beatty_0001.jpg,0,0.064910,Brandon_Knight,Warren_Beatty,random_negative
Javier_Solana_0001.jpg,Terry_McAuliffe_0002.jpg,0,-0.041258,Javier_Solana,Terry_McAuliffe,random_negative
Conan_OBrien_0004.jpg,Steve_Austin_0001.jpg,0,-0.015650,Conan_OBrien,Steve_Austin,random_negative
Jon_Gruden_0002.jpg,Roh_Moo-hyun_0003.jpg,0,0.032119,Jon_Gruden,Roh_Moo-hyun,random_negative
Holly_Hunter_0003.jpg,Martha_Lucia_Ramirez_0001.jpg,0,-0.003018,Holly_Hunter,Martha_Lucia_Ramirez,random_negative
Collis_Temple_III_0001.jpg,Mickey_Rooney_0001.jpg,0,-0.061211,Collis_Temple_III,Mickey_Rooney,random_negative
Gerard_Kleisterlee_0001.jpg,Kamal_Kharrazi_0002.jpg,0,-0.032236,Gerard_Kleisterlee,Kamal_Kharrazi,random_negative
Katrin_Cartlidge_0001.jpg,Mel_Gibson_0004.jpg,0,-0.101139,Katrin_Cartlidge,Mel_Gibson,random_negative
Leslie_Caldwell_0001.jpg,Yuvraj_Singh_0004.jpg,0,0.042862,Leslie_Caldwell,Yuvraj_Singh,random_negative
Dominik_Hrbaty_0002.jpg,Flavia_Pennetta_0002.jpg,0,-0.022170,Dominik_Hrbaty,Flavia_Pennetta,random_negative
Larry_Campbell_0002.jpg,Rainer_Schuettler_0001.jpg,0,-0.014757,Larry_Campbell,Rainer_Schuettler,random_negative
Charles_Mathews_0002.jpg,Jan_De_Bont_0001.jpg,0,0.059102,Charles_Mathews,Jan_De_Bont,random_negative
Carol_Burnett_0004.jpg,Rick_Perry_0003.jpg,0,-0.023311,Carol_Burnett,Rick_Perry,random_negative
Edward_Lu_0002.jpg,Matthew_McConaughey_0004.jpg,0,-0.027163,Edward_Lu,Matthew_McConaughey,random_negative
Mike_Brey_0003.jpg,Yashwant_Sinha_0003.jpg,0,-0.110340,Mike_Brey,Yashwant_Sinha,random_negative
Boris_Becker_0003.jpg,Yao_Ming_0003.jpg,0,0.017143,Boris_Becker,Yao_Ming,random_negative
David_Beckham_0002.jpg,Gina_Lollobrigida_0002.jpg,0,-0.042054,David_Beckham,Gina_Lollobrigida,random_negative
Cristina_Saralegui_0002.jpg,Jennifer_Rodriguez_0001.jpg,0,0.034819,Cristina_Saralegui,Jennifer_Rodriguez,random_negative
Bob_Hope_0003.jpg,Diana_Taurasi_0004.jpg,0,-0.055569,Bob_Hope,Diana_Taurasi,random_negative
Jose_Canseco_0001.jpg,Phoenix_Chang_0002.jpg,0,0.052418,Jose_Canseco,Phoenix_Chang,random_negative
Mary-Kate_Olsen_0002.jpg,Sinead_OConnor_0004.jpg,0,0.027753,Mary-Kate_Olsen,Sinead_OConnor,random_negative
Ronald_Reagan_0003.jpg,Tim_Conway_0002.jpg,0,-0.008885,Ronald_Reagan,Tim_Conway,random_negative
Albert_Brooks_0001.jpg,Kathleen_Glynn_0001.jpg,0,0.126344,Albert_Brooks,Kathleen_Glynn,random_negative
Kelly_Osbourne_0001.jpg,Marc-Andre_Fleury_0002.jpg,0,-0.077217,Kelly_Osbourne,Marc-Andre_Fleury,random_negative
Adam_Mair_0001.jpg,Mother_Teresa_0001.jpg,0,-0.045661,Adam_Mair,Mother_Teresa,random_negative
David_Dodge_0002.jpg,Patrick_Leahy_0002.jpg,0,-0.106843,David_Dodge,Patrick_Leahy,random_negative
Guy_Hemmings_0004.jpg,Roy_Rogers_0001.jpg,0,0.040181,Guy_Hemmings,Roy_Rogers,random_negative
Ally_Sheedy_0001.jpg,Glen_Sather_0004.jpg,0,0.085591,Ally_Sheedy,Glen_Sather,random_negative
Hal_Sutton_0004.jpg,Rachel_Leigh_Cook_0002.jpg,0,0.028015,Hal_Sutton,Rachel_Leigh_Cook,random_negative
Ivan_Stambolic_0004.jpg,Zydrunas_Ilgauskas_0001.jpg,0,-0.008250,Ivan_Stambolic,Zydrunas_Ilgauskas,random_negative
Jimmy_Carter_0002.jpg,Julia_Tymoshenko_0001.jpg,0,-0.046247,Jimmy_Carter,Julia_Tymoshenko,random_negative
Abel_Pacheco_0003.jpg,Madonna_0003.jpg,0,0.028251,Abel_Pacheco,Madonna,random_negative
Michael_Ballack_0004.jpg,Rick_Carlisle_0001.jpg,0,0.047718,Michael_Ballack,Rick_Carlisle,random_negative
Gaston_Gaudio_0001.jpg,Rob_Marshall_0004.jpg,0,-0.034825,Gaston_Gaudio,Rob_Marshall,random_negative
Martin_McGuinness_0001.jpg,Randy_Jackson_0001.jpg,0,0.040669,Martin_McGuinness,Randy_Jackson,random_negative
Rani_Mukherjee_0001.jpg,Tim_Conway_0001.jpg,0,-0.106797,Rani_Mukherjee,Tim_Conway,random_negative
Alfred_Sant_0001.jpg,Randall_Tobias_0003.jpg,0,-0.031363,Alfred_Sant,Randall_Tobias,random_negative
Guy_Ritchie_0001.jpg,Martin_Scorsese_0004.jpg,0,0.086263,Guy_Ritchie,Martin_Scorsese,random_negative
Mona_Locke_0002.jpg,Norbert_van_Heyst_0002.jpg,0,0.038645,Mona_Locke,Norbert_van_Heyst,random_negative
King_Abdullah_II_0001.jpg,Marco_Antonio_Barrera_0001.jpg,0,0.071212,King_Abdullah_II,Marco_Antonio_Barrera,random_negative
Kay_Bailey_Hutchison_0004.jpg,Terence_Newman_0001.jpg,0,0.023599,Kay_Bailey_Hutchison,Terence_Newman,random_negative
Juan_Carlos_Ferrero_0004.jpg,Lili_Taylor_0003.jpg,0,0.084302,Juan_Carlos_Ferrero,Lili_Taylor,random_negative
Janet_Chandler_0003.jpg,Johannes_Rau_0002.jpg,0,0.018489,Janet_Chandler,Johannes_Rau,random_negative
Arsinee_Khanjian_0001.jpg,Goldie_Hawn_0001.jpg,0,-0.072386,Arsinee_Khanjian,Goldie_Hawn,random_negative
Bart_Freundlich_0001.jpg,Jean-Claude_Juncker_0001.jpg,0,-0.112780,Bart_Freundlich,Jean-Claude_Juncker,random_negative
Sergio_Vieira_De_Mello_0004.jpg,Tony_Curtis_0003.jpg,0,0.111030,Sergio_Vieira_De_Mello,Tony_Curtis,random_negative
Gloria_Macapagal_Arroyo_0001.jpg,Nestor_Kirchner_0001.jpg,0,0.042856,Gloria_Macapagal_Arroyo,Nestor_Kirchner,random_negative
Dennis_Johnson_0001.jpg,Mohammed_Al_Hindi_0001.jpg,0,-0.003200,Dennis_Johnson,Mohammed_Al_Hindi,random_negative
Demetrius_Ferraciu_0002.jpg,Gerard_de_Cortanze_0003.jpg,0,0.016102,Demetrius_Ferraciu,Gerard_de_Cortanze,random_negative
Gerard_de_Cortanze_0001.jpg,Michelle_Yeoh_0001.jpg,0,0.027809,Gerard_de_Cortanze,Michelle_Yeoh,random_negative
Luis_Gonzalez_Macchi_0001.jpg,Shirley_Jones_0001.jpg,0,-0.050453,Luis_Gonzalez_Macchi,Shirley_Jones,random_negative
George_W_Bush_0001.jpg,Luc_Montagnier_0004.jpg,0,0.077440,George_W_Bush,Luc_Montagnier,random_negative
Alicia_Witt_0004.jpg,Mark_Richt_0002.jpg,0,-0.121167,Alicia_Witt,Mark_Richt,random_negative
Laura_Pausini_0001.jpg,Susan_Collins_0001.jpg,0,0.093726,Laura_Pausini,Susan_Collins,random_negative
Dawn_Staley_0001.jpg,Michelle_Pfeiffer_0002.jpg,0,-0.026126,Dawn_Staley,Michelle_Pfeiffer,random_negative
Matt_LeBlanc_0001.jpg,Paul_Pierce_0001.jpg,0,0.018382,Matt_LeBlanc,Paul_Pierce,random_negative
Joseph_Biden_0002.jpg,Kaisser_Bazan_0003.jpg,0,-0.008814,Joseph_Biden,Kaisser_Bazan,random_negative
Abel_Pacheco_0004.jpg,Cliff_Ellis_0002.jpg,0,-0.011483,Abel_Pacheco,Cliff_Ellis,random_negative
Camilla_Parker_Bowles_0002.jpg,Chris_Penn_0003.jpg,0,0.022072,Camilla_Parker_Bowles,Chris_Penn,random_negative
Michael_Jordan_0001.jpg,Sammy_Sosa_0002.jpg,0,0.011641,Michael_Jordan,Sammy_Sosa,random_negative
Glafcos_Clerides_0004.jpg,Jessica_Lange_0001.jpg,0,0.034909,Glafcos_Clerides,Jessica_Lange,random_negative
Mary_Steenburgen_0001.jpg,Ricky_Ponting_0001.jpg,0,-0.023231,Mary_Steenburgen,Ricky_Ponting,random_negative
Ian_McKellen_0003.jpg,Normand_Legault_0003.jpg,0,0.107839,Ian_McKellen,Normand_Legault,random_negative
John_Warner_0002.jpg,Jon_Gruden_0001.jpg,0,0.079868,John_Warner,Jon_Gruden,random_negative
Markus_Naslund_0003.jpg,Mother_Teresa_0003.jpg,0,-0.019485,Markus_Naslund,Mother_Teresa,random_negative
Lars_Von_Trier_0001.jpg,Tommy_Thompson_0001.jpg,0,0.027892,Lars_Von_Trier,Tommy_Thompson,random_negative
Goh_Kun_0004.jpg,Wang_Yi_0004.jpg,0,0.034392,Goh_Kun,Wang_Yi,random_negative
Gunilla_Backman_0003.jpg,Holly_Hunter_0003.jpg,0,0.028225,Gunilla_Backman,Holly_Hunter,random_negative
Pat_Riley_0001.jpg,Sarah_Michelle_Gellar_0004.jpg,0,0.002167,Pat_Riley,Sarah_Michelle_Gellar,random_negative
Anthony_Pico_0001.jpg,Dennis_Erickson_0003.jpg,0,-0.093548,Anthony_Pico,Dennis_Erickson,random_negative
Jamie_Kellner_0002.jpg,Steve_Karsay_0003.jpg,0,0.065883,Jamie_Kellner,Steve_Karsay,random_negative
Jose_Mourinho_0003.jpg,Mikulas_Dzurinda_0003.jpg,0,0.105132,Jose_Mourinho,Mikulas_Dzurinda,random_negative
Kemal_Dervis_0001.jpg,Mike_Alden_0002.jpg,0,-0.062797,Kemal_Dervis,Mike_Alden,random_negative
Clint_Eastwood_0004.jpg,Don_Henley_0003.jpg,0,0.082927,Clint_Eastwood,Don_Henley,random_negative
Clara_Harris_0001.jpg,Lucio_Angulo_0002.jpg,0,-0.032249,Clara_Harris,Lucio_Angulo,random_negative
Bianca_Jagger_0004.jpg,Jeff_Bzdelik_0004.jpg,0,0.047149,Bianca_Jagger,Jeff_Bzdelik,random_negative
Lana_Clarkson_0002.jpg,Santiago_Botero_0004.jpg,0,0.186642,Lana_Clarkson,Santiago_Botero,random_negative
Erika_Harold_0002.jpg,Tab_Baldwin_0001.jpg,0,-0.069298,Erika_Harold,Tab_Baldwin,random_negative
Guy_Ritchie_0004.jpg,Paul-Henri_Mathieu_0001.jpg,0,0.063504,Guy_Ritchie,Paul-Henri_Mathieu,random_negative
Jacky_Cheung_0002.jpg,Sven_Goran_Eriksson_0002.jpg,0,-0.150081,Jacky_Cheung,Sven_Goran_Eriksson,random_negative
Mekhi_Phifer_0003.jpg,Sheila_Wellstone_0002.jpg,0,0.038147,Mekhi_Phifer,Sheila_Wellstone,random_negative
Enos_Slaughter_0001.jpg,Tiago_Splitter_0004.jpg,0,0.009802,Enos_Slaughter,Tiago_Splitter,random_negative
Anastasia_Kelesidou_0002.jpg,Sylvester_Stallone_0004.jpg,0,-0.026998,Anastasia_Kelesidou,Sylvester_Stallone,random_negative
Bill_Curry_0002.jpg,Felipe_De_Borbon_0002.jpg,0,-0.029606,Bill_Curry,Felipe_De_Borbon,random_negative
John_Swofford_0002.jpg,Thomas_Fargo_0003.jpg,0,0.088117,John_Swofford,Thomas_Fargo,random_negative
Andrew_Cuomo_0003.jpg,Clara_Harris_0004.jpg,0,-0.057452,Andrew_Cuomo,Clara_Harris,random_negative
Ian_Huntley_0003.jpg,Joe_Mantello_0001.jpg,0,-0.030467,Ian_Huntley,Joe_Mantello,random_negative
Craig_Fitzgibbon_0001.jpg,Nikolay_Davydenko_0004.jpg,0,0.050402,Craig_Fitzgibbon,Nikolay_Davydenko,random_negative
Christian_Wulff_0001.jpg,Martha_Beatriz_Roque_0002.jpg,0,-0.069542,Christian_Wulff,Martha_Beatriz_Roque,random_negative
Lionel_Hampton_0002.jpg,Lisa_Murkowski_0003.jpg,0,-0.011863,Lionel_Hampton,Lisa_Murkowski,random_negative
Dennis_Erickson_0003.jpg,Melissa_Joan_Hart_0001.jpg,0,-0.027898,Dennis_Erickson,Melissa_Joan_Hart,random_negative
Joe_Gatti_0003.jpg,Mary-Kate_Olsen_0001.jpg,0,-0.018698,Joe_Gatti,Mary-Kate_Olsen,random_negative
Evgeni_Plushenko_0004.jpg,Steve_Ballmer_0004.jpg,0,0.122359,Evgeni_Plushenko,Steve_Ballmer,random_negative
Kristanna_Loken_0001.jpg,Nathan_Lane_0001.jpg,0,-0.069571,Kristanna_Loken,Nathan_Lane,random_negative
JK_Rowling_0001.jpg,Ross_Verba_0001.jpg,0,0.017177,JK_Rowling,Ross_Verba,random_negative
Don_Hewitt_0001.jpg,Imre_Kertasz_0002.jpg,0,0.045698,Don_Hewitt,Imre_Kertasz,random_negative
Gwen_Stefani_0002.jpg,Paul_Schrader_0001.jpg,0,-0.054121,Gwen_Stefani,Paul_Schrader,random_negative
Nancy_Reagan_0003.jpg,Sylvester_Stallone_0004.jpg,0,0.112758,Nancy_Reagan,Sylvester_Stallone,random_negative
Fabricio_Oberto_0002.jpg,Randy_Travis_0003.jpg,0,0.013964,Fabricio_Oberto,Randy_Travis,random_negative
Michael_Bolton_0001.jpg,Wan_Yanhai_0001.jpg,0,0.096268,Michael_Bolton,Wan_Yanhai,random_negative
Gwyneth_Paltrow_0002.jpg,Nicanor_Duarte_Frutos_0001.jpg,0,0.052466,Gwyneth_Paltrow,Nicanor_Duarte_Frutos,random_negative
Victoria_Beckham_0002.jpg,Yolanda_King_0001.jpg,0,0.090216,Victoria_Beckham,Yolanda_King,random_negative
Chip_Knight_0002.jpg,Donald_Rumsfeld_0001.jpg,0,0.092679,Chip_Knight,Donald_Rumsfeld,random_negative
Alina_Kabaeva_0001.jpg,Nino_DAngelo_0001.jpg,0,-0.017643,Alina_Kabaeva,Nino_DAngelo,random_negative
Jane_Krakowski_0001.jpg,Michael_Ballack_0002.jpg,0,0.048215,Jane_Krakowski,Michael_Ballack,random_negative
Michael_Chiklis_0003.jpg,Sven_Goran_Eriksson_0003.jpg,0,-0.016775,Michael_Chiklis,Sven_Goran_Eriksson,random_negative
Andrei_Konchalovsky_0003.jpg,Heizo_Takenaka_0001.jpg,0,0.014967,Andrei_Konchalovsky,Heizo_Takenaka,random_negative
Larry_Thompson_0002.jpg,Yoko_Ono_0001.jpg,0,0.013250,Larry_Thompson,Yoko_Ono,random_negative
Anne_Heche_0003.jpg,Coretta_Scott_King_0003.jpg,0,-0.009493,Anne_Heche,Coretta_Scott_King,random_negative
Bob_Geldof_0002.jpg,Taoufik_Mathlouthi_0001.jpg,0,0.027007,Bob_Geldof,Taoufik_Mathlouthi,random_negative
Marcus_Allen_0001.jpg,Steffi_Graf_0004.jpg,0,0.000476,Marcus_Allen,Steffi_Graf,random_negative
Carlos_Moya_0002.jpg,Neil_Moritz_0002.jpg,0,0.063585,Carlos_Moya,Neil_Moritz,random_negative
Rolandas_Paksas_0001.jpg,Zhang_Ziyi_0003.jpg,0,0.016938,Rolandas_Paksas,Zhang_Ziyi,random_negative
Gary_Winnick_0004.jpg,Miguel_Contreras_0001.jpg,0,0.022124,Gary_Winnick,Miguel_Contreras,random_negative
Herman_Edwards_0003.jpg,Sebastian_Saja_0002.jpg,0,0.035557,Herman_Edwards,Sebastian_Saja,random_negative
Ramon_Delgado_0001.jpg,Terrell_Suggs_0001.jpg,0,0.026596,Ramon_Delgado,Terrell_Suggs,random_negative
Julien_Boutter_0001.jpg,Valerie_Harper_0001.jpg,0,-0.030678,Julien_Boutter,Valerie_Harper,random_negative
LeBron_James_0002.jpg,Lleyton_Hewitt_0001.jpg,0,-0.015437,LeBron_James,Lleyton_Hewitt,random_negative
Joseph_Kabila_0002.jpg,Tim_Duncan_0004.jpg,0,0.052042,Joseph_Kabila,Tim_Duncan,random_negative
Mike_Johanns_0001.jpg,Teresa_Heinz_Kerry_0002.jpg,0,-0.006764,Mike_Johanns,Teresa_Heinz_Kerry,random_negative
Ben_Stein_0004.jpg,Christine_Ebersole_0004.jpg,0,-0.066568,Ben_Stein,Christine_Ebersole,random_negative
Al_Sharpton_0004.jpg,Raf_Vallone_0001.jpg,0,-0.039328,Al_Sharpton,Raf_Vallone,random_negative
Inam-ul-Haq_0001.jpg,Nick_Price_0003.jpg,0,-0.020576,Inam-ul-Haq,Nick_Price,random_negative
Kyle_McLaren_0001.jpg,Luis_Gonzalez_0001.jpg,0,0.077857,Kyle_McLaren,Luis_Gonzalez,random_negative
Ernie_Els_0001.jpg,Vladimir_Putin_0003.jpg,0,0.028977,Ernie_Els,Vladimir_Putin,random_negative
Ira_Einhorn_0002.jpg,Linda_Dano_0002.jpg,0,-0.042348,Ira_Einhorn,Linda_Dano,random_negative
Arye_Mekel_0001.jpg,Terri_Clark_0001.jpg,0,0.018811,Arye_Mekel,Terri_Clark,random_negative
Christopher_Reeve_0001.jpg,Jay_Rasulo_0003.jpg,0,0.010018,Christopher_Reeve,Jay_Rasulo,random_negative
Gabriel_Farhi_0002.jpg,Shoshannah_Stern_0001.jpg,0,-0.004799,Gabriel_Farhi,Shoshannah_Stern,random_negative
Adam_Kennedy_0002.jpg,Marcos_Cafu_0001.jpg,0,0.101634,Adam_Kennedy,Marcos_Cafu,random_negative
James_Cameron_0003.jpg,Ray_Allen_0001.jpg,0,-0.077584,James_Cameron,Ray_Allen,random_negative
Ana_Claudia_Talancon_0001.jpg,Grant_Rossenmeyer_0001.jpg,0,0.115590,Ana_Claudia_Talancon,Grant_Rossenmeyer,random_negative
Butch_Davis_0002.jpg,Xavier_Malisse_0001.jpg,0,-0.037866,Butch_Davis,Xavier_Malisse,random_negative
Diego_Colorado_0001.jpg,Ricardo_Sanchez_0002.jpg,0,0.088750,Diego_Colorado,Ricardo_Sanchez,random_negative
George_Robertson_0001.jpg,Kimora_Lee_0001.jpg,0,-0.062400,George_Robertson,Kimora_Lee,random_negative
Michael_Keaton_0003.jpg,Ralf_Schumacher_0001.jpg,0,-0.028270,Michael_Keaton,Ralf_Schumacher,random_negative
Cameron_Diaz_0003.jpg,Phil_Mickelson_0002.jpg,0,-0.043329,Cameron_Diaz,Phil_Mickelson,random_negative
Jalen_Rose_0004.jpg,Judi_Dench_0001.jpg,0,-0.058673,Jalen_Rose,Judi_Dench,random_negative
Howard_Schultz_0001.jpg,Jan-Michael_Gambill_0004.jpg,0,0.000288,Howard_Schultz,Jan-Michael_Gambill,random_negative
John_Velazquez_0001.jpg,Larry_Coker_0004.jpg,0,-0.022563,John_Velazquez,Larry_Coker,random_negative
Caroline_Dhavernas_0004.jpg,Liv_Tyler_0002.jpg,0,0.170602,Caroline_Dhavernas,Liv_Tyler,random_negative
Atal_Bihari_Vajpayee_0001.jpg,Judi_Dench_0003.jpg,0,0.119556,Atal_Bihari_Vajpayee,Judi_Dench,random_negative
Bridget_Fonda_0001.jpg,Stanley_McChrystal_0004.jpg,0,0.110736,Bridget_Fonda,Stanley_McChrystal,random_negative
Greg_Rusedski_0002.jpg,Jimmy_Carter_0001.jpg,0,0.036236,Greg_Rusedski,Jimmy_Carter,random_negative
Ellen_Saracini_0004.jpg,Joschka_Fischer_0003.jpg,0,-0.098816,Ellen_Saracini,Joschka_Fischer,random_negative
Ralph_Sampson_0001.jpg,Tim_Allen_0004.jpg,0,0.001481,Ralph_Sampson,Tim_Allen,random_negative
Howard_Dean_0003.jpg,Jane_Krakowski_0004.jpg,0,-0.103451,Howard_Dean,Jane_Krakowski,random_negative
Bertie_Ahern_0001.jpg,Franco_Dragone_0002.jpg,0,0.009447,Bertie_Ahern,Franco_Dragone,random_negative
Rachel_Leigh_Cook_0002.jpg,Sonya_Walger_0004.jpg,0,0.026316,Rachel_Leigh_Cook,Sonya_Walger,random_negative
Boris_Berezovsky_0002.jpg,Yann_Martel_0001.jpg,0,0.007466,Boris_Berezovsky,Yann_Martel,random_negative
Lew_Rywin_0001.jpg,Nicole_Kidman_0001.jpg,0,0.000939,Lew_Rywin,Nicole_Kidman,random_negative
Dennis_Johnson_0001.jpg,Natalie_Imbruglia_0004.jpg,0,0.063709,Dennis_Johnson,Natalie_Imbruglia,random_negative
Bruce_Paltrow_0001.jpg,Sarah_Michelle_Gellar_0002.jpg,0,0.016308,Bruce_Paltrow,Sarah_Michelle_Gellar,random_negative
Ricardo_Lopez_Murphy_0001.jpg,Rick_Rickert_0001.jpg,0,0.065681,Ricardo_Lopez_Murphy,Rick_Rickert,random_negative
Liv_Tyler_0001.jpg,Queen_Beatrix_0002.jpg,0,-0.072460,Liv_Tyler,Queen_Beatrix,random_negative
Dan_Duquette_0001.jpg,Sadie_Frost_0003.jpg,0,0.034068,Dan_Duquette,Sadie_Frost,random_negative
Victoria_Beckham_0001.jpg,Vladimir_Putin_0004.jpg,0,0.035681,Victoria_Beckham,Vladimir_Putin,random_negative
Babe_Ruth_0002.jpg,Greg_Rusedski_0001.jpg,0,0.007469,Babe_Ruth,Greg_Rusedski,random_negative
Jamir_Miller_0001.jpg,Norio_Ohga_0002.jpg,0,-0.008204,Jamir_Miller,Norio_Ohga,random_negative
Kevin_Costner_0002.jpg,Tommy_Thompson_0002.jpg,0,-0.099007,Kevin_Costner,Tommy_Thompson,random_negative
Francis_George_0001.jpg,Susilo_Bambang_Yudhoyono_0001.jpg,0,-0.057731,Francis_George,Susilo_Bambang_Yudhoyono,random_negative
Humberto_Coelho_0001.jpg,Sergio_Vieira_De_Mello_0004.jpg,0,0.095306,Humberto_Coelho,Sergio_Vieira_De_Mello,random_negative
Darcy_Regier_0001.jpg,Mary_Bono_0001.jpg,0,0.031838,Darcy_Regier,Mary_Bono,random_negative
Frank_Schmoekel_0003.jpg,Kate_Burton_0002.jpg,0,-0.101791,Frank_Schmoekel,Kate_Burton,random_negative
Laura_Ziskin_0001.jpg,Vladimiro_Montesinos_0002.jpg,0,-0.133110,Laura_Ziskin,Vladimiro_Montesinos,random_negative
Jennifer_Aniston_0003.jpg,Marcos_Cafu_0001.jpg,0,0.025882,Jennifer_Aniston,Marcos_Cafu,random_negative
Bernard_Landry_0001.jpg,Ronaldo_Luis_Nazario_de_Lima_0004.jpg,0,0.047334,Bernard_Landry,Ronaldo_Luis_Nazario_de_Lima,random_negative
Piers_Sellers_0004.jpg,Steve_Coogan_0004.jpg,0,0.057901,Piers_Sellers,Steve_Coogan,random_negative
Bruce_Willis_0001.jpg,George_Voinovich_0001.jpg,0,0.027002,Bruce_Willis,George_Voinovich,random_negative
Benicio_Del_Toro_0001.jpg,Ilan_Goldfajn_0004.jpg,0,-0.075406,Benicio_Del_Toro,Ilan_Goldfajn,random_negative
Alonzo_Mourning_0001.jpg,Strom_Thurmond_0001.jpg,0,0.104069,Alonzo_Mourning,Strom_Thurmond,random_negative
Sergio_Vieira_De_Mello_0002.jpg,Val_Ackerman_0001.jpg,0,-0.019917,Sergio_Vieira_De_Mello,Val_Ackerman,random_negative
Charles_Taylor_0001.jpg,Stephen_Silas_0003.jpg,0,-0.070155,Charles_Taylor,Stephen_Silas,random_negative
Alan_Mulally_0001.jpg,Mike_Eskew_0003.jpg,0,0.078142,Alan_Mulally,Mike_Eskew,random_negative
Claudio_Lopez_0002.jpg,Janet_Napolitano_0001.jpg,0,-0.048938,Claudio_Lopez,Janet_Napolitano,random_negative
Martin_Lawrence_0002.jpg,Shane_Warne_0002.jpg,0,-0.014784,Martin_Lawrence,Shane_Warne,random_negative
Melanie_Griffith_0001.jpg,Zhang_Wenkang_0002.jpg,0,-0.098654,Melanie_Griffith,Zhang_Wenkang,random_negative
Conan_OBrien_0004.jpg,Queen_Beatrix_0001.jpg,0,0.011426,Conan_OBrien,Queen_Beatrix,random_negative
Francis_George_0001.jpg,Valentino_Rossi_0003.jpg,0,-0.118108,Francis_George,Valentino_Rossi,random_negative
Ahmed_Chalabi_0003.jpg,Danny_Morgan_0002.jpg,0,0.039430,Ahmed_Chalabi,Danny_Morgan,random_negative
Angela_Merkel_0001.jpg,Fabricio_Oberto_0002.jpg,0,0.049072,Angela_Merkel,Fabricio_Oberto,random_negative
Kevin_Costner_0002.jpg,Mathias_Reichhold_0003.jpg,0,-0.072586,Kevin_Costner,Mathias_Reichhold,random_negative
Tom_Craddick_0004.jpg,Vladimir_Putin_0004.jpg,0,-0.075161,Tom_Craddick,Vladimir_Putin,random_negative
Jose_Luis_Rodriguez_Zapatero_0001.jpg,Nicolas_Lapentti_0002.jpg,0,-0.038928,Jose_Luis_Rodriguez_Zapatero,Nicolas_Lapentti,random_negative
Lily_Tomlin_0001.jpg,Shaul_Mofaz_0001.jpg,0,0.023892,Lily_Tomlin,Shaul_Mofaz,random_negative
Brad_Garrett_0003.jpg,Thomas_Fargo_0001.jpg,0,-0.004901,Brad_Garrett,Thomas_Fargo,random_negative
Ray_Evernham_0001.jpg,Robert_Fico_0003.jpg,0,-0.019309,Ray_Evernham,Robert_Fico,random_negative
Mike_Tyson_0002.jpg,William_Morrow_0002.jpg,0,-0.154191,Mike_Tyson,William_Morrow,random_negative
David_Wells_0001.jpg,Rosie_Perez_0003.jpg,0,-0.016336,David_Wells,Rosie_Perez,random_negative
Jim_Ryan_0001.jpg,John_Norquist_0001.jpg,0,-0.085343,Jim_Ryan,John_Norquist,random_negative
Andy_Benes_0002.jpg,Ellen_DeGeneres_0001.jpg,0,-0.044946,Andy_Benes,Ellen_DeGeneres,random_negative
Madonna_0003.jpg,Mariano_Zabaleta_0001.jpg,0,-0.009304,Madonna,Mariano_Zabaleta,random_negative
Carolyn_Kuhl_0001.jpg,Pat_Summitt_0003.jpg,0,0.014440,Carolyn_Kuhl,Pat_Summitt,random_negative
George_Voinovich_0001.jpg,John_Swofford_0002.jpg,0,0.085849,George_Voinovich,John_Swofford,random_negative
Heather_Willson_0003.jpg,Sean_Penn_0002.jpg,0,0.160739,Heather_Willson,Sean_Penn,random_negative
Bill_Graham_0002.jpg,Kim_Dae-jung_0001.jpg,0,-0.006986,Bill_Graham,Kim_Dae-jung,random_negative
Fabian_Vargas_0001.jpg,Lee_Tae-sik_0002.jpg,0,0.053296,Fabian_Vargas,Lee_Tae-sik,random_negative
Luiz_Felipe_Scolari_0004.jpg,Serge_Klarsfeld_0001.jpg,0,-0.030157,Luiz_Felipe_Scolari,Serge_Klarsfeld,random_negative
Larry_Campbell_0002.jpg,Rolandas_Paksas_0004.jpg,0,0.111335,Larry_Campbell,Rolandas_Paksas,random_negative
Diana_Taurasi_0004.jpg,Paul_Martin_0001.jpg,0,-0.010195,Diana_Taurasi,Paul_Martin,random_negative
Barbara_De_Brun_0002.jpg,Dustin_Brown_0001.jpg,0,-0.020244,Barbara_De_Brun,Dustin_Brown,random_negative
Alexander_Rumyantsev_0001.jpg,Robbie_Fowler_0004.jpg,0,-0.049697,Alexander_Rumyantsev,Robbie_Fowler,random_negative
Edward_Kennedy_0001.jpg,Mark_Hogan_0001.jpg,0,-0.049344,Edward_Kennedy,Mark_Hogan,random_negative
Shi_Guangsheng_0004.jpg,Vanessa_Redgrave_0002.jpg,0,-0.046627,Shi_Guangsheng,Vanessa_Redgrave,random_negative
Enrik_Vendt_0003.jpg,Michael_Richards_0002.jpg,0,-0.019632,Enrik_Vendt,Michael_Richards,random_negative
Dustin_Hoffman_0001.jpg,Uzi_Even_0002.jpg,0,0.012872,Dustin_Hoffman,Uzi_Even,random_negative
Adoor_Gopalakarishnan_0003.jpg,Dolly_Parton_0001.jpg,0,0.064015,Adoor_Gopalakarishnan,Dolly_Parton,random_negative
Blas_Ople_0002.jpg,Peri_Gilpin_0001.jpg,0,-0.033925,Blas_Ople,Peri_Gilpin,random_negative
Michael_J_Fox_0004.jpg,Ruben_Wolkowyski_0001.jpg,0,0.055134,Michael_J_Fox,Ruben_Wolkowyski,random_negative
Dan_Quayle_0003.jpg,Ty_Votaw_0001.jpg,0,0.086754,Dan_Quayle,Ty_Votaw,random_negative
Anzori_Kikalishvili_0001.jpg,Prince_Harry_0003.jpg,0,-0.008792,Anzori_Kikalishvili,Prince_Harry,random_negative
Cecilia_Bolocco_0001.jpg,Jerome_Golmard_0001.jpg,0,0.063872,Cecilia_Bolocco,Jerome_Golmard,random_negative
Hashim_Thaci_0002.jpg,Igor_Ivanov_0004.jpg,0,-0.047543,Hashim_Thaci,Igor_Ivanov,random_negative
Clara_Harris_0003.jpg,Eric_Benet_0001.jpg,0,0.006342,Clara_Harris,Eric_Benet,random_negative
Ilan_Ramon_0001.jpg,Steve_Zahn_0004.jpg,0,0.089581,Ilan_Ramon,Steve_Zahn,random_negative
Andrei_Nikolishin_0001.jpg,Ken_Macha_0001.jpg,0,0.062463,Andrei_Nikolishin,Ken_Macha,random_negative
Ali_Abdullah_Saleh_0001.jpg,Normand_Legault_0001.jpg,0,-0.090051,Ali_Abdullah_Saleh,Normand_Legault,random_negative
Joxel_Garcia_0003.jpg,Marco_Antonio_Barrera_0001.jpg,0,0.005345,Joxel_Garcia,Marco_Antonio_Barrera,random_negative
Beatrice_Dalle_0002.jpg,Chen_Liang_Yu_0002.jpg,0,-0.010949,Beatrice_Dalle,Chen_Liang_Yu,random_negative
Stephen_Frears_0004.jpg,Tino_Martinez_0001.jpg,0,0.015403,Stephen_Frears,Tino_Martinez,random_negative
Rubens_Barrichello_0001.jpg,Yekaterina_Guseva_0001.jpg,0,0.061819,Rubens_Barrichello,Yekaterina_Guseva,random_negative
Carlos_Vives_0001.jpg,Jamie_King_0001.jpg,0,-0.094395,Carlos_Vives,Jamie_King,random_negative
George_Roy_Hill_0001.jpg,Tora_Takagi_0001.jpg,0,-0.074558,George_Roy_Hill,Tora_Takagi,random_negative
John_Walsh_0003.jpg,Stephane_Rousseau_0003.jpg,0,0.014818,John_Walsh,Stephane_Rousseau,random_negative
Isabella_Rossellini_0003.jpg,Lance_Bass_0003.jpg,0,0.001052,Isabella_Rossellini,Lance_Bass,random_negative
Sybille_Schmid_0001.jpg,Xavier_Malisse_0001.jpg,0,0.014271,Sybille_Schmid,Xavier_Malisse,random_negative
Gregory_Geoffroy_0001.jpg,John_Elway_0001.jpg,0,-0.029604,Gregory_Geoffroy,John_Elway,random_negative
Johnny_Tapia_0002.jpg,Sheila_Copps_0004.jpg,0,0.038904,Johnny_Tapia,Sheila_Copps,random_negative
Brook_Robinson_0002.jpg,Cameron_Diaz_0001.jpg,0,0.037229,Brook_Robinson,Cameron_Diaz,random_negative
Alex_Ferguson_0002.jpg,James_Sensenbrenner_0001.jpg,0,-0.004846,Alex_Ferguson,James_Sensenbrenner,random_negative
Hermogenes_Ebdane_Jr_0001.jpg,Sandra_Ceccarelli_0004.jpg,0,-0.029758,Hermogenes_Ebdane_Jr,Sandra_Ceccarelli,random_negative
Jean-Rene_Fourtou_0004.jpg,Kevin_Costner_0004.jpg,0,0.055420,Jean-Rene_Fourtou,Kevin_Costner,random_negative
Jim_Letten_0004.jpg,Melvin_Talbert_0003.jpg,0,0.051549,Jim_Letten,Melvin_Talbert,random_negative
James_Wolfensohn_0001.jpg,Mohammed_Al_Hindi_0001.jpg,0,-0.084157,James_Wolfensohn,Mohammed_Al_Hindi,random_negative
Ariel_Sharon_0004.jpg,Rashid_Qureshi_0002.jpg,0,-0.033530,Ariel_Sharon,Rashid_Qureshi,random_negative
Diana_Krall_0002.jpg,Frances_Fisher_0002.jpg,0,-0.064449,Diana_Krall,Frances_Fisher,random_negative
Andrew_Fastow_0002.jpg,Fernando_Vargas_0001.jpg,0,-0.012453,Andrew_Fastow,Fernando_Vargas,random_negative
Paul_Byrd_0004.jpg,Stanley_McChrystal_0004.jpg,0,-0.045820,Paul_Byrd,Stanley_McChrystal,random_negative
King_Abdullah_II_0002.jpg,Steve_Fehr_0001.jpg,0,0.047920,King_Abdullah_II,Steve_Fehr,random_negative
Lindsay_Benko_0002.jpg,Michael_Patrick_King_0004.jpg,0,-0.078322,Lindsay_Benko,Michael_Patrick_King,random_negative
Gonzalo_Sanchez_de_Lozada_0001.jpg,Jose_Jose_0001.jpg,0,0.017891,Gonzalo_Sanchez_de_Lozada,Jose_Jose,random_negative
Begum_Khaleda_Zia_0001.jpg,Mariano_Zabaleta_0001.jpg,0,0.009892,Begum_Khaleda_Zia,Mariano_Zabaleta,random_negative
Antonio_Elias_Saca_0001.jpg,Rodrigo_Rato_0001.jpg,0,0.054178,Antonio_Elias_Saca,Rodrigo_Rato,random_negative
Carla_Del_Ponte_0002.jpg,Chris_Cookson_0003.jpg,0,-0.048764,Carla_Del_Ponte,Chris_Cookson,random_negative
Mary_Elizabeth_Mastrantonio_0004.jpg,Vladimir_Putin_0002.jpg,0,-0.121358,Mary_Elizabeth_Mastrantonio,Vladimir_Putin,random_negative
Janet_Leigh_0001.jpg,Lidija_Djukanovic_0001.jpg,0,-0.018929,Janet_Leigh,Lidija_Djukanovic,random_negative
Colin_Farrell_0003.jpg,Minnie_Driver_0004.jpg,0,-0.061557,Colin_Farrell,Minnie_Driver,random_negative
Darren_Clarke_0001.jpg,Jim_Haslett_0001.jpg,0,-0.064990,Darren_Clarke,Jim_Haslett,random_negative
Charles_Mathews_0001.jpg,Stephanie_Cohen_Aloro_0002.jpg,0,0.051472,Charles_Mathews,Stephanie_Cohen_Aloro,random_negative
Jaime_Pressly_0001.jpg,Victor_Garber_0001.jpg,0,0.017686,Jaime_Pressly,Victor_Garber,random_negative
Jessica_Lynch_0001.jpg,Thomas_Watjen_0002.jpg,0,0.012947,Jessica_Lynch,Thomas_Watjen,random_negative
Matthias_Sammer_0001.jpg,Zico_0001.jpg,0,-0.104594,Matthias_Sammer,Zico,random_negative
Princess_Caroline_0002.jpg,Sharon_Stone_0002.jpg,0,0.020931,Princess_Caroline,Sharon_Stone,random_negative
Mario_Jardel_0002.jpg,Matthew_McConaughey_0004.jpg,0,0.034169,Mario_Jardel,Matthew_McConaughey,random_negative
John_Kerry_0002.jpg,Lyle_Vanclief_0002.jpg,0,-0.001512,John_Kerry,Lyle_Vanclief,random_negative
Brajesh_Mishra_0001.jpg,Rita_Moreno_0001.jpg,0,0.052332,Brajesh_Mishra,Rita_Moreno,random_negative
Jim_Thome_0001.jpg,Ralph_Nader_0001.jpg,0,0.072684,Jim_Thome,Ralph_Nader,random_negative
Peter_Arnett_0001.jpg,Peter_Chan_0002.jpg,0,-0.045418,Peter_Arnett,Peter_Chan,random_negative
Quin_Snyder_0001.jpg,Valentino_Rossi_0004.jpg,0,0.052606,Quin_Snyder,Valentino_Rossi,random_negative
Norm_Macdonald_0004.jpg,Roman_Polanski_0001.jpg,0,-0.017088,Norm_Macdonald,Roman_Polanski,random_negative
Emanuel_Ginobili_0002.jpg,Miles_Stewart_0001.jpg,0,-0.026516,Emanuel_Ginobili,Miles_Stewart,random_negative
Ed_Smart_0004.jpg,Kaoru_Hasuike_0004.jpg,0,0.040527,Ed_Smart,Kaoru_Hasuike,random_negative
Gina_Lollobrigida_0002.jpg,Jeffrey_Archer_0003.jpg,0,-0.040107,Gina_Lollobrigida,Jeffrey_Archer,random_negative
Laura_Flessel_0004.jpg,Saburo_Kawabuchi_0002.jpg,0,0.108425,Laura_Flessel,Saburo_Kawabuchi,random_negative
Aitor_Gonzalez_0002.jpg,Shawn_Bradley_0004.jpg,0,0.024753,Aitor_Gonzalez,Shawn_Bradley,random_negative
Ashanti_0004.jpg,Colin_Farrell_0003.jpg,0,0.037232,Ashanti,Colin_Farrell,random_negative
Jose_Luis_Rodriguez_Zapatero_0004.jpg,Lena_Olin_0001.jpg,0,-0.101775,Jose_Luis_Rodriguez_Zapatero,Lena_Olin,random_negative
Ali_Bin_Hussein_0002.jpg,Jack_Nicholson_0001.jpg,0,0.047879,Ali_Bin_Hussein,Jack_Nicholson,random_negative
Brendan_Hansen_0004.jpg,Saoud_Al_Faisal_0001.jpg,0,0.080125,Brendan_Hansen,Saoud_Al_Faisal,random_negative
Carl_Reiner_0002.jpg,Robinson_Stevenin_0003.jpg,0,0.109448,Carl_Reiner,Robinson_Stevenin,random_negative
Jalen_Rose_0004.jpg,James_Cameron_0002.jpg,0,-0.046185,Jalen_Rose,James_Cameron,random_negative
Rick_Santorum_0001.jpg,Robbie_Williams_0002.jpg,0,-0.048024,Rick_Santorum,Robbie_Williams,random_negative
Alain_Ducasse_0001.jpg,Doug_Duncan_0002.jpg,0,-0.006463,Alain_Ducasse,Doug_Duncan,random_negative
Chen_Liang_Yu_0001.jpg,Martha_Stewart_0004.jpg,0,0.020555,Chen_Liang_Yu,Martha_Stewart,random_negative
Jerry_Springer_0003.jpg,Tippi_Hedren_0003.jpg,0,-0.071687,Jerry_Springer,Tippi_Hedren,random_negative
Bertie_Ahern_0003.jpg,Kenny_Chesney_0004.jpg,0,0.057285,Bertie_Ahern,Kenny_Chesney,random_negative
Gina_Gershon_0003.jpg,Kaoru_Hasuike_0001.jpg,0,0.065826,Gina_Gershon,Kaoru_Hasuike,random_negative
Barbora_Strycova_0002.jpg,Zach_Parise_0002.jpg,0,-0.079059,Barbora_Strycova,Zach_Parise,random_negative
Art_Howe_0001.jpg,Susan_Collins_0004.jpg,0,0.008275,Art_Howe,Susan_Collins,random_negative
Landon_Donovan_0004.jpg,Sadie_Frost_0001.jpg,0,-0.053141,Landon_Donovan,Sadie_Frost,random_negative
Johannes_Rau_0001.jpg,Peter_Gabriel_0004.jpg,0,0.001523,Johannes_Rau,Peter_Gabriel,random_negative
Andres_DAlessandro_0004.jpg,Elton_John_0003.jpg,0,-0.012710,Andres_DAlessandro,Elton_John,random_negative
Fernando_Hierro_0003.jpg,John_Paul_DeJoria_0001.jpg,0,-0.053629,Fernando_Hierro,John_Paul_DeJoria,random_negative
Alfred_Sant_0003.jpg,Princess_Masako_0001.jpg,0,-0.001032,Alfred_Sant,Princess_Masako,random_negative
Joe_Dumars_0001.jpg,Prince_Harry_0003.jpg,0,0.095459,Joe_Dumars,Prince_Harry,random_negative
Cliff_Ellis_0002.jpg,Jay_Garner_0002.jpg,0,0.111191,Cliff_Ellis,Jay_Garner,random_negative
Henrique_Meirelles_0001.jpg,Ringo_Starr_0001.jpg,0,-0.045910,Henrique_Meirelles,Ringo_Starr,random_negative
Gary_Bergeron_0001.jpg,Sonya_Walger_0001.jpg,0,-0.054929,Gary_Bergeron,Sonya_Walger,random_negative
Brandon_Boyd_0004.jpg,Will_Young_0001.jpg,0,0.087854,Brandon_Boyd,Will_Young,random_negative
Luis_Gonzalez_0001.jpg,Sally_Kirkland_0001.jpg,0,0.117789,Luis_Gonzalez,Sally_Kirkland,random_negative
Bob_Geldof_0002.jpg,Catherine_Bell_0002.jpg,0,-0.008507,Bob_Geldof,Catherine_Bell,random_negative
Giulio_Andreotti_0001.jpg,Peter_Greenaway_0003.jpg,0,0.001690,Giulio_Andreotti,Peter_Greenaway,random_negative
Ambrose_Lee_0001.jpg,Elvis_Costello_0003.jpg,0,0.002673,Ambrose_Lee,Elvis_Costello,random_negative
Igor_Ivanov_0003.jpg,Miguel_Estrada_0004.jpg,0,0.171582,Igor_Ivanov,Miguel_Estrada,random_negative
Nanni_Moretti_0004.jpg,Neri_Marcore_0001.jpg,0,-0.020487,Nanni_Moretti,Neri_Marcore,random_negative
Miguel_Angel_Rodriguez_0001.jpg,Mike_Johanns_0003.jpg,0,-0.013081,Miguel_Angel_Rodriguez,Mike_Johanns,random_negative
Fernando_Alonso_0004.jpg,Michael_Richards_0001.jpg,0,0.003669,Fernando_Alonso,Michael_Richards,random_negative
Alfonso_Portillo_0001.jpg,Ken_Watanabe_0001.jpg,0,0.088674,Alfonso_Portillo,Ken_Watanabe,random_negative
Marty_Mornhinweg_0001.jpg,Woody_Allen_0001.jpg,0,0.064853,Marty_Mornhinweg,Woody_Allen,random_negative
Heather_Locklear_0003.jpg,Jerry_Springer_0002.jpg,0,0.010029,Heather_Locklear,Jerry_Springer,random_negative
Cecilia_Bolocco_0004.jpg,Hosni_Mubarak_0001.jpg,0,0.012406,Cecilia_Bolocco,Hosni_Mubarak,random_negative
Gong_Ruina_0001.jpg,Teresa_Worbis_0001.jpg,0,-0.031538,Gong_Ruina,Teresa_Worbis,random_negative
Juan_Carlos_Ferrero_0001.jpg,Valery_Giscard_dEstaing_0001.jpg,0,0.020137,Juan_Carlos_Ferrero,Valery_Giscard_dEstaing,random_negative
Danny_Ainge_0001.jpg,Vanessa_Incontrada_0001.jpg,0,0.052332,Danny_Ainge,Vanessa_Incontrada,random_negative
Mickey_Rooney_0004.jpg,Pascal_Quignard_0003.jpg,0,0.032508,Mickey_Rooney,Pascal_Quignard,random_negative
Carlos_Moya_0001.jpg,Mathias_Reichhold_0003.jpg,0,-0.077791,Carlos_Moya,Mathias_Reichhold,random_negative
Mike_Myers_0002.jpg,Tom_Cruise_0001.jpg,0,0.023178,Mike_Myers,Tom_Cruise,random_negative
Kristin_Davis_0001.jpg,Sean_Penn_0002.jpg,0,-0.016744,Kristin_Davis,Sean_Penn,random_negative
Kirk_Johnson_0001.jpg,Sean_Patrick_OMalley_0001.jpg,0,-0.076403,Kirk_Johnson,Sean_Patrick_OMalley,random_negative
Joseph_Kabila_0002.jpg,William_Rosenberg_0002.jpg,0,-0.003346,Joseph_Kabila,William_Rosenberg,random_negative
Dinah_Turner_0003.jpg,Hamad_Bin_Isa_al-Khalifa_0004.jpg,0,0.069084,Dinah_Turner,Hamad_Bin_Isa_al-Khalifa,random_negative
Ciro_Gomes_0004.jpg,Georgi_Parvanov_0001.jpg,0,-0.026892,Ciro_Gomes,Georgi_Parvanov,random_negative
Andre_Agassi_0004.jpg,Deepa_Mehta_0001.jpg,0,0.039810,Andre_Agassi,Deepa_Mehta,random_negative
Joaquin_Sanchez_0004.jpg,Shimon_Peres_0001.jpg,0,-0.067637,Joaquin_Sanchez,Shimon_Peres,random_negative
Alan_Mulally_0002.jpg,Stephen_Silas_0003.jpg,0,0.081336,Alan_Mulally,Stephen_Silas,random_negative
Elmar_Brok_0003.jpg,Yuvraj_Singh_0001.jpg,0,-0.063095,Elmar_Brok,Yuvraj_Singh,random_negative
George_Tenet_0001.jpg,Hans_Corell_0004.jpg,0,-0.014447,George_Tenet,Hans_Corell,random_negative
Frank_Griswold_0002.jpg,Pupi_Avati_0002.jpg,0,-0.011031,Frank_Griswold,Pupi_Avati,random_negative
Robert_Zoellick_0001.jpg,Ruth_Dreifuss_0003.jpg,0,-0.040049,Robert_Zoellick,Ruth_Dreifuss,random_negative
Bruce_Springsteen_0004.jpg,Susan_Sarandon_0001.jpg,0,-0.046524,Bruce_Springsteen,Susan_Sarandon,random_negative
Lucio_Gutierrez_0004.jpg,Marianne_Stanley_0002.jpg,0,0.010900,Lucio_Gutierrez,Marianne_Stanley,random_negative
Joe_Dumars_0004.jpg,Mstislav_Rostropovich_0004.jpg,0,-0.047957,Joe_Dumars,Mstislav_Rostropovich,random_negative
Ana_Guevara_0001.jpg,Nicolas_Massu_0001.jpg,0,-0.008575,Ana_Guevara,Nicolas_Massu,random_negative
David_Scott_Morris_0001.jpg,Piers_Sellers_0004.jpg,0,0.039911,David_Scott_Morris,Piers_Sellers,random_negative
Guy_Hemmings_0004.jpg,Pascal_Affi_Nguessan_0004.jpg,0,0.019807,Guy_Hemmings,Pascal_Affi_Nguessan,random_negative
Andy_Madikians_0002.jpg,Luke_Ridnour_0002.jpg,0,-0.009187,Andy_Madikians,Luke_Ridnour,random_negative
Harland_Braun_0002.jpg,Jerry_Falwell_0004.jpg,0,0.084781,Harland_Braun,Jerry_Falwell,random_negative
Bill_Stein_0002.jpg,Paul_Clark_0001.jpg,0,0.094658,Bill_Stein,Paul_Clark,random_negative
Byron_Scott_0003.jpg,Jade_Jagger_0004.jpg,0,-0.115497,Byron_Scott,Jade_Jagger,random_negative
Paula_Abdul_0001.jpg,Stephan_Eberharter_0001.jpg,0,0.039110,Paula_Abdul,Stephan_Eberharter,random_negative
Alan_Zemaitis_0001.jpg,Mauricio_Pochetino_0002.jpg,0,0.091765,Alan_Zemaitis,Mauricio_Pochetino,random_negative
Isabella_Rossellini_0002.jpg,Jesse_Jackson_0004.jpg,0,0.140678,Isabella_Rossellini,Jesse_Jackson,random_negative
Gwendal_Peizerat_0001.jpg,Heidi_Klum_0002.jpg,0,0.031375,Gwendal_Peizerat,Heidi_Klum,random_negative
Ricardo_Lopez_Murphy_0004.jpg,Turner_Gill_0002.jpg,0,-0.069242,Ricardo_Lopez_Murphy,Turner_Gill,random_negative
John_Negroponte_0002.jpg,Marie-Josee_Croze_0002.jpg,0,-0.006599,John_Negroponte,Marie-Josee_Croze,random_negative
Bilal_Erdogan_0002.jpg,Gerald_Ford_0002.jpg,0,-0.029963,Bilal_Erdogan,Gerald_Ford,random_negative
Asa_Hutchinson_0001.jpg,Gabrielle_Rose_0002.jpg,0,-0.054689,Asa_Hutchinson,Gabrielle_Rose,random_negative
Charlotte_Church_0001.jpg,Luke_Walton_0002.jpg,0,0.018411,Charlotte_Church,Luke_Walton,random_negative
Gerry_Adams_0003.jpg,Valentino_Rossi_0001.jpg,0,0.071531,Gerry_Adams,Valentino_Rossi,random_negative
Drew_Gooden_0001.jpg,Elsa_Zylberstein_0002.jpg,0,0.003166,Drew_Gooden,Elsa_Zylberstein,random_negative
Larry_Tanenbaum_0001.jpg,Tony_Shalhoub_0004.jpg,0,0.054880,Larry_Tanenbaum,Tony_Shalhoub,random_negative
Gloria_Allred_0002.jpg,Kurt_Schottenheimer_0001.jpg,0,-0.059047,Gloria_Allred,Kurt_Schottenheimer,random_negative
Renee_Zellweger_0001.jpg,Robert_Durst_0004.jpg,0,-0.005435,Renee_Zellweger,Robert_Durst,random_negative
Andy_Garcia_0001.jpg,Jiang_Zemin_0001.jpg,0,-0.013462,Andy_Garcia,Jiang_Zemin,random_negative
Matthew_McConaughey_0001.jpg,Oscar_De_La_Hoya_0003.jpg,0,0.042811,Matthew_McConaughey,Oscar_De_La_Hoya,random_negative
Barry_Switzer_0003.jpg,Faye_Dunaway_0003.jpg,0,-0.002592,Barry_Switzer,Faye_Dunaway,random_negative
Oxana_Fedorova_0001.jpg,Terri_Clark_0001.jpg,0,-0.029611,Oxana_Fedorova,Terri_Clark,random_negative
Sananda_Maitreya_0001.jpg,Warren_Buffett_0004.jpg,0,0.020117,Sananda_Maitreya,Warren_Buffett,random_negative
Betty_Williams_0001.jpg,Rosie_Perez_0002.jpg,0,-0.030415,Betty_Williams,Rosie_Perez,random_negative
Brad_Wilk_0003.jpg,Hank_Aaron_0001.jpg,0,0.010917,Brad_Wilk,Hank_Aaron,random_negative
Mark_Polansky_0003.jpg,Russell_Simmons_0001.jpg,0,0.094750,Mark_Polansky,Russell_Simmons,random_negative
Martin_McGuinness_0001.jpg,Samira_Makhmalbaf_0001.jpg,0,0.057551,Martin_McGuinness,Samira_Makhmalbaf,random_negative
Ann_Veneman_0001.jpg,Stephanie_Zimbalist_0001.jpg,0,-0.080881,Ann_Veneman,Stephanie_Zimbalist,random_negative
Eduardo_Duhalde_0002.jpg,Gerard_de_Cortanze_0003.jpg,0,0.013816,Eduardo_Duhalde,Gerard_de_Cortanze,random_negative
Billy_Gilman_0004.jpg,Iveta_Benesova_0001.jpg,0,0.025137,Billy_Gilman,Iveta_Benesova,random_negative
Darren_Clarke_0001.jpg,Paul_Kagame_0002.jpg,0,0.012504,Darren_Clarke,Paul_Kagame,random_negative
Bernard_Giraudeau_0003.jpg,Luc_Montagnier_0001.jpg,0,0.052588,Bernard_Giraudeau,Luc_Montagnier,random_negative
Bill_Herrion_0001.jpg,Saeed_Mortazavi_0001.jpg,0,0.042244,Bill_Herrion,Saeed_Mortazavi,random_negative
Cherie_Blair_0001.jpg,Dawn_Staley_0004.jpg,0,-0.039023,Cherie_Blair,Dawn_Staley,random_negative
Eric_Hinske_0002.jpg,Jim_Tressel_0004.jpg,0,0.073789,Eric_Hinske,Jim_Tressel,random_negative
Ambrose_Lee_0004.jpg,Sheila_Taormina_0003.jpg,0,0.010552,Ambrose_Lee,Sheila_Taormina,random_negative
Debra_Yang_0004.jpg,Kristin_Scott_0002.jpg,0,0.030290,Debra_Yang,Kristin_Scott,random_negative
Candie_Kung_0002.jpg,Jean-Marc_de_La_Sabliere_0003.jpg,0,-0.002031,Candie_Kung,Jean-Marc_de_La_Sabliere,random_negative
Nikki_Cascone_0001.jpg,Peter_Ueberroth_0002.jpg,0,-0.035274,Nikki_Cascone,Peter_Ueberroth,random_negative
John_Cusack_0004.jpg,Jorge_Arce_0001.jpg,0,-0.035809,John_Cusack,Jorge_Arce,random_negative
Bertie_Ahern_0001.jpg,Garry_Kasparov_0002.jpg,0,0.143347,Bertie_Ahern,Garry_Kasparov,random_negative
Arnaud_Clement_0003.jpg,Elton_John_0003.jpg,0,-0.006974,Arnaud_Clement,Elton_John,random_negative
Corinne_Coman_0004.jpg,Momir_Nikolic_0002.jpg,0,-0.107195,Corinne_Coman,Momir_Nikolic,random_negative
Frank_Stallone_0001.jpg,Rafael_Vinoly_0002.jpg,0,-0.049317,Frank_Stallone,Rafael_Vinoly,random_negative
Dominique_de_Villepin_0001.jpg,Richard_Jewell_0001.jpg,0,0.006222,Dominique_de_Villepin,Richard_Jewell,random_negative
Bob_Geldof_0002.jpg,Larry_Coker_0001.jpg,0,0.138154,Bob_Geldof,Larry_Coker,random_negative
Jack_Welch_0004.jpg,Kathryn_Morris_0004.jpg,0,0.096761,Jack_Welch,Kathryn_Morris,random_negative
Bruce_Paltrow_0003.jpg,John_Timoney_0004.jpg,0,-0.040228,Bruce_Paltrow,John_Timoney,random_negative
Sylvie_Guillem_0003.jpg,Xanana_Gusmao_0004.jpg,0,-0.017947,Sylvie_Guillem,Xanana_Gusmao,random_negative
Lennox_Lewis_0004.jpg,Tessa_Jowell_0001.jpg,0,0.078807,Lennox_Lewis,Tessa_Jowell,random_negative
Brooke_Gordon_0001.jpg,Mathias_Reichhold_0002.jpg,0,-0.035623,Brooke_Gordon,Mathias_Reichhold,random_negative
Alejandro_Lerner_0001.jpg,Rio_Ferdinand_0002.jpg,0,-0.009874,Alejandro_Lerner,Rio_Ferdinand,random_negative
Ethan_Hawke_0004.jpg,Jamie_King_0001.jpg,0,0.037072,Ethan_Hawke,Jamie_King,random_negative
Brian_Schneider_0003.jpg,Edward_Norton_0004.jpg,0,0.081414,Brian_Schneider,Edward_Norton,random_negative
Faisal_Saleh_Hayat_0001.jpg,Miguel_Angel_Rodriguez_0001.jpg,0,-0.085191,Faisal_Saleh_Hayat,Miguel_Angel_Rodriguez,random_negative
Brad_Miller_0001.jpg,Peter_Care_0001.jpg,0,-0.009175,Brad_Miller,Peter_Care,random_negative
Cari_Davis_0001.jpg,Charles_Schumer_0003.jpg,0,0.168278,Cari_Davis,Charles_Schumer,random_negative
Elton_John_0002.jpg,Hanns_Schumacher_0001.jpg,0,0.071191,Elton_John,Hanns_Schumacher,random_negative
Charla_Moye_0002.jpg,Nabil_Shaath_0002.jpg,0,-0.045066,Charla_Moye,Nabil_Shaath,random_negative
Lori_Berenson_0002.jpg,Louisa_Baileche_0004.jpg,0,0.010749,Lori_Berenson,Louisa_Baileche,random_negative
Paul_Pierce_0001.jpg,Shawn_Marion_0001.jpg,0,-0.055041,Paul_Pierce,Shawn_Marion,random_negative
Frank_Schmoekel_0003.jpg,Heather_Willson_0003.jpg,0,-0.048816,Frank_Schmoekel,Heather_Willson,random_negative
Begum_Khaleda_Zia_0004.jpg,Lauren_Hutton_0003.jpg,0,0.092050,Begum_Khaleda_Zia,Lauren_Hutton,random_negative
Jan-Michael_Gambill_0003.jpg,Troy_Aikman_0001.jpg,0,0.059375,Jan-Michael_Gambill,Troy_Aikman,random_negative
Adam_Kennedy_0001.jpg,Carlos_Quintanilla_Schmidt_0001.jpg,0,-0.016449,Adam_Kennedy,Carlos_Quintanilla_Schmidt,random_negative
Laurie_Laychak_0002.jpg,Marion_Fahnestock_0001.jpg,0,0.131143,Laurie_Laychak,Marion_Fahnestock,random_negative
Andy_Garcia_0004.jpg,Jaime_Pressly_0003.jpg,0,0.078701,Andy_Garcia,Jaime_Pressly,random_negative
Eric_Fehr_0003.jpg,Martin_ONeill_0002.jpg,0,-0.031038,Eric_Fehr,Martin_ONeill,random_negative
Allen_Iverson_0003.jpg,Erik_Morales_0002.jpg,0,-0.070856,Allen_Iverson,Erik_Morales,random_negative
Jeremy_Shockey_0001.jpg,John_Edwards_0001.jpg,0,-0.081273,Jeremy_Shockey,John_Edwards,random_negative
Darren_Clarke_0001.jpg,Eric_Hinske_0004.jpg,0,-0.058870,Darren_Clarke,Eric_Hinske,random_negative
Demi_Moore_0004.jpg,Sylvester_Stallone_0001.jpg,0,0.125076,Demi_Moore,Sylvester_Stallone,random_negative
Alfred_Sant_0001.jpg,Melissa_Stark_0003.jpg,0,-0.023389,Alfred_Sant,Melissa_Stark,random_negative
Amanda_Beard_0002.jpg,Aung_San_Suu_Kyi_0001.jpg,0,0.035877,Amanda_Beard,Aung_San_Suu_Kyi,random_negative
David_Stern_0002.jpg,Michelle_Yeoh_0001.jpg,0,-0.050701,David_Stern,Michelle_Yeoh,random_negative
Anzori_Kikalishvili_0001.jpg,Brent_Coles_0001.jpg,0,0.078830,Anzori_Kikalishvili,Brent_Coles,random_negative
Justin_Timberlake_0001.jpg,Wolfgang_Schneiderhan_0002.jpg,0,0.060422,Justin_Timberlake,Wolfgang_Schneiderhan,random_negative
Michael_Haneke_0004.jpg,Richard_Virenque_0003.jpg,0,-0.044545,Michael_Haneke,Richard_Virenque,random_negative
Sam_Mendes_0001.jpg,Tim_Robbins_0004.jpg,0,-0.000295,Sam_Mendes,Tim_Robbins,random_negative
Jean_Charest_0002.jpg,Valentino_Rossi_0001.jpg,0,-0.006683,Jean_Charest,Valentino_Rossi,random_negative
Paul_Burrell_0002.jpg,Thaksin_Shinawatra_0001.jpg,0,0.034170,Paul_Burrell,Thaksin_Shinawatra,random_negative
Ben_Howland_0004.jpg,Bison_Dele_0001.jpg,0,0.020959,Ben_Howland,Bison_Dele,random_negative
Monica_Serra_0001.jpg,Pascal_Lamy_0001.jpg,0,-0.013657,Monica_Serra,Pascal_Lamy,random_negative
Grady_Little_0001.jpg,Joe_Lieberman_0003.jpg,0,0.009169,Grady_Little,Joe_Lieberman,random_negative
Arnaud_Lagardere_0001.jpg,Michael_Keaton_0001.jpg,0,0.101397,Arnaud_Lagardere,Michael_Keaton,random_negative
Gene_Keady_0003.jpg,Jerry_Tarkanian_0001.jpg,0,-0.012959,Gene_Keady,Jerry_Tarkanian,random_negative
Ann_Veneman_0003.jpg,Tsutomu_Takebe_0002.jpg,0,0.110003,Ann_Veneman,Tsutomu_Takebe,random_negative
Kelly_Clarkson_0001.jpg,Kirk_Johnson_0001.jpg,0,0.000306,Kelly_Clarkson,Kirk_Johnson,random_negative
Hisao_Oguchi_0002.jpg,Maria_Luisa_Mendonca_0002.jpg,0,0.077592,Hisao_Oguchi,Maria_Luisa_Mendonca,random_negative
Chip_Knight_0001.jpg,Zydrunas_Ilgauskas_0004.jpg,0,0.146255,Chip_Knight,Zydrunas_Ilgauskas,random_negative
Billy_Sollie_0001.jpg,Chandrika_Kumaratunga_0002.jpg,0,0.088172,Billy_Sollie,Chandrika_Kumaratunga,random_negative
Cesar_Maia_0002.jpg,Graeme_Lloyd_0003.jpg,0,-0.103085,Cesar_Maia,Graeme_Lloyd,random_negative
Bing_Crosby_0001.jpg,Ted_Washington_0001.jpg,0,-0.058453,Bing_Crosby,Ted_Washington,random_negative
Brooke_Adams_0002.jpg,Liliana_Cavani_0001.jpg,0,-0.072529,Brooke_Adams,Liliana_Cavani,random_negative
Benjamin_Martinez_0002.jpg,Laura_Morante_0004.jpg,0,-0.005602,Benjamin_Martinez,Laura_Morante,random_negative
Dan_Wheldon_0001.jpg,Sarah_Michelle_Gellar_0001.jpg,0,0.054295,Dan_Wheldon,Sarah_Michelle_Gellar,random_negative
Harrison_Ford_0001.jpg,Jerry_Seinfeld_0002.jpg,0,-0.008796,Harrison_Ford,Jerry_Seinfeld,random_negative
David_Blaine_0004.jpg,Lois_Smart_0003.jpg,0,-0.046604,David_Blaine,Lois_Smart,random_negative
Ally_Sheedy_0001.jpg,Celine_Dion_0001.jpg,0,-0.070239,Ally_Sheedy,Celine_Dion,random_negative
Brian_Olson_0001.jpg,Michael_Boyce_0001.jpg,0,0.018154,Brian_Olson,Michael_Boyce,random_negative
Paula_Abdul_0002.jpg,Sean_Penn_0003.jpg,0,0.131038,Paula_Abdul,Sean_Penn,random_negative
Brian_Olson_0001.jpg,Silvio_Berlusconi_0001.jpg,0,-0.001501,Brian_Olson,Silvio_Berlusconi,random_negative
Jean_Charest_0002.jpg,Marco_Pantani_0001.jpg,0,-0.029719,Jean_Charest,Marco_Pantani,random_negative
Hannah_Stockbauer_0002.jpg,John_Rowland_0004.jpg,0,-0.006480,Hannah_Stockbauer,John_Rowland,random_negative
Edie_Falco_0004.jpg,John_Travolta_0001.jpg,0,-0.043644,Edie_Falco,John_Travolta,random_negative
Arye_Mekel_0001.jpg,Joaquin_Sanchez_0001.jpg,0,-0.058151,Arye_Mekel,Joaquin_Sanchez,random_negative
Atsushi_Sato_0002.jpg,Sabah_Al-Ahmad_Al-Jaber_Al-Sabah_0001.jpg,0,-0.200070,Atsushi_Sato,Sabah_Al-Ahmad_Al-Jaber_Al-Sabah,random_negative
Chloe_Sevigny_0001.jpg,Janet_Thorpe_0002.jpg,0,0.004608,Chloe_Sevigny,Janet_Thorpe,random_negative
Dave_Matthews_0004.jpg,Saeed_Anwar_0004.jpg,0,0.023603,Dave_Matthews,Saeed_Anwar,random_negative
Mark_Cuban_0001.jpg,Phoenix_Chang_0002.jpg,0,-0.050618,Mark_Cuban,Phoenix_Chang,random_negative
David_Spade_0004.jpg,Julio_Cesar_Chavez_0002.jpg,0,-0.022545,David_Spade,Julio_Cesar_Chavez,random_negative
Bill_Parcells_0001.jpg,Qais_al-Kazali_0002.jpg,0,0.046119,Bill_Parcells,Qais_al-Kazali,random_negative
Jerry_Lewis_0001.jpg,Uday_Hussein_0004.jpg,0,-0.079415,Jerry_Lewis,Uday_Hussein,random_negative
Diego_Diego_Lerman_0001.jpg,Giuseppe_Morchio_0001.jpg,0,0.094747,Diego_Diego_Lerman,Giuseppe_Morchio,random_negative
Joe_Calzaghe_0001.jpg,Michael_Jackson_0004.jpg,0,0.118591,Joe_Calzaghe,Michael_Jackson,random_negative
Erin_Hershey_Presley_0001.jpg,Sigourney_Weaver_0004.jpg,0,-0.069877,Erin_Hershey_Presley,Sigourney_Weaver,random_negative
Christian_Lacroix_0002.jpg,Radovan_Karadzic_0001.jpg,0,-0.040946,Christian_Lacroix,Radovan_Karadzic,random_negative
Chuck_Yeager_0001.jpg,Pedro_Malan_0001.jpg,0,0.091390,Chuck_Yeager,Pedro_Malan,random_negative
Jeffrey_Immelt_0003.jpg,Lucio_Gutierrez_0001.jpg,0,0.020062,Jeffrey_Immelt,Lucio_Gutierrez,random_negative
Aleksander_Kwasniewski_0002.jpg,Craig_David_0004.jpg,0,-0.017978,Aleksander_Kwasniewski,Craig_David,random_negative
Frederique_van_der_Wal_0002.jpg,Marwan_Barghouthi_0001.jpg,0,-0.024030,Frederique_van_der_Wal,Marwan_Barghouthi,random_negative
Kurt_Warner_0001.jpg,Tom_Cruise_0004.jpg,0,0.118211,Kurt_Warner,Tom_Cruise,random_negative
Gil_de_Ferran_0001.jpg,Zafarullah_Khan_Jamali_0002.jpg,0,-0.034782,Gil_de_Ferran,Zafarullah_Khan_Jamali,random_negative
Ciro_Gomes_0004.jpg,Marion_Barry_0002.jpg,0,-0.007767,Ciro_Gomes,Marion_Barry,random_negative
Gianna_Angelopoulos-Daskalaki_0002.jpg,Tom_McClintock_0002.jpg,0,-0.020564,Gianna_Angelopoulos-Daskalaki,Tom_McClintock,random_negative
Muhammad_Saeed_al-Sahhaf_0004.jpg,Richard_Greenberg_0004.jpg,0,0.030104,Muhammad_Saeed_al-Sahhaf,Richard_Greenberg,random_negative
Miguel_Rosseto_0002.jpg,Peter_Caruana_0001.jpg,0,0.162449,Miguel_Rosseto,Peter_Caruana,random_negative
Ana_Guevara_0001.jpg,Stacey_Jones_0002.jpg,0,0.005918,Ana_Guevara,Stacey_Jones,random_negative
Felix_Sanchez_0001.jpg,Kent_McCord_0004.jpg,0,-0.101716,Felix_Sanchez,Kent_McCord,random_negative
Bob_Hartley_0001.jpg,George_Lopez_0004.jpg,0,0.007806,Bob_Hartley,George_Lopez,random_negative
Evgeni_Plushenko_0004.jpg,Susan_Collins_0001.jpg,0,0.007373,Evgeni_Plushenko,Susan_Collins,random_negative
Aung_San_Suu_Kyi_0001.jpg,Barry_Diller_0002.jpg,0,0.009510,Aung_San_Suu_Kyi,Barry_Diller,random_negative
David_Heymann_0001.jpg,Kristanna_Loken_0004.jpg,0,0.024735,David_Heymann,Kristanna_Loken,random_negative
Laura_Morante_0001.jpg,Lionel_Hampton_0002.jpg,0,0.045084,Laura_Morante,Lionel_Hampton,random_negative
John_Allen_Muhammad_0001.jpg,Linus_Roache_0001.jpg,0,-0.039309,John_Allen_Muhammad,Linus_Roache,random_negative
Dean_Barker_0001.jpg,Patty_Sheehan_0001.jpg,0,-0.057164,Dean_Barker,Patty_Sheehan,random_negative
Jorge_Arce_0001.jpg,Makiko_Tanaka_0002.jpg,0,0.012441,Jorge_Arce,Makiko_Tanaka,random_negative
Roger_Machado_0001.jpg,Stephane_Rousseau_0003.jpg,0,0.037692,Roger_Machado,Stephane_Rousseau,random_negative
Bernard_Landry_0001.jpg,Guangdong_Ou_Guangyuan_0001.jpg,0,-0.030930,Bernard_Landry,Guangdong_Ou_Guangyuan,random_negative
Ahmed_Qureia_0001.jpg,Fernando_Alonso_0002.jpg,0,-0.082958,Ahmed_Qureia,Fernando_Alonso,random_negative
Ilan_Goldfajn_0001.jpg,Paula_Abdul_0002.jpg,0,-0.024970,Ilan_Goldfajn,Paula_Abdul,random_negative
Alan_Greenspan_0004.jpg,Debra_Messing_0004.jpg,0,0.016527,Alan_Greenspan,Debra_Messing,random_negative
Nikki_Cascone_0001.jpg,Patricia_Phillips_0001.jpg,0,0.101260,Nikki_Cascone,Patricia_Phillips,random_negative
Lance_Armstrong_0003.jpg,Svetlana_Koroleva_0004.jpg,0,-0.013967,Lance_Armstrong,Svetlana_Koroleva,random_negative
Jack_Nicholson_0001.jpg,Saburo_Kawabuchi_0002.jpg,0,0.070248,Jack_Nicholson,Saburo_Kawabuchi,random_negative
Bob_Huggins_0003.jpg,Federico_Trillo_0002.jpg,0,-0.084807,Bob_Huggins,Federico_Trillo,random_negative
Carlos_Moya_0002.jpg,Richard_Pennington_0001.jpg,0,-0.070489,Carlos_Moya,Richard_Pennington,random_negative
Edwina_Currie_0001.jpg,Jeremy_Wotherspoon_0001.jpg,0,0.002225,Edwina_Currie,Jeremy_Wotherspoon,random_negative
Amanda_Beard_0002.jpg,Li_Zhaoxing_0004.jpg,0,-0.066291,Amanda_Beard,Li_Zhaoxing,random_negative
Arnold_Schwarzenegger_0002.jpg,Hugh_Hefner_0001.jpg,0,0.082028,Arnold_Schwarzenegger,Hugh_Hefner,random_negative
Denzel_Washington_0002.jpg,Jose_Miguel_Aleman_0002.jpg,0,0.110067,Denzel_Washington,Jose_Miguel_Aleman,random_negative
Edward_Said_0003.jpg,Mel_Karmazin_0001.jpg,0,-0.022871,Edward_Said,Mel_Karmazin,random_negative
John_Abizaid_0001.jpg,Tim_Duncan_0001.jpg,0,-0.015657,John_Abizaid,Tim_Duncan,random_negative
Julianne_Moore_0004.jpg,Martin_ONeill_0002.jpg,0,-0.071834,Julianne_Moore,Martin_ONeill,random_negative
Mario_Lobo_Zagallo_0002.jpg,Michael_Leavitt_0004.jpg,0,0.022620,Mario_Lobo_Zagallo,Michael_Leavitt,random_negative
Anzori_Kikalishvili_0001.jpg,Liza_Minnelli_0001.jpg,0,0.040276,Anzori_Kikalishvili,Liza_Minnelli,random_negative
Razali_Ismail_0004.jpg,Sigourney_Weaver_0002.jpg,0,-0.037846,Razali_Ismail,Sigourney_Weaver,random_negative
John_Walsh_0001.jpg,Yannos_Papantoniou_0001.jpg,0,0.029620,John_Walsh,Yannos_Papantoniou,random_negative
James_Gibson_0004.jpg,Joey_Mantia_0003.jpg,0,0.006304,James_Gibson,Joey_Mantia,random_negative
Gregorio_Honasan_0002.jpg,Holly_Hunter_0002.jpg,0,0.055562,Gregorio_Honasan,Holly_Hunter,random_negative
Catherine_Donkers_0001.jpg,Kristanna_Loken_0002.jpg,0,0.035185,Catherine_Donkers,Kristanna_Loken,random_negative
Kenneth_Cooper_0001.jpg,Tian_Zhuang_Zhuang_0001.jpg,0,-0.094420,Kenneth_Cooper,Tian_Zhuang_Zhuang,random_negative
Boris_Yeltsin_0003.jpg,Claudio_Lopez_0002.jpg,0,0.062510,Boris_Yeltsin,Claudio_Lopez,random_negative
Gordana_Grubin_0001.jpg,Yekaterina_Guseva_0002.jpg,0,0.103043,Gordana_Grubin,Yekaterina_Guseva,random_negative
Marco_Antonio_Barrera_0002.jpg,Mauricio_Pochetino_0002.jpg,0,-0.001884,Marco_Antonio_Barrera,Mauricio_Pochetino,random_negative
Dianne_Feinstein_0001.jpg,Tom_Sizemore_0001.jpg,0,-0.083471,Dianne_Feinstein,Tom_Sizemore,random_negative
Juan_Antonio_Samaranch_0004.jpg,Oliver_Neuville_0004.jpg,0,-0.008733,Juan_Antonio_Samaranch,Oliver_Neuville,random_negative
Gregorio_Rosal_0001.jpg,Marie-Josee_Croze_0004.jpg,0,-0.041988,Gregorio_Rosal,Marie-Josee_Croze,random_negative
Brian_Mulroney_0003.jpg,Raja_Zafar-ul-Haq_0002.jpg,0,0.046526,Brian_Mulroney,Raja_Zafar-ul-Haq,random_negative
Franz_Muentefering_0003.jpg,Michelle_Kwan_0004.jpg,0,-0.005545,Franz_Muentefering,Michelle_Kwan,random_negative
Allyson_Felix_0002.jpg,Nathalie_Baye_0004.jpg,0,0.008879,Allyson_Felix,Nathalie_Baye,random_negative
Geoff_Dixon_0001.jpg,Jeffrey_Archer_0003.jpg,0,0.170767,Geoff_Dixon,Jeffrey_Archer,random_negative
Christian_Lacroix_0001.jpg,Mary_Bono_0001.jpg,0,-0.013390,Christian_Lacroix,Mary_Bono,random_negative
Mark_Swartz_0002.jpg,Mike_Scioscia_0001.jpg,0,0.011267,Mark_Swartz,Mike_Scioscia,random_negative
Barry_Collier_0002.jpg,Javier_Solana_0003.jpg,0,-0.105346,Barry_Collier,Javier_Solana,random_negative
Jayson_Williams_0001.jpg,Jose_Manuel_Durao_Barroso_0001.jpg,0,0.048819,Jayson_Williams,Jose_Manuel_Durao_Barroso,random_negative
Alan_Mulally_0001.jpg,Rolandas_Paksas_0002.jpg,0,0.059487,Alan_Mulally,Rolandas_Paksas,random_negative
Helo_Pinheiro_0002.jpg,Linus_Roache_0001.jpg,0,0.018333,Helo_Pinheiro,Linus_Roache,random_negative
Cynthia_Rowley_0001.jpg,Fatmir_Limaj_0003.jpg,0,-0.044277,Cynthia_Rowley,Fatmir_Limaj,random_negative
Julien_Boutter_0002.jpg,Steve_Austin_0001.jpg,0,-0.051709,Julien_Boutter,Steve_Austin,random_negative
Gloria_Allred_0004.jpg,Rod_Stewart_0001.jpg,0,-0.008095,Gloria_Allred,Rod_Stewart,random_negative
Elizabeth_Smart_0004.jpg,Teresa_Graves_0002.jpg,0,-0.004718,Elizabeth_Smart,Teresa_Graves,random_negative
Gillian_Anderson_0002.jpg,Harry_Kalas_0001.jpg,0,-0.029885,Gillian_Anderson,Harry_Kalas,random_negative
Lyle_Vanclief_0002.jpg,Mike_Martz_0001.jpg,0,0.074503,Lyle_Vanclief,Mike_Martz,random_negative
Camille_Colvin_0001.jpg,Gus_Frerotte_0002.jpg,0,-0.016095,Camille_Colvin,Gus_Frerotte,random_negative
Emanuel_Ginobili_0001.jpg,Walter_Mondale_0003.jpg,0,0.012618,Emanuel_Ginobili,Walter_Mondale,random_negative
Miyako_Miyazaki_0002.jpg,Reese_Witherspoon_0004.jpg,0,-0.048431,Miyako_Miyazaki,Reese_Witherspoon,random_negative
Carly_Fiorina_0003.jpg,John_Scarlett_0002.jpg,0,0.063147,Carly_Fiorina,John_Scarlett,random_negative
Hans_Corell_0004.jpg,Hans_Eichel_0001.jpg,0,-0.020743,Hans_Corell,Hans_Eichel,random_negative
Debbie_Reynolds_0001.jpg,Edward_Albee_0002.jpg,0,0.012441,Debbie_Reynolds,Edward_Albee,random_negative
Enos_Slaughter_0001.jpg,Ross_Verba_0001.jpg,0,-0.010711,Enos_Slaughter,Ross_Verba,random_negative
Fidel_Castro_0002.jpg,Jeffrey_Archer_0002.jpg,0,0.023033,Fidel_Castro,Jeffrey_Archer,random_negative
Jose_Luis_Rodriguez_Zapatero_0004.jpg,Kimi_Raikkonen_0002.jpg,0,-0.081334,Jose_Luis_Rodriguez_Zapatero,Kimi_Raikkonen,random_negative
George_Allen_0001.jpg,Guillermo_Coria_0004.jpg,0,0.025889,George_Allen,Guillermo_Coria,random_negative
Fernando_Gonzalez_0004.jpg,Princess_Masako_0001.jpg,0,-0.029208,Fernando_Gonzalez,Princess_Masako,random_negative
Gillian_Anderson_0004.jpg,Rick_Wagoner_0002.jpg,0,-0.022622,Gillian_Anderson,Rick_Wagoner,random_negative
Lana_Clarkson_0002.jpg,Zeljko_Rebraca_0001.jpg,0,0.059739,Lana_Clarkson,Zeljko_Rebraca,random_negative
Ben_Affleck_0003.jpg,Fayssal_Mekdad_0001.jpg,0,0.013126,Ben_Affleck,Fayssal_Mekdad,random_negative
George_Maxwell_Richards_0004.jpg,Yang_Jianli_0002.jpg,0,0.056430,George_Maxwell_Richards,Yang_Jianli,random_negative
Harrison_Ford_0004.jpg,Joey_Mantia_0001.jpg,0,0.002112,Harrison_Ford,Joey_Mantia,random_negative
Abdel_Aziz_Al-Hakim_0001.jpg,Dan_Wheldon_0004.jpg,0,-0.008981,Abdel_Aziz_Al-Hakim,Dan_Wheldon,random_negative
Jean_Chretien_0002.jpg,Marion_Barry_0001.jpg,0,0.032590,Jean_Chretien,Marion_Barry,random_negative
Lara_Logan_0001.jpg,William_Hurt_0001.jpg,0,0.012049,Lara_Logan,William_Hurt,random_negative
Emma_Thompson_0001.jpg,Recep_Tayyip_Erdogan_0004.jpg,0,-0.096337,Emma_Thompson,Recep_Tayyip_Erdogan,random_negative
Steve_Park_0002.jpg,Tony_Fernandes_0004.jpg,0,-0.001920,Steve_Park,Tony_Fernandes,random_negative
Yoriko_Kawaguchi_0002.jpg,Zafarullah_Khan_Jamali_0002.jpg,0,0.049594,Yoriko_Kawaguchi,Zafarullah_Khan_Jamali,random_negative
Brad_Miller_0002.jpg,Lara_Logan_0001.jpg,0,-0.039356,Brad_Miller,Lara_Logan,random_negative
Dionne_Warwick_0001.jpg,German_Khan_0004.jpg,0,0.004516,Dionne_Warwick,German_Khan,random_negative
Alec_Baldwin_0002.jpg,Britney_Spears_0003.jpg,0,-0.035925,Alec_Baldwin,Britney_Spears,random_negative
Kaoru_Hasuike_0004.jpg,Marcelo_Salas_0002.jpg,0,-0.107221,Kaoru_Hasuike,Marcelo_Salas,random_negative
Courtney_Love_0001.jpg,Vecdi_Gonul_0004.jpg,0,-0.030487,Courtney_Love,Vecdi_Gonul,random_negative
Mahmoud_Abbas_0003.jpg,Makhdoom_Amin_Fahim_0002.jpg,0,0.028368,Mahmoud_Abbas,Makhdoom_Amin_Fahim,random_negative
Ernie_Fletcher_0003.jpg,Marc_Bulger_0001.jpg,0,0.016274,Ernie_Fletcher,Marc_Bulger,random_negative
Melissa_Joan_Hart_0002.jpg,Recep_Tayyip_Erdogan_0004.jpg,0,0.000945,Melissa_Joan_Hart,Recep_Tayyip_Erdogan,random_negative
Brooke_Adams_0003.jpg,Julien_Boutter_0002.jpg,0,-0.001770,Brooke_Adams,Julien_Boutter,random_negative
Donna_Shalala_0003.jpg,John_Kerry_0002.jpg,0,0.032927,Donna_Shalala,John_Kerry,random_negative
Haydar_Aliyev_0001.jpg,Idi_Amin_0003.jpg,0,-0.023884,Haydar_Aliyev,Idi_Amin,random_negative
Jackie_Sherrill_0001.jpg,William_Rosenberg_0001.jpg,0,0.002707,Jackie_Sherrill,William_Rosenberg,random_negative
Corinna_Harfouch_0001.jpg,Pablo_Latras_0001.jpg,0,-0.000302,Corinna_Harfouch,Pablo_Latras,random_negative
Lawrence_MacAulay_0002.jpg,Ricky_Barnes_0002.jpg,0,0.038656,Lawrence_MacAulay,Ricky_Barnes,random_negative
Ismail_Cem_0001.jpg,Leszek_Miller_0001.jpg,0,-0.011928,Ismail_Cem,Leszek_Miller,random_negative
Ana_Palacio_0004.jpg,Bill_Richardson_0004.jpg,0,0.032755,Ana_Palacio,Bill_Richardson,random_negative
Laura_Linney_0001.jpg,Liv_Tyler_0002.jpg,0,0.079279,Laura_Linney,Liv_Tyler,random_negative
Paige_Fitzgerald_0001.jpg,Ratna_Sari_Dewi_Sukarno_0001.jpg,0,0.064050,Paige_Fitzgerald,Ratna_Sari_Dewi_Sukarno,random_negative
Ben_Wallace_0003.jpg,Fabiola_Zuluaga_0002.jpg,0,-0.029576,Ben_Wallace,Fabiola_Zuluaga,random_negative
Hillary_Clinton_0001.jpg,Marat_Safin_0002.jpg,0,0.004996,Hillary_Clinton,Marat_Safin,random_negative
Jeffrey_Archer_0001.jpg,Peter_Hillary_0004.jpg,0,-0.061965,Jeffrey_Archer,Peter_Hillary,random_negative
Patrick_Roy_0002.jpg,Sigourney_Weaver_0002.jpg,0,-0.062966,Patrick_Roy,Sigourney_Weaver,random_negative
Gustavo_Cisneros_0001.jpg,Jose_Luis_Santiago_Vasconcelos_0002.jpg,0,0.104284,Gustavo_Cisneros,Jose_Luis_Santiago_Vasconcelos,random_negative
Antonio_Banderas_0003.jpg,Evelyn_Lauder_0003.jpg,0,-0.056723,Antonio_Banderas,Evelyn_Lauder,random_negative
Nancy_Reagan_0001.jpg,Stanley_Tong_0001.jpg,0,-0.010028,Nancy_Reagan,Stanley_Tong,random_negative
Doug_Collins_0004.jpg,Sean_Penn_0002.jpg,0,-0.035869,Doug_Collins,Sean_Penn,random_negative
Ed_Smart_0001.jpg,Sheryl_Crow_0004.jpg,0,-0.017776,Ed_Smart,Sheryl_Crow,random_negative
Helo_Pinheiro_0002.jpg,James_Wattana_0003.jpg,0,-0.078689,Helo_Pinheiro,James_Wattana,random_negative
Mahathir_Mohamad_0001.jpg,Tim_Conway_0002.jpg,0,0.023500,Mahathir_Mohamad,Tim_Conway,random_negative
John_Abizaid_0004.jpg,Pauline_Landers_0004.jpg,0,0.097624,John_Abizaid,Pauline_Landers,random_negative
John_Hartson_0003.jpg,Liza_Minnelli_0003.jpg,0,-0.014484,John_Hartson,Liza_Minnelli,random_negative
Koichi_Tanaka_0001.jpg,Peri_Gilpin_0003.jpg,0,-0.029496,Koichi_Tanaka,Peri_Gilpin,random_negative
Alexandre_Herchcovitch_0001.jpg,Gloria_Trevi_0001.jpg,0,-0.060637,Alexandre_Herchcovitch,Gloria_Trevi,random_negative
Ratna_Sari_Dewi_Sukarno_0004.jpg,Tommy_Franks_0001.jpg,0,0.008240,Ratna_Sari_Dewi_Sukarno,Tommy_Franks,random_negative
George_McCloud_0001.jpg,Sigourney_Weaver_0004.jpg,0,0.054136,George_McCloud,Sigourney_Weaver,random_negative
Martin_Luther_King_III_0001.jpg,Pascal_Affi_Nguessan_0003.jpg,0,-0.055250,Martin_Luther_King_III,Pascal_Affi_Nguessan,random_negative
Demi_Moore_0004.jpg,Lydia_Shum_0004.jpg,0,-0.009894,Demi_Moore,Lydia_Shum,random_negative
Calvin_Harrison_0001.jpg,Joan_Claybrook_0003.jpg,0,0.004140,Calvin_Harrison,Joan_Claybrook,random_negative
Makiko_Tanaka_0002.jpg,Pamela_Anderson_0001.jpg,0,-0.008956,Makiko_Tanaka,Pamela_Anderson,random_negative
Hideki_Sato_0001.jpg,Mike_Johanns_0003.jpg,0,0.039283,Hideki_Sato,Mike_Johanns,random_negative
Robin_Wright_Penn_0004.jpg,Tom_Cruise_0002.jpg,0,0.055816,Robin_Wright_Penn,Tom_Cruise,random_negative
Bernard_Law_0003.jpg,Carl_Reiner_0001.jpg,0,-0.054408,Bernard_Law,Carl_Reiner,random_negative
Curtis_Joseph_0001.jpg,Princess_Caroline_0002.jpg,0,-0.056143,Curtis_Joseph,Princess_Caroline,random_negative
Sinead_OConnor_0004.jpg,Tom_Hanks_0001.jpg,0,-0.044176,Sinead_OConnor,Tom_Hanks,random_negative
Condoleezza_Rice_0004.jpg,Matthew_Ouimet_0003.jpg,0,-0.132689,Condoleezza_Rice,Matthew_Ouimet,random_negative
Daniel_Coats_0001.jpg,Massoud_Barzani_0001.jpg,0,-0.011225,Daniel_Coats,Massoud_Barzani,random_negative
Kim_Jin-sun_0001.jpg,Martin_McGuinness_0004.jpg,0,0.067585,Kim_Jin-sun,Martin_McGuinness,random_negative
Jalen_Rose_0002.jpg,William_Delahunt_0001.jpg,0,0.057347,Jalen_Rose,William_Delahunt,random_negative
Debbie_Reynolds_0004.jpg,Gary_Bergeron_0002.jpg,0,-0.066863,Debbie_Reynolds,Gary_Bergeron,random_negative
Grant_Hackett_0002.jpg,Javier_Solana_0003.jpg,0,0.088053,Grant_Hackett,Javier_Solana,random_negative
Justin_Wilson_0004.jpg,Thomas_Mesereau_Jr_0002.jpg,0,0.001136,Justin_Wilson,Thomas_Mesereau_Jr,random_negative
Franz_Muentefering_0001.jpg,Tim_Robbins_0001.jpg,0,0.081938,Franz_Muentefering,Tim_Robbins,random_negative
Irina_Lobacheva_0002.jpg,Liliana_Cavani_0001.jpg,0,0.032675,Irina_Lobacheva,Liliana_Cavani,random_negative
James_Wolfensohn_0002.jpg,Joe_Crede_0002.jpg,0,-0.051577,James_Wolfensohn,Joe_Crede,random_negative
Jalen_Rose_0002.jpg,Steffi_Graf_0002.jpg,0,0.072438,Jalen_Rose,Steffi_Graf,random_negative
Ian_Moran_0001.jpg,Sanja_Papic_0001.jpg,0,0.007108,Ian_Moran,Sanja_Papic,random_negative
Alicia_Witt_0001.jpg,Enrica_Fico_0004.jpg,0,0.059872,Alicia_Witt,Enrica_Fico,random_negative
Camilla_Parker_Bowles_0004.jpg,Vanessa_Redgrave_0003.jpg,0,0.181977,Camilla_Parker_Bowles,Vanessa_Redgrave,random_negative
Joe_Nichols_0001.jpg,Mahathir_Mohamad_0003.jpg,0,0.023074,Joe_Nichols,Mahathir_Mohamad,random_negative
Eduardo_Chillida_0002.jpg,Justine_Henin_0003.jpg,0,-0.018528,Eduardo_Chillida,Justine_Henin,random_negative
Pascal_Lamy_0001.jpg,Rupert_Murdoch_0001.jpg,0,-0.020800,Pascal_Lamy,Rupert_Murdoch,random_negative
Cari_Davis_0002.jpg,Lino_Oviedo_0001.jpg,0,0.020425,Cari_Davis,Lino_Oviedo,random_negative
Patrick_Stewart_0004.jpg,Tara_Dawn_Christensen_0001.jpg,0,-0.053597,Patrick_Stewart,Tara_Dawn_Christensen,random_negative
Bo_Ryan_0003.jpg,Brandon_Knight_0001.jpg,0,0.009378,Bo_Ryan,Brandon_Knight,random_negative
Larry_Campbell_0002.jpg,Stephane_Delajoux_0001.jpg,0,-0.037021,Larry_Campbell,Stephane_Delajoux,random_negative
Gordana_Grubin_0001.jpg,Yao_Ming_0003.jpg,0,-0.015462,Gordana_Grubin,Yao_Ming,random_negative
John_Travolta_0002.jpg,John_Tyson_0004.jpg,0,0.001894,John_Travolta,John_Tyson,random_negative
Steve_Karsay_0002.jpg,Ty_Votaw_0003.jpg,0,-0.032686,Steve_Karsay,Ty_Votaw,random_negative
Hong_Myung_0004.jpg,Uzi_Even_0001.jpg,0,0.009651,Hong_Myung,Uzi_Even,random_negative
Charla_Moye_0002.jpg,Felix_Sanchez_0002.jpg,0,-0.037062,Charla_Moye,Felix_Sanchez,random_negative
James_Barksdale_0004.jpg,Mario_Cipollini_0001.jpg,0,0.077970,James_Barksdale,Mario_Cipollini,random_negative
Elizabeth_Taylor_0002.jpg,Theo_Angelopoulos_0004.jpg,0,-0.003773,Elizabeth_Taylor,Theo_Angelopoulos,random_negative
Jennifer_Tilly_0001.jpg,Will_Ferrell_0001.jpg,0,0.030036,Jennifer_Tilly,Will_Ferrell,random_negative
Imre_Kertasz_0001.jpg,John_Norquist_0003.jpg,0,0.091112,Imre_Kertasz,John_Norquist,random_negative
Gabrielle_Rose_0001.jpg,Glen_Sather_0004.jpg,0,-0.068497,Gabrielle_Rose,Glen_Sather,random_negative
Jan_De_Bont_0002.jpg,Romain_Duris_0001.jpg,0,-0.006568,Jan_De_Bont,Romain_Duris,random_negative
Caroline_Dhavernas_0001.jpg,Franz_Beckenbauer_0003.jpg,0,0.033117,Caroline_Dhavernas,Franz_Beckenbauer,random_negative
Debbie_Reynolds_0004.jpg,Ivan_Stambolic_0001.jpg,0,0.059217,Debbie_Reynolds,Ivan_Stambolic,random_negative
Lily_Safra_0003.jpg,Paul_Martin_0001.jpg,0,-0.026731,Lily_Safra,Paul_Martin,random_negative
John_F_Kennedy_Jr_0002.jpg,Lydia_Shum_0004.jpg,0,-0.023484,John_F_Kennedy_Jr,Lydia_Shum,random_negative
Jane_Krakowski_0001.jpg,John_McEnroe_0001.jpg,0,-0.031820,Jane_Krakowski,John_McEnroe,random_negative
Jenna_Elfman_0004.jpg,Larry_Bowa_0003.jpg,0,-0.035321,Jenna_Elfman,Larry_Bowa,random_negative
Julian_Fantino_0001.jpg,Robin_Wright_Penn_0003.jpg,0,-0.115079,Julian_Fantino,Robin_Wright_Penn,random_negative
Christian_Wulff_0001.jpg,Ellen_DeGeneres_0004.jpg,0,-0.054116,Christian_Wulff,Ellen_DeGeneres,random_negative
Jason_Vale_0001.jpg,Zaini_Abdullah_0002.jpg,0,-0.042015,Jason_Vale,Zaini_Abdullah,random_negative
Franz_Muentefering_0002.jpg,Mike_Eskew_0003.jpg,0,0.117134,Franz_Muentefering,Mike_Eskew,random_negative
Gwen_Stefani_0002.jpg,Mariano_Zabaleta_0001.jpg,0,-0.029402,Gwen_Stefani,Mariano_Zabaleta,random_negative
Janet_Leigh_0003.jpg,Peter_Greenaway_0003.jpg,0,-0.038236,Janet_Leigh,Peter_Greenaway,random_negative
Martha_Sahagun_de_Fox_0001.jpg,Petria_Thomas_0002.jpg,0,-0.042419,Martha_Sahagun_de_Fox,Petria_Thomas,random_negative
Dave_Barr_0001.jpg,Rita_Moreno_0003.jpg,0,-0.027511,Dave_Barr,Rita_Moreno,random_negative
Mathias_Reichhold_0003.jpg,Monica_Lewinsky_0001.jpg,0,-0.026388,Mathias_Reichhold,Monica_Lewinsky,random_negative
Jonathan_Karsh_0003.jpg,Tiger_Woods_0001.jpg,0,-0.100618,Jonathan_Karsh,Tiger_Woods,random_negative
Dwayne_Wade_0002.jpg,Tim_Henman_0002.jpg,0,0.059122,Dwayne_Wade,Tim_Henman,random_negative
Mahmoud_Abbas_0003.jpg,Richie_Adubato_0002.jpg,0,0.000377,Mahmoud_Abbas,Richie_Adubato,random_negative
Al_Sharpton_0002.jpg,Sergio_Garcia_0001.jpg,0,-0.003232,Al_Sharpton,Sergio_Garcia,random_negative
Aaron_Eckhart_0001.jpg,Elisabeth_Schumacher_0001.jpg,0,0.078702,Aaron_Eckhart,Elisabeth_Schumacher,random_negative
Bill_Frist_0001.jpg,Tom_Sizemore_0001.jpg,0,-0.097279,Bill_Frist,Tom_Sizemore,random_negative
Steve_Nesbitt_0002.jpg,Susie_Castillo_0001.jpg,0,-0.046875,Steve_Nesbitt,Susie_Castillo,random_negative
Adam_Ant_0002.jpg,Roberto_Canessa_0002.jpg,0,-0.026566,Adam_Ant,Roberto_Canessa,random_negative
Luc_Montagnier_0004.jpg,Steve_Pagliuca_0001.jpg,0,0.032317,Luc_Montagnier,Steve_Pagliuca,random_negative
Jessica_Lange_0001.jpg,Steve_Backley_0002.jpg,0,-0.013363,Jessica_Lange,Steve_Backley,random_negative
Gary_Bauer_0001.jpg,George_Ryan_0001.jpg,0,0.033697,Gary_Bauer,George_Ryan,random_negative
Heath_Ledger_0003.jpg,Johnny_Depp_0001.jpg,0,0.171514,Heath_Ledger,Johnny_Depp,random_negative
Ilie_Nastase_0001.jpg,Roman_Polanski_0003.jpg,0,0.096150,Ilie_Nastase,Roman_Polanski,random_negative
Dominique_de_Villepin_0002.jpg,Paul_Martin_0001.jpg,0,-0.000848,Dominique_de_Villepin,Paul_Martin,random_negative
Alex_Sink_0003.jpg,Robbie_Williams_0003.jpg,0,-0.012746,Alex_Sink,Robbie_Williams,random_negative
Frank_Schmoekel_0001.jpg,Steve_Peace_0001.jpg,0,0.011732,Frank_Schmoekel,Steve_Peace,random_negative
Carla_Gugino_0001.jpg,Roberto_Canessa_0001.jpg,0,-0.004275,Carla_Gugino,Roberto_Canessa,random_negative
Steffi_Graf_0004.jpg,Tanya_Lindenmuth_0001.jpg,0,-0.004076,Steffi_Graf,Tanya_Lindenmuth,random_negative
Astrid_Betancourt_0002.jpg,Queen_Elizabeth_II_0003.jpg,0,-0.069491,Astrid_Betancourt,Queen_Elizabeth_II,random_negative
Don_Siegelman_0001.jpg,Sammy_Sosa_0004.jpg,0,0.029371,Don_Siegelman,Sammy_Sosa,random_negative
Andrei_Konchalovsky_0004.jpg,Ricky_Ponting_0002.jpg,0,-0.005035,Andrei_Konchalovsky,Ricky_Ponting,random_negative
Kirsten_Dunst_0004.jpg,Mariano_Zabaleta_0001.jpg,0,0.054069,Kirsten_Dunst,Mariano_Zabaleta,random_negative
Kristin_Scott_Thomas_0002.jpg,Michael_Leavitt_0001.jpg,0,-0.045370,Kristin_Scott_Thomas,Michael_Leavitt,random_negative
Alexandre_Herchcovitch_0001.jpg,Zoran_Djindjic_0001.jpg,0,-0.073331,Alexandre_Herchcovitch,Zoran_Djindjic,random_negative
Alberto_Sordi_0003.jpg,Ed_Smart_0004.jpg,0,-0.004599,Alberto_Sordi,Ed_Smart,random_negative
Fujio_Cho_0001.jpg,Richard_Greenberg_0001.jpg,0,0.019066,Fujio_Cho,Richard_Greenberg,random_negative
Amy_Yasbeck_0001.jpg,Munir_Akram_0001.jpg,0,-0.003655,Amy_Yasbeck,Munir_Akram,random_negative
Antonio_Palocci_0001.jpg,Junichiro_Koizumi_0003.jpg,0,-0.038035,Antonio_Palocci,Junichiro_Koizumi,random_negative
Erin_Hershey_Presley_0001.jpg,Seymour_Cassell_0001.jpg,0,0.090735,Erin_Hershey_Presley,Seymour_Cassell,random_negative
Jean-Claude_Juncker_0001.jpg,Jefferson_Perez_0004.jpg,0,-0.101192,Jean-Claude_Juncker,Jefferson_Perez,random_negative
Conan_OBrien_0003.jpg,Doug_Collins_0001.jpg,0,-0.014434,Conan_OBrien,Doug_Collins,random_negative
Carlo_Ancelotti_0003.jpg,Johnny_Unitas_0001.jpg,0,-0.080288,Carlo_Ancelotti,Johnny_Unitas,random_negative
Roh_Moo-hyun_0001.jpg,Shoshana_Johnson_0002.jpg,0,0.011670,Roh_Moo-hyun,Shoshana_Johnson,random_negative
Amy_Redford_0002.jpg,Michael_Dell_0002.jpg,0,-0.042907,Amy_Redford,Michael_Dell,random_negative
Erin_Hershey_Presley_0004.jpg,Luke_Walton_0002.jpg,0,-0.017384,Erin_Hershey_Presley,Luke_Walton,random_negative
Antonio_Trillanes_0001.jpg,Recep_Tayyip_Erdogan_0002.jpg,0,0.020512,Antonio_Trillanes,Recep_Tayyip_Erdogan,random_negative
Al_Sharpton_0001.jpg,Andy_Benes_0002.jpg,0,0.051897,Al_Sharpton,Andy_Benes,random_negative
John_Ferguson_0002.jpg,Richard_Crenna_0002.jpg,0,0.069516,John_Ferguson,Richard_Crenna,random_negative
Mike_Scioscia_0003.jpg,Stacey_Jones_0002.jpg,0,-0.005737,Mike_Scioscia,Stacey_Jones,random_negative
Elisabeth_Welch_0004.jpg,Mike_Montgomery_0002.jpg,0,0.026430,Elisabeth_Welch,Mike_Montgomery,random_negative
Kurt_Budke_0001.jpg,Vanessa_Incontrada_0001.jpg,0,-0.054825,Kurt_Budke,Vanessa_Incontrada,random_negative
Neri_Marcore_0001.jpg,Paul_Johnson_0002.jpg,0,-0.043470,Neri_Marcore,Paul_Johnson,random_negative
Dennis_Franchione_0002.jpg,Jose_Santos_0001.jpg,0,0.023351,Dennis_Franchione,Jose_Santos,random_negative
Gwendal_Peizerat_0004.jpg,Leonid_Kuchma_0001.jpg,0,0.024948,Gwendal_Peizerat,Leonid_Kuchma,random_negative
Lela_Rochon_0003.jpg,Roger_Staubach_0004.jpg,0,0.055372,Lela_Rochon,Roger_Staubach,random_negative
Rachel_Griffiths_0001.jpg,Timothy_McVeigh_0001.jpg,0,0.045543,Rachel_Griffiths,Timothy_McVeigh,random_negative
Dan_Wheldon_0003.jpg,Sidney_Kimmel_0001.jpg,0,0.137731,Dan_Wheldon,Sidney_Kimmel,random_negative
Marie-Reine_Le_Gougne_0002.jpg,Matt_Morris_0002.jpg,0,0.033764,Marie-Reine_Le_Gougne,Matt_Morris,random_negative
Alicia_Silverstone_0003.jpg,Hugh_Carey_0003.jpg,0,-0.011623,Alicia_Silverstone,Hugh_Carey,random_negative
David_Scott_Morris_0002.jpg,Jim_Wong_0002.jpg,0,-0.130429,David_Scott_Morris,Jim_Wong,random_negative
Christopher_Reeve_0004.jpg,Paul_Wolfowitz_0004.jpg,0,-0.138370,Christopher_Reeve,Paul_Wolfowitz,random_negative
Anibal_Ibarra_0001.jpg,Julian_Fantino_0001.jpg,0,0.007623,Anibal_Ibarra,Julian_Fantino,random_negative
Abdullah_0003.jpg,Susilo_Bambang_Yudhoyono_0004.jpg,0,0.043568,Abdullah,Susilo_Bambang_Yudhoyono,random_negative
Lisa_Marie_Presley_0002.jpg,Rudi_Voeller_0001.jpg,0,-0.023444,Lisa_Marie_Presley,Rudi_Voeller,random_negative
Hugo_Conte_0002.jpg,Ruben_Wolkowyski_0001.jpg,0,0.034463,Hugo_Conte,Ruben_Wolkowyski,random_negative
Claire_Danes_0004.jpg,Shawn_Bradley_0004.jpg,0,0.024635,Claire_Danes,Shawn_Bradley,random_negative
Ethan_Hawke_0001.jpg,Karin_Pilsaeter_0002.jpg,0,0.073576,Ethan_Hawke,Karin_Pilsaeter,random_negative
Felipe_Perez_Roque_0002.jpg,Isabella_Rossellini_0002.jpg,0,-0.038103,Felipe_Perez_Roque,Isabella_Rossellini,random_negative
Chakib_Khelil_0002.jpg,Orrin_Hatch_0001.jpg,0,-0.058768,Chakib_Khelil,Orrin_Hatch,random_negative
Jeffrey_Donaldson_0004.jpg,Robert_Duvall_0004.jpg,0,-0.054110,Jeffrey_Donaldson,Robert_Duvall,random_negative
Elena_Likhovtseva_0001.jpg,Felipe_De_Borbon_0003.jpg,0,0.023690,Elena_Likhovtseva,Felipe_De_Borbon,random_negative
Joaquim_Levy_0003.jpg,Nastassia_Kinski_0003.jpg,0,-0.059322,Joaquim_Levy,Nastassia_Kinski,random_negative
Daniel_Coats_0003.jpg,Silvio_Berlusconi_0002.jpg,0,-0.013358,Daniel_Coats,Silvio_Berlusconi,random_negative
Edmund_Hillary_0002.jpg,Vanessa_Williams_0002.jpg,0,0.000931,Edmund_Hillary,Vanessa_Williams,random_negative
Jonathan_Karsh_0004.jpg,Norm_Macdonald_0004.jpg,0,0.000960,Jonathan_Karsh,Norm_Macdonald,random_negative
Eddie_Sutton_0004.jpg,Richard_Haass_0003.jpg,0,-0.031545,Eddie_Sutton,Richard_Haass,random_negative
Frank_Pallone_0002.jpg,Mark_Richt_0003.jpg,0,0.037472,Frank_Pallone,Mark_Richt,random_negative
Adam_Freier_0001.jpg,Wim_Duisenberg_0003.jpg,0,-0.055631,Adam_Freier,Wim_Duisenberg,random_negative
Bill_Graham_0001.jpg,Henk_Bekedam_0004.jpg,0,-0.058843,Bill_Graham,Henk_Bekedam,random_negative
Gerard_de_Cortanze_0001.jpg,Sammy_Sosa_0004.jpg,0,0.064278,Gerard_de_Cortanze,Sammy_Sosa,random_negative
Jim_Leach_0001.jpg,Michael_Caine_0004.jpg,0,0.026947,Jim_Leach,Michael_Caine,random_negative
Jorge_Valdano_0001.jpg,Paris_Hilton_0002.jpg,0,0.050013,Jorge_Valdano,Paris_Hilton,random_negative
Bob_Hope_0003.jpg,Bridget_Fonda_0002.jpg,0,0.042165,Bob_Hope,Bridget_Fonda,random_negative
Mike_Myers_0002.jpg,Sheila_Fraser_0003.jpg,0,0.117575,Mike_Myers,Sheila_Fraser,random_negative
Mohamed_Benaissa_0002.jpg,Steve_Patterson_0001.jpg,0,0.078372,Mohamed_Benaissa,Steve_Patterson,random_negative
David_Hyde_Pierce_0002.jpg,Rudy_Tomjanovich_0001.jpg,0,-0.025233,David_Hyde_Pierce,Rudy_Tomjanovich,random_negative
Agnelo_Queiroz_0002.jpg,Matt_Welsh_0001.jpg,0,0.013374,Agnelo_Queiroz,Matt_Welsh,random_negative
John_Malkovich_0004.jpg,Lon_Kruger_0001.jpg,0,0.101775,John_Malkovich,Lon_Kruger,random_negative
Derek_Lowe_0004.jpg,Kyra_Sedgwick_0002.jpg,0,0.033548,Derek_Lowe,Kyra_Sedgwick,random_negative
Jason_Vale_0002.jpg,Jennifer_Capriati_0002.jpg,0,-0.030134,Jason_Vale,Jennifer_Capriati,random_negative
Aline_Chretien_0001.jpg,Tom_Hanks_0002.jpg,0,0.066328,Aline_Chretien,Tom_Hanks,random_negative
Michelle_Yeoh_0001.jpg,Terence_Newman_0002.jpg,0,-0.094825,Michelle_Yeoh,Terence_Newman,random_negative
Jamie_Lee_Curtis_0001.jpg,Sarah_Jessica_Parker_0001.jpg,0,-0.036021,Jamie_Lee_Curtis,Sarah_Jessica_Parker,random_negative
Brooke_Adams_0003.jpg,Isabella_Rossellini_0003.jpg,0,-0.055400,Brooke_Adams,Isabella_Rossellini,random_negative
Aileen_Riggin_Soule_0001.jpg,Wesley_Clark_0004.jpg,0,0.017219,Aileen_Riggin_Soule,Wesley_Clark,random_negative
Mike_Martz_0002.jpg,Sue_Wicks_0001.jpg,0,0.059343,Mike_Martz,Sue_Wicks,random_negative
Bob_Menendez_0003.jpg,Sergio_Garcia_0001.jpg,0,-0.020714,Bob_Menendez,Sergio_Garcia,random_negative
Donatella_Versace_0002.jpg,Hugo_Conte_0002.jpg,0,0.018885,Donatella_Versace,Hugo_Conte,random_negative
Ahmet_Necdet_Sezer_0002.jpg,Alan_Greenspan_0001.jpg,0,-0.064994,Ahmet_Necdet_Sezer,Alan_Greenspan,random_negative
Frank_Griswold_0002.jpg,William_Shatner_0001.jpg,0,0.005937,Frank_Griswold,William_Shatner,random_negative
Bianca_Jagger_0004.jpg,Jason_Alexander_0002.jpg,0,0.042029,Bianca_Jagger,Jason_Alexander,random_negative
Carla_Gugino_0004.jpg,Joseph_Ralston_0001.jpg,0,-0.064658,Carla_Gugino,Joseph_Ralston,random_negative
Marcus_Allen_0004.jpg,Zoran_Djindjic_0003.jpg,0,0.008914,Marcus_Allen,Zoran_Djindjic,random_negative
Darcy_Regier_0001.jpg,Peter_Arnett_0001.jpg,0,-0.105103,Darcy_Regier,Peter_Arnett,random_negative
Ira_Einhorn_0002.jpg,Valentino_Rossi_0001.jpg,0,-0.051523,Ira_Einhorn,Valentino_Rossi,random_negative
James_Caan_0001.jpg,Paul_Burrell_0001.jpg,0,-0.050207,James_Caan,Paul_Burrell,random_negative
Brandon_Knight_0001.jpg,Larry_Beinfest_0002.jpg,0,-0.023922,Brandon_Knight,Larry_Beinfest,random_negative
Jose_Luis_Santiago_Vasconcelos_0001.jpg,MC_Hammer_0001.jpg,0,-0.017541,Jose_Luis_Santiago_Vasconcelos,MC_Hammer,random_negative
Eric_Hinske_0004.jpg,Tony_Curtis_0003.jpg,0,-0.008736,Eric_Hinske,Tony_Curtis,random_negative
Robin_Cook_0001.jpg,Sara_Silverman_0002.jpg,0,0.048766,Robin_Cook,Sara_Silverman,random_negative
Colin_Powell_0001.jpg,Mehdi_Baala_0002.jpg,0,-0.044394,Colin_Powell,Mehdi_Baala,random_negative
Heidi_Fleiss_0001.jpg,Ronaldo_Luis_Nazario_de_Lima_0004.jpg,0,0.010761,Heidi_Fleiss,Ronaldo_Luis_Nazario_de_Lima,random_negative
Kathy_Winters_0002.jpg,Paul_Sarbanes_0002.jpg,0,-0.073755,Kathy_Winters,Paul_Sarbanes,random_negative
Holly_Hunter_0003.jpg,Zhong_Nanshan_0001.jpg,0,-0.009066,Holly_Hunter,Zhong_Nanshan,random_negative
Lana_Clarkson_0002.jpg,Scott_Peterson_0002.jpg,0,0.122375,Lana_Clarkson,Scott_Peterson,random_negative
Gregorio_Honasan_0001.jpg,Howard_Dean_0001.jpg,0,0.065850,Gregorio_Honasan,Howard_Dean,random_negative
Shawn_Bradley_0001.jpg,Sila_Calderon_0001.jpg,0,-0.001846,Shawn_Bradley,Sila_Calderon,random_negative
Janusz_Kaminski_0001.jpg,Jimmy_Carter_0003.jpg,0,-0.106303,Janusz_Kaminski,Jimmy_Carter,random_negative
Edgar_Savisaar_0003.jpg,Matthew_Vaughan_0001.jpg,0,-0.172573,Edgar_Savisaar,Matthew_Vaughan,random_negative
John_Negroponte_0001.jpg,Julio_Iglesias_Jr_0001.jpg,0,-0.000229,John_Negroponte,Julio_Iglesias_Jr,random_negative
Paul_Wellstone_0001.jpg,Terry_Hoeppner_0001.jpg,0,0.078620,Paul_Wellstone,Terry_Hoeppner,random_negative
Joseph_Kabila_0002.jpg,Yao_Ming_0003.jpg,0,-0.014139,Joseph_Kabila,Yao_Ming,random_negative
Chris_Moore_0001.jpg,Lew_Rywin_0002.jpg,0,0.040610,Chris_Moore,Lew_Rywin,random_negative
Elton_John_0003.jpg,Michel_Duclos_0002.jpg,0,-0.004166,Elton_John,Michel_Duclos,random_negative
Fatmir_Limaj_0003.jpg,Thomas_Watjen_0002.jpg,0,0.022559,Fatmir_Limaj,Thomas_Watjen,random_negative
Aicha_El_Ouafi_0001.jpg,Javier_Vazquez_0001.jpg,0,-0.019148,Aicha_El_Ouafi,Javier_Vazquez,random_negative
Barry_Diller_0002.jpg,Cherie_Blair_0003.jpg,0,0.016747,Barry_Diller,Cherie_Blair,random_negative
Frances_Fisher_0004.jpg,Ruben_Wolkowyski_0004.jpg,0,0.009155,Frances_Fisher,Ruben_Wolkowyski,random_negative
Jean_Charest_0004.jpg,Joan_Laporta_0004.jpg,0,-0.040341,Jean_Charest,Joan_Laporta,random_negative
Billy_Crawford_0001.jpg,John_Prescott_0001.jpg,0,0.030699,Billy_Crawford,John_Prescott,random_negative
Christian_Wulff_0001.jpg,Erin_Hershey_Presley_0003.jpg,0,-0.011805,Christian_Wulff,Erin_Hershey_Presley,random_negative
Hunter_Kemper_0001.jpg,Jim_Ryan_0002.jpg,0,-0.048245,Hunter_Kemper,Jim_Ryan,random_negative
Alfonso_Portillo_0004.jpg,Dawn_Staley_0001.jpg,0,0.057916,Alfonso_Portillo,Dawn_Staley,random_negative
Jennifer_Garner_0001.jpg,Wanda_de_la_Jesus_0001.jpg,0,0.021044,Jennifer_Garner,Wanda_de_la_Jesus,random_negative
Colleen_Atwood_0003.jpg,John_Garamendi_0001.jpg,0,-0.056309,Colleen_Atwood,John_Garamendi,random_negative
Gordon_Lightfoot_0001.jpg,Kent_Rominger_0004.jpg,0,0.023705,Gordon_Lightfoot,Kent_Rominger,random_negative
Samira_Makhmalbaf_0001.jpg,Tyrone_Medley_0002.jpg,0,-0.094554,Samira_Makhmalbaf,Tyrone_Medley,random_negative
Jim_Furyk_0002.jpg,Mark_Swartz_0002.jpg,0,0.099626,Jim_Furyk,Mark_Swartz,random_negative
Alberto_Sordi_0002.jpg,Winona_Ryder_0002.jpg,0,-0.026130,Alberto_Sordi,Winona_Ryder,random_negative
Chistian_Stahl_0002.jpg,Ty_Votaw_0001.jpg,0,0.037284,Chistian_Stahl,Ty_Votaw,random_negative
Cyndi_Thompson_0002.jpg,Joxel_Garcia_0001.jpg,0,0.074343,Cyndi_Thompson,Joxel_Garcia,random_negative
Brajesh_Mishra_0001.jpg,Chakib_Khelil_0002.jpg,0,0.043701,Brajesh_Mishra,Chakib_Khelil,random_negative
Diana_Taurasi_0001.jpg,Jennifer_Connelly_0001.jpg,0,-0.015284,Diana_Taurasi,Jennifer_Connelly,random_negative
John_Norquist_0003.jpg,Joseph_Ralston_0001.jpg,0,-0.012569,John_Norquist,Joseph_Ralston,random_negative
Bob_Huggins_0004.jpg,Tirunesh_Dibaba_0001.jpg,0,0.098244,Bob_Huggins,Tirunesh_Dibaba,random_negative
Chuck_Woolery_0001.jpg,Sharon_Osbourne_0002.jpg,0,-0.003229,Chuck_Woolery,Sharon_Osbourne,random_negative
Bob_Geldof_0002.jpg,Donald_Trump_0004.jpg,0,0.065240,Bob_Geldof,Donald_Trump,random_negative
Carlos_Beltran_0002.jpg,Ruth_Dreifuss_0003.jpg,0,0.001245,Carlos_Beltran,Ruth_Dreifuss,random_negative
Dan_Monson_0004.jpg,Michael_Pfleger_0003.jpg,0,-0.104087,Dan_Monson,Michael_Pfleger,random_negative
John_Coomber_0002.jpg,Vivica_Fox_0002.jpg,0,0.056218,John_Coomber,Vivica_Fox,random_negative
Alejandro_Lerner_0001.jpg,Mikhail_Youzhny_0002.jpg,0,0.033073,Alejandro_Lerner,Mikhail_Youzhny,random_negative
Paula_Radcliffe_0003.jpg,Steven_Spielberg_0003.jpg,0,-0.063150,Paula_Radcliffe,Steven_Spielberg,random_negative
Teri_Garr_0003.jpg,Tom_Curley_0001.jpg,0,0.017326,Teri_Garr,Tom_Curley,random_negative
Dick_Posthumus_0001.jpg,Gilles_Panizzi_0002.jpg,0,0.051125,Dick_Posthumus,Gilles_Panizzi,random_negative
Condoleezza_Rice_0004.jpg,Darin_Erstad_0002.jpg,0,-0.008488,Condoleezza_Rice,Darin_Erstad,random_negative
Malcolm_Jamal_Warner_0002.jpg,Princess_Caroline_0004.jpg,0,-0.031415,Malcolm_Jamal_Warner,Princess_Caroline,random_negative
Daniel_Bruehl_0001.jpg,Kent_McCord_0001.jpg,0,-0.013714,Daniel_Bruehl,Kent_McCord,random_negative
Blas_Ople_0002.jpg,Marion_Barry_0001.jpg,0,0.048899,Blas_Ople,Marion_Barry,random_negative
Geovani_Lapentti_0002.jpg,Stockard_Channing_0002.jpg,0,-0.044442,Geovani_Lapentti,Stockard_Channing,random_negative
Patti_Labelle_0001.jpg,Paula_Dobriansky_0003.jpg,0,-0.035693,Patti_Labelle,Paula_Dobriansky,random_negative
Imran_Khan_0002.jpg,Richard_Krajicek_0002.jpg,0,0.036720,Imran_Khan,Richard_Krajicek,random_negative
Colin_Farrell_0002.jpg,Pedro_Malan_0003.jpg,0,0.130437,Colin_Farrell,Pedro_Malan,random_negative
Jamir_Miller_0004.jpg,Mike_Leach_0001.jpg,0,-0.015619,Jamir_Miller,Mike_Leach,random_negative
Chuck_Yeager_0003.jpg,Naoto_Kan_0002.jpg,0,-0.053632,Chuck_Yeager,Naoto_Kan,random_negative
Astrid_Betancourt_0002.jpg,Terrell_Suggs_0001.jpg,0,-0.024483,Astrid_Betancourt,Terrell_Suggs,random_negative
Chance_Mock_0002.jpg,Don_King_0003.jpg,0,-0.006340,Chance_Mock,Don_King,random_negative
Mauricio_Macri_0004.jpg,Tim_Chapman_0002.jpg,0,-0.001052,Mauricio_Macri,Tim_Chapman,random_negative
Billy_Donovan_0001.jpg,Ozzy_Osbourne_0002.jpg,0,0.043469,Billy_Donovan,Ozzy_Osbourne,random_negative
Arlen_Specter_0002.jpg,Kenneth_Carlsen_0001.jpg,0,0.028190,Arlen_Specter,Kenneth_Carlsen,random_negative
Fabricio_Oberto_0001.jpg,Robert_Duvall_0004.jpg,0,-0.000594,Fabricio_Oberto,Robert_Duvall,random_negative
Queen_Elizabeth_II_0003.jpg,Richard_Greenberg_0001.jpg,0,-0.002026,Queen_Elizabeth_II,Richard_Greenberg,random_negative
Max_Mosley_0003.jpg,Robert_Redford_0003.jpg,0,0.073996,Max_Mosley,Robert_Redford,random_negative
Ellen_Saracini_0004.jpg,Hillary_Clinton_0004.jpg,0,-0.088352,Ellen_Saracini,Hillary_Clinton,random_negative
Jose_Luis_Santiago_Vasconcelos_0001.jpg,Sebastien_Grosjean_0004.jpg,0,-0.045186,Jose_Luis_Santiago_Vasconcelos,Sebastien_Grosjean,random_negative
Robert_Durst_0001.jpg,Steve_Allee_0001.jpg,0,0.049764,Robert_Durst,Steve_Allee,random_negative
Doug_Collins_0002.jpg,Roy_Williams_0004.jpg,0,0.065966,Doug_Collins,Roy_Williams,random_negative
Ismail_Merchant_0001.jpg,Tim_Howard_0001.jpg,0,0.003025,Ismail_Merchant,Tim_Howard,random_negative
Aung_San_Suu_Kyi_0002.jpg,Leander_Paes_0004.jpg,0,-0.011824,Aung_San_Suu_Kyi,Leander_Paes,random_negative
Debbie_Reynolds_0004.jpg,Ray_Evernham_0003.jpg,0,0.056274,Debbie_Reynolds,Ray_Evernham,random_negative
Carolina_Kluft_0002.jpg,Penny_Lancaster_0004.jpg,0,-0.018084,Carolina_Kluft,Penny_Lancaster,random_negative
Carlos_Quintanilla_Schmidt_0001.jpg,Michel_Duclos_0002.jpg,0,-0.005926,Carlos_Quintanilla_Schmidt,Michel_Duclos,random_negative
Aline_Chretien_0004.jpg,Fabricio_Oberto_0001.jpg,0,-0.005008,Aline_Chretien,Fabricio_Oberto,random_negative
Charlotte_Rampling_0004.jpg,Costas_Simitis_0001.jpg,0,-0.004964,Charlotte_Rampling,Costas_Simitis,random_negative
Binyamin_Ben-Eliezer_0001.jpg,Jean-Pierre_Raffarin_0001.jpg,0,0.004732,Binyamin_Ben-Eliezer,Jean-Pierre_Raffarin,random_negative
Nastassia_Kinski_0002.jpg,Sergio_Vieira_De_Mello_0002.jpg,0,0.022189,Nastassia_Kinski,Sergio_Vieira_De_Mello,random_negative
Elva_Hsiao_0001.jpg,Mariah_Carey_0001.jpg,0,-0.044804,Elva_Hsiao,Mariah_Carey,random_negative
Luke_Walton_0003.jpg,Lynn_Redgrave_0003.jpg,0,0.070963,Luke_Walton,Lynn_Redgrave,random_negative
Anderson_Varejao_0001.jpg,Luca_Cordero_di_Montezemolo_0004.jpg,0,0.028768,Anderson_Varejao,Luca_Cordero_di_Montezemolo,random_negative
Chris_Cirino_0002.jpg,Mario_Jardel_0001.jpg,0,-0.064183,Chris_Cirino,Mario_Jardel,random_negative
Marie-Reine_Le_Gougne_0002.jpg,Paul-Henri_Mathieu_0004.jpg,0,-0.057296,Marie-Reine_Le_Gougne,Paul-Henri_Mathieu,random_negative
Jerry_Sloan_0001.jpg,John_Malkovich_0001.jpg,0,-0.036901,Jerry_Sloan,John_Malkovich,random_negative
Barry_Collier_0003.jpg,John_Cornyn_0002.jpg,0,0.019017,Barry_Collier,John_Cornyn,random_negative
Graeme_Lloyd_0001.jpg,John_Lynch_0001.jpg,0,0.037733,Graeme_Lloyd,John_Lynch,random_negative
Brett_Hull_0002.jpg,Pedro_Malan_0003.jpg,0,-0.135503,Brett_Hull,Pedro_Malan,random_negative
Oliver_Phelps_0001.jpg,Tony_Blair_0003.jpg,0,-0.023578,Oliver_Phelps,Tony_Blair,random_negative
Buddy_Ryan_0001.jpg,Katie_Holmes_0004.jpg,0,0.050777,Buddy_Ryan,Katie_Holmes,random_negative
Barbora_Strycova_0001.jpg,Steve_Austin_0001.jpg,0,0.163227,Barbora_Strycova,Steve_Austin,random_negative
Elsa_Zylberstein_0002.jpg,Michel_Temer_0002.jpg,0,-0.034321,Elsa_Zylberstein,Michel_Temer,random_negative
Bill_Graham_0001.jpg,Miguel_Contreras_0002.jpg,0,-0.096676,Bill_Graham,Miguel_Contreras,random_negative
Branko_Crvenkovski_0004.jpg,Dwain_Kyles_0002.jpg,0,-0.017898,Branko_Crvenkovski,Dwain_Kyles,random_negative
Alexander_Downer_0003.jpg,Mike_Leach_0001.jpg,0,-0.041390,Alexander_Downer,Mike_Leach,random_negative
Colleen_Atwood_0002.jpg,Nobuyuki_Idei_0001.jpg,0,0.098819,Colleen_Atwood,Nobuyuki_Idei,random_negative
Hun_Sen_0004.jpg,John_Edwards_0001.jpg,0,-0.083791,Hun_Sen,John_Edwards,random_negative
Deniz_Baykal_0001.jpg,Marie-Reine_Le_Gougne_0002.jpg,0,-0.017685,Deniz_Baykal,Marie-Reine_Le_Gougne,random_negative
Mary_Bono_0004.jpg,Willie_Nelson_0003.jpg,0,0.007277,Mary_Bono,Willie_Nelson,random_negative
Penelope_Ann_Miller_0002.jpg,T_Boone_Pickens_0004.jpg,0,0.043886,Penelope_Ann_Miller,T_Boone_Pickens,random_negative
Alex_Corretja_0001.jpg,Roh_Moo-hyun_0001.jpg,0,-0.004911,Alex_Corretja,Roh_Moo-hyun,random_negative
Daniel_Bruehl_0003.jpg,Graeme_Lloyd_0003.jpg,0,-0.011609,Daniel_Bruehl,Graeme_Lloyd,random_negative
Bob_Hope_0004.jpg,Dan_Quayle_0001.jpg,0,-0.071390,Bob_Hope,Dan_Quayle,random_negative
Michael_Douglas_0004.jpg,Richard_Myers_0001.jpg,0,0.035078,Michael_Douglas,Richard_Myers,random_negative
Anne_McLellan_0002.jpg,Hugh_Hefner_0004.jpg,0,-0.061967,Anne_McLellan,Hugh_Hefner,random_negative
Gerald_Ford_0002.jpg,Steve_Lavin_0001.jpg,0,0.094159,Gerald_Ford,Steve_Lavin,random_negative
Bart_Freundlich_0003.jpg,Tom_Cruise_0001.jpg,0,0.049129,Bart_Freundlich,Tom_Cruise,random_negative
George_Foreman_0004.jpg,Rudolph_Giuliani_0004.jpg,0,-0.019278,George_Foreman,Rudolph_Giuliani,random_negative
Jennifer_Garner_0003.jpg,Robert_Hanssen_0001.jpg,0,-0.006815,Jennifer_Garner,Robert_Hanssen,random_negative
Patty_Duke_0004.jpg,Robert_Redford_0002.jpg,0,0.134916,Patty_Duke,Robert_Redford,random_negative
Drew_Gooden_0001.jpg,Sharon_Stone_0004.jpg,0,0.095549,Drew_Gooden,Sharon_Stone,random_negative
Barry_Switzer_0003.jpg,Ben_Affleck_0004.jpg,0,-0.017396,Barry_Switzer,Ben_Affleck,random_negative
Garth_Drabinsky_0001.jpg,Scott_Rolen_0001.jpg,0,0.049766,Garth_Drabinsky,Scott_Rolen,random_negative
Raf_Vallone_0004.jpg,Zhu_Rongji_0004.jpg,0,-0.125758,Raf_Vallone,Zhu_Rongji,random_negative
Richard_Haass_0002.jpg,Taoufik_Mathlouthi_0001.jpg,0,-0.040483,Richard_Haass,Taoufik_Mathlouthi,random_negative
Cari_Davis_0002.jpg,Jalen_Rose_0002.jpg,0,0.082053,Cari_Davis,Jalen_Rose,random_negative
Alan_Ball_0004.jpg,Ellen_Saracini_0004.jpg,0,0.080500,Alan_Ball,Ellen_Saracini,random_negative
Katie_Couric_0004.jpg,Ratna_Sari_Dewi_Sukarno_0001.jpg,0,0.108461,Katie_Couric,Ratna_Sari_Dewi_Sukarno,random_negative
Holly_Hunter_0002.jpg,Richard_Chamberlain_0002.jpg,0,-0.005694,Holly_Hunter,Richard_Chamberlain,random_negative
Chris_Penn_0001.jpg,Jim_Bunning_0004.jpg,0,0.069314,Chris_Penn,Jim_Bunning,random_negative
Marcos_Milinkovic_0003.jpg,Sereyvuth_Kem_0002.jpg,0,0.015076,Marcos_Milinkovic,Sereyvuth_Kem,random_negative
BJ_Habibie_0001.jpg,Shane_Mosley_0001.jpg,0,-0.074177,BJ_Habibie,Shane_Mosley,random_negative
Klaus_Zwickel_0004.jpg,Roman_Coppola_0003.jpg,0,-0.035715,Klaus_Zwickel,Roman_Coppola,random_negative
Adrian_Annus_0001.jpg,Megan_Mullally_0002.jpg,0,-0.031631,Adrian_Annus,Megan_Mullally,random_negative
Erin_Hershey_Presley_0001.jpg,Julia_Tymoshenko_0002.jpg,0,0.062131,Erin_Hershey_Presley,Julia_Tymoshenko,random_negative
Luca_Cordero_di_Montezemolo_0001.jpg,Sananda_Maitreya_0003.jpg,0,-0.007539,Luca_Cordero_di_Montezemolo,Sananda_Maitreya,random_negative
Justine_Pasek_0001.jpg,Pyar_Jung_Thapa_0001.jpg,0,0.004805,Justine_Pasek,Pyar_Jung_Thapa,random_negative
Amanda_Coetzer_0002.jpg,Billy_Andrade_0001.jpg,0,0.102673,Amanda_Coetzer,Billy_Andrade,random_negative
Antonio_Trillanes_0001.jpg,Curtis_Joseph_0004.jpg,0,-0.037030,Antonio_Trillanes,Curtis_Joseph,random_negative
Franko_Simatovic_0001.jpg,Julianna_Margulies_0002.jpg,0,0.027284,Franko_Simatovic,Julianna_Margulies,random_negative
Larry_Campbell_0002.jpg,Severino_Antinori_0003.jpg,0,0.054802,Larry_Campbell,Severino_Antinori,random_negative
Ben_Kingsley_0003.jpg,Sasha_Cohen_0003.jpg,0,0.027206,Ben_Kingsley,Sasha_Cohen,random_negative
Andy_Roddick_0002.jpg,Juliette_Binoche_0001.jpg,0,-0.026373,Andy_Roddick,Juliette_Binoche,random_negative
Greg_Rusedski_0001.jpg,Sheila_Wellstone_0002.jpg,0,0.026069,Greg_Rusedski,Sheila_Wellstone,random_negative
Jason_Kidd_0003.jpg,Sophia_Loren_0001.jpg,0,0.027315,Jason_Kidd,Sophia_Loren,random_negative
Laura_Flessel_0001.jpg,Roger_Toussaint_0001.jpg,0,-0.051568,Laura_Flessel,Roger_Toussaint,random_negative
Jeffrey_Immelt_0001.jpg,Rafael_Bielsa_0003.jpg,0,-0.023121,Jeffrey_Immelt,Rafael_Bielsa,random_negative
Jon_Corzine_0002.jpg,Mohammed_Al_Hindi_0001.jpg,0,0.025605,Jon_Corzine,Mohammed_Al_Hindi,random_negative
Brian_Schneider_0002.jpg,Robby_Ginepri_0002.jpg,0,-0.085376,Brian_Schneider,Robby_Ginepri,random_negative
Emmit_Smith_0001.jpg,Jude_Law_0004.jpg,0,-0.025103,Emmit_Smith,Jude_Law,random_negative
Patricia_Clarkson_0004.jpg,Sebastien_Grosjean_0001.jpg,0,-0.012741,Patricia_Clarkson,Sebastien_Grosjean,random_negative
Andy_Griggs_0004.jpg,Antje_Buschschulte_0001.jpg,0,-0.028482,Andy_Griggs,Antje_Buschschulte,random_negative
Russell_Coutts_0002.jpg,Svetlana_Koroleva_0004.jpg,0,0.003552,Russell_Coutts,Svetlana_Koroleva,random_negative
John_McCain_0002.jpg,Julie_Gerberding_0001.jpg,0,-0.025359,John_McCain,Julie_Gerberding,random_negative
Carlos_Ghosn_0001.jpg,John_Ruiz_0002.jpg,0,0.001342,Carlos_Ghosn,John_Ruiz,random_negative
Donna_Shalala_0003.jpg,Patrick_Roy_0002.jpg,0,0.030626,Donna_Shalala,Patrick_Roy,random_negative
E_Clay_Shaw_0003.jpg,George_Tenet_0001.jpg,0,-0.046029,E_Clay_Shaw,George_Tenet,random_negative
Morgan_Freeman_0003.jpg,Muammar_Gaddafi_0002.jpg,0,0.057937,Morgan_Freeman,Muammar_Gaddafi,random_negative
Caio_Blat_0004.jpg,Mike_Helton_0001.jpg,0,-0.028903,Caio_Blat,Mike_Helton,random_negative
Junichiro_Koizumi_0003.jpg,Sylvie_Guillem_0004.jpg,0,0.064168,Junichiro_Koizumi,Sylvie_Guillem,random_negative
Joaquin_Sanchez_0001.jpg,Qian_Qichen_0001.jpg,0,-0.070125,Joaquin_Sanchez,Qian_Qichen,random_negative
Mehmet_Okur_0004.jpg,Mitch_Kupchak_0001.jpg,0,0.027858,Mehmet_Okur,Mitch_Kupchak,random_negative
Christine_Todd_Whitman_0001.jpg,Dragan_Covic_0001.jpg,0,-0.010189,Christine_Todd_Whitman,Dragan_Covic,random_negative
Jose_Sarney_0004.jpg,Valentino_Rossi_0003.jpg,0,0.042250,Jose_Sarney,Valentino_Rossi,random_negative
Anton_Balasingham_0002.jpg,Rob_Lowe_0003.jpg,0,-0.016532,Anton_Balasingham,Rob_Lowe,random_negative
Kim_Clijsters_0002.jpg,King_Abdullah_II_0003.jpg,0,0.040912,Kim_Clijsters,King_Abdullah_II,random_negative
Carol_Burnett_0001.jpg,Sergio_Vieira_De_Mello_0001.jpg,0,0.030058,Carol_Burnett,Sergio_Vieira_De_Mello,random_negative
Arianna_Huffington_0004.jpg,Eddie_Sutton_0004.jpg,0,-0.018978,Arianna_Huffington,Eddie_Sutton,random_negative
Roger_Federer_0002.jpg,Steve_Austin_0001.jpg,0,0.124579,Roger_Federer,Steve_Austin,random_negative
Cesar_Maia_0002.jpg,Joaquim_Levy_0003.jpg,0,-0.065020,Cesar_Maia,Joaquim_Levy,random_negative
Maura_Tierney_0001.jpg,Stephen_Friedman_0003.jpg,0,0.029465,Maura_Tierney,Stephen_Friedman,random_negative
Brooke_Adams_0003.jpg,Heather_Locklear_0004.jpg,0,0.083776,Brooke_Adams,Heather_Locklear,random_negative
Isabelle_Huppert_0004.jpg,Naoto_Kan_0001.jpg,0,0.041442,Isabelle_Huppert,Naoto_Kan,random_negative
James_Hallock_0002.jpg,Stella_McCartney_0004.jpg,0,0.010421,James_Hallock,Stella_McCartney,random_negative
Alain_Ducasse_0004.jpg,Marc_Racicot_0004.jpg,0,0.034170,Alain_Ducasse,Marc_Racicot,random_negative
Don_Siegelman_0004.jpg,James_Gibson_0004.jpg,0,0.048758,Don_Siegelman,James_Gibson,random_negative
Fidel_Castro_0003.jpg,Ismail_Cem_0001.jpg,0,-0.124755,Fidel_Castro,Ismail_Cem,random_negative
Jane_Leeves_0001.jpg,Tony_Curtis_0003.jpg,0,0.035875,Jane_Leeves,Tony_Curtis,random_negative
Cherie_Blair_0001.jpg,Nicole_Parker_0001.jpg,0,0.006184,Cherie_Blair,Nicole_Parker,random_negative
Jay_Leno_0002.jpg,Serge_Klarsfeld_0001.jpg,0,-0.026440,Jay_Leno,Serge_Klarsfeld,random_negative
Prince_Claus_0001.jpg,Roger_Toussaint_0001.jpg,0,0.009901,Prince_Claus,Roger_Toussaint,random_negative
Kelly_Osbourne_0001.jpg,Steve_Spurrier_0001.jpg,0,0.031807,Kelly_Osbourne,Steve_Spurrier,random_negative
Emily_Robison_0002.jpg,William_Bratton_0002.jpg,0,-0.041705,Emily_Robison,William_Bratton,random_negative
Clay_Aiken_0001.jpg,Evan_Rachel_Wood_0004.jpg,0,0.121785,Clay_Aiken,Evan_Rachel_Wood,random_negative
Anders_Fogh_Rasmussen_0004.jpg,Fred_Thompson_0002.jpg,0,-0.007338,Anders_Fogh_Rasmussen,Fred_Thompson,random_negative
Andy_Rooney_0001.jpg,Hans_Eichel_0003.jpg,0,0.104592,Andy_Rooney,Hans_Eichel,random_negative
Eric_Benet_0001.jpg,Steven_Seagal_0003.jpg,0,0.133958,Eric_Benet,Steven_Seagal,random_negative
Phil_Bredesen_0001.jpg,Xavier_Malisse_0001.jpg,0,0.011319,Phil_Bredesen,Xavier_Malisse,random_negative
Darrell_Royal_0002.jpg,Rick_Carlisle_0002.jpg,0,-0.030198,Darrell_Royal,Rick_Carlisle,random_negative
Elijah_Wood_0004.jpg,Reese_Witherspoon_0004.jpg,0,-0.006032,Elijah_Wood,Reese_Witherspoon,random_negative
Laurence_Tribe_0001.jpg,Paris_Hilton_0004.jpg,0,-0.057888,Laurence_Tribe,Paris_Hilton,random_negative
Asa_Hutchinson_0002.jpg,Mike_Brey_0003.jpg,0,-0.070913,Asa_Hutchinson,Mike_Brey,random_negative
Binyamin_Ben-Eliezer_0001.jpg,Franz_Fischler_0004.jpg,0,-0.063900,Binyamin_Ben-Eliezer,Franz_Fischler,random_negative
Nancy_Sinatra_0002.jpg,Stephen_Webster_0002.jpg,0,0.016501,Nancy_Sinatra,Stephen_Webster,random_negative
Blythe_Danner_0001.jpg,Leander_Paes_0004.jpg,0,0.021915,Blythe_Danner,Leander_Paes,random_negative
Hisao_Oguchi_0001.jpg,Jamie_Lee_Curtis_0001.jpg,0,0.039313,Hisao_Oguchi,Jamie_Lee_Curtis,random_negative
Matt_Damon_0002.jpg,Mike_Bryan_0001.jpg,0,0.166387,Matt_Damon,Mike_Bryan,random_negative
Hunter_Kemper_0001.jpg,Joe_Calzaghe_0001.jpg,0,0.020311,Hunter_Kemper,Joe_Calzaghe,random_negative
Jane_Russell_0004.jpg,Manuel_Llorente_0001.jpg,0,-0.035776,Jane_Russell,Manuel_Llorente,random_negative
Julia_Tymoshenko_0002.jpg,Will_Ferrell_0003.jpg,0,-0.007331,Julia_Tymoshenko,Will_Ferrell,random_negative
Arnaud_Clement_0001.jpg,Jeff_George_0001.jpg,0,-0.044197,Arnaud_Clement,Jeff_George,random_negative
Jeffrey_Archer_0001.jpg,Joe_Mantegna_0001.jpg,0,0.004569,Jeffrey_Archer,Joe_Mantegna,random_negative
Bryan_Adams_0003.jpg,Luis_Ernesto_Derbez_Bautista_0001.jpg,0,0.047934,Bryan_Adams,Luis_Ernesto_Derbez_Bautista,random_negative
Alan_Zemaitis_0001.jpg,Bob_Melvin_0002.jpg,0,-0.009831,Alan_Zemaitis,Bob_Melvin,random_negative
Jerry_Falwell_0001.jpg,Katrin_Cartlidge_0003.jpg,0,0.003127,Jerry_Falwell,Katrin_Cartlidge,random_negative
Christine_Arron_0001.jpg,Josh_Kronfeld_0001.jpg,0,0.030540,Christine_Arron,Josh_Kronfeld,random_negative
Carlos_Moya_0002.jpg,Saoud_Al_Faisal_0001.jpg,0,0.024394,Carlos_Moya,Saoud_Al_Faisal,random_negative
David_Coulthard_0001.jpg,Julia_Tymoshenko_0001.jpg,0,-0.105040,David_Coulthard,Julia_Tymoshenko,random_negative
John_Malkovich_0001.jpg,Terrell_Suggs_0001.jpg,0,-0.088518,John_Malkovich,Terrell_Suggs,random_negative
Minnie_Driver_0004.jpg,Ray_Allen_0001.jpg,0,0.069499,Minnie_Driver,Ray_Allen,random_negative
Michael_Bloomberg_0001.jpg,Olene_Walker_0001.jpg,0,0.010092,Michael_Bloomberg,Olene_Walker,random_negative
Cyndi_Thompson_0001.jpg,Jeffrey_Donaldson_0003.jpg,0,0.049925,Cyndi_Thompson,Jeffrey_Donaldson,random_negative
Donald_Regan_0002.jpg,Jayson_Williams_0001.jpg,0,-0.007382,Donald_Regan,Jayson_Williams,random_negative
Gregory_Geoffroy_0001.jpg,Mariano_Zabaleta_0003.jpg,0,-0.072477,Gregory_Geoffroy,Mariano_Zabaleta,random_negative
Gwyneth_Paltrow_0001.jpg,Rupert_Murdoch_0001.jpg,0,-0.014379,Gwyneth_Paltrow,Rupert_Murdoch,random_negative
Lino_Oviedo_0003.jpg,Michael_Patrick_King_0004.jpg,0,-0.032510,Lino_Oviedo,Michael_Patrick_King,random_negative
Boris_Trajkovski_0002.jpg,Romain_Duris_0001.jpg,0,-0.059210,Boris_Trajkovski,Romain_Duris,random_negative
Danny_Morgan_0001.jpg,Hamad_Bin_Isa_al-Khalifa_0004.jpg,0,0.029314,Danny_Morgan,Hamad_Bin_Isa_al-Khalifa,random_negative
Gary_Bergeron_0001.jpg,Jacqueline_Gold_0001.jpg,0,-0.065742,Gary_Bergeron,Jacqueline_Gold,random_negative
Gisele_Bundchen_0001.jpg,John_Walsh_0001.jpg,0,0.097864,Gisele_Bundchen,John_Walsh,random_negative
Kaoru_Hasuike_0004.jpg,Ricardo_Monasterio_0001.jpg,0,0.052451,Kaoru_Hasuike,Ricardo_Monasterio,random_negative
Hillary_Clinton_0004.jpg,James_Baker_0003.jpg,0,0.095634,Hillary_Clinton,James_Baker,random_negative
Regina_Ip_0001.jpg,Steve_Backley_0001.jpg,0,-0.033239,Regina_Ip,Steve_Backley,random_negative
Marcelo_Rios_0001.jpg,Paul-Henri_Mathieu_0004.jpg,0,0.076301,Marcelo_Rios,Paul-Henri_Mathieu,random_negative
Mark_Geragos_0002.jpg,Pascal_Affi_Nguessan_0004.jpg,0,0.026740,Mark_Geragos,Pascal_Affi_Nguessan,random_negative
Conan_OBrien_0001.jpg,Patti_Smith_0003.jpg,0,0.012355,Conan_OBrien,Patti_Smith,random_negative
Inam-ul-Haq_0001.jpg,Robin_Cook_0003.jpg,0,0.071784,Inam-ul-Haq,Robin_Cook,random_negative
Inocencio_Arias_0001.jpg,Tatiana_Panova_0001.jpg,0,-0.054238,Inocencio_Arias,Tatiana_Panova,random_negative
Deepa_Mehta_0001.jpg,Taufik_Hidayat_0001.jpg,0,-0.020194,Deepa_Mehta,Taufik_Hidayat,random_negative
Pedro_Malan_0002.jpg,Pete_Rose_0002.jpg,0,-0.115247,Pedro_Malan,Pete_Rose,random_negative
Magdalena_Maleeva_0002.jpg,Martha_Smith_0001.jpg,0,-0.005641,Magdalena_Maleeva,Martha_Smith,random_negative
Gary_Bergeron_0001.jpg,Robert_Tyrrell_0002.jpg,0,-0.019830,Gary_Bergeron,Robert_Tyrrell,random_negative
Isabelle_Huppert_0001.jpg,Jean-Francois_Pontal_0002.jpg,0,-0.004894,Isabelle_Huppert,Jean-Francois_Pontal,random_negative
Jim_Carrey_0001.jpg,Robert_Fico_0002.jpg,0,0.035999,Jim_Carrey,Robert_Fico,random_negative
Emmit_Smith_0001.jpg,Richard_Chamberlain_0002.jpg,0,0.040211,Emmit_Smith,Richard_Chamberlain,random_negative
Corinna_Harfouch_0002.jpg,Pedro_Pauleta_0001.jpg,0,0.085596,Corinna_Harfouch,Pedro_Pauleta,random_negative
Carl_Reiner_0002.jpg,Hashim_Thaci_0001.jpg,0,0.014759,Carl_Reiner,Hashim_Thaci,random_negative
Jose_Mourinho_0003.jpg,Kevin_Borseth_0002.jpg,0,0.084337,Jose_Mourinho,Kevin_Borseth,random_negative
Filippo_Volandri_0003.jpg,MC_Hammer_0004.jpg,0,-0.093275,Filippo_Volandri,MC_Hammer,random_negative
Anne_McLellan_0001.jpg,Zoran_Djindjic_0001.jpg,0,-0.012027,Anne_McLellan,Zoran_Djindjic,random_negative
Laura_Pausini_0004.jpg,Marty_Mornhinweg_0002.jpg,0,-0.079902,Laura_Pausini,Marty_Mornhinweg,random_negative
Koji_Uehara_0002.jpg,Kurt_Schottenheimer_0001.jpg,0,0.059364,Koji_Uehara,Kurt_Schottenheimer,random_negative
Jamir_Miller_0004.jpg,Masum_Turker_0001.jpg,0,0.010986,Jamir_Miller,Masum_Turker,random_negative
Bilal_Erdogan_0001.jpg,Jules_Asner_0004.jpg,0,-0.041247,Bilal_Erdogan,Jules_Asner,random_negative
Donald_Keck_0002.jpg,Peter_Care_0002.jpg,0,0.038806,Donald_Keck,Peter_Care,random_negative
Patricia_Heaton_0001.jpg,Patti_Smith_0001.jpg,0,0.049618,Patricia_Heaton,Patti_Smith,random_negative
Eduardo_Duhalde_0004.jpg,Hank_Aaron_0004.jpg,0,0.026974,Eduardo_Duhalde,Hank_Aaron,random_negative
Prakash_Hinduja_0001.jpg,Rafael_Vinoly_0002.jpg,0,0.032110,Prakash_Hinduja,Rafael_Vinoly,random_negative
Abdullah_0003.jpg,Sam_Mendes_0001.jpg,0,0.043360,Abdullah,Sam_Mendes,random_negative
Jeffrey_Archer_0001.jpg,Rob_Lowe_0004.jpg,0,0.009536,Jeffrey_Archer,Rob_Lowe,random_negative
James_Kopp_0001.jpg,Roger_Staubach_0001.jpg,0,0.152653,James_Kopp,Roger_Staubach,random_negative
Frederique_van_der_Wal_0003.jpg,Jennifer_McCoy_0001.jpg,0,-0.026053,Frederique_van_der_Wal,Jennifer_McCoy,random_negative
Jennifer_Aniston_0003.jpg,Rolf_Eckrodt_0001.jpg,0,-0.013454,Jennifer_Aniston,Rolf_Eckrodt,random_negative
Anthony_Pico_0001.jpg,Eric_Benet_0002.jpg,0,0.032783,Anthony_Pico,Eric_Benet,random_negative
Anton_Balasingham_0002.jpg,Lindsey_Graham_0004.jpg,0,0.020458,Anton_Balasingham,Lindsey_Graham,random_negative
Kyoko_Nakayama_0001.jpg,William_Hurt_0001.jpg,0,-0.003853,Kyoko_Nakayama,William_Hurt,random_negative
Mario_Lobo_Zagallo_0001.jpg,Rafael_Vinoly_0001.jpg,0,-0.059897,Mario_Lobo_Zagallo,Rafael_Vinoly,random_negative
Alex_Wallau_0001.jpg,Mike_Tyson_0002.jpg,0,-0.021906,Alex_Wallau,Mike_Tyson,random_negative
Felipe_De_Borbon_0002.jpg,Ralph_Nader_0002.jpg,0,0.014626,Felipe_De_Borbon,Ralph_Nader,random_negative
Fabiola_Zuluaga_0002.jpg,Juan_Pablo_Montoya_0003.jpg,0,0.012041,Fabiola_Zuluaga,Juan_Pablo_Montoya,random_negative
Jaime_Pressly_0004.jpg,Phillipe_Comtois_0001.jpg,0,0.030241,Jaime_Pressly,Phillipe_Comtois,random_negative
Baburam_Bhattari_0002.jpg,Shawn_Bradley_0004.jpg,0,0.073090,Baburam_Bhattari,Shawn_Bradley,random_negative
Chick_Hearn_0004.jpg,Tabare_Vazquez_0004.jpg,0,-0.076323,Chick_Hearn,Tabare_Vazquez,random_negative
Maggie_Smith_0004.jpg,Patrice_Chereau_0003.jpg,0,0.108391,Maggie_Smith,Patrice_Chereau,random_negative
Christine_Baumgartner_0001.jpg,Mikhail_Khodorkovsky_0001.jpg,0,0.017847,Christine_Baumgartner,Mikhail_Khodorkovsky,random_negative
Abdullah_Gul_0001.jpg,Steve_Kerr_0001.jpg,0,-0.047340,Abdullah_Gul,Steve_Kerr,random_negative
Jackie_Dennis_0001.jpg,Rosie_Perez_0002.jpg,0,-0.071346,Jackie_Dennis,Rosie_Perez,random_negative
Bill_Callahan_0002.jpg,Herman_Edwards_0001.jpg,0,-0.016573,Bill_Callahan,Herman_Edwards,random_negative
Andy_Griffith_0003.jpg,Jim_Hendry_0001.jpg,0,-0.029042,Andy_Griffith,Jim_Hendry,random_negative
Edwin_Edwards_0002.jpg,Hun_Sen_0004.jpg,0,0.084234,Edwin_Edwards,Hun_Sen,random_negative
James_Butts_0002.jpg,Mark_Wahlberg_0003.jpg,0,-0.018413,James_Butts,Mark_Wahlberg,random_negative
Bixente_LIzarazu_0001.jpg,Queen_Beatrix_0001.jpg,0,0.070541,Bixente_LIzarazu,Queen_Beatrix,random_negative
Lisa_Marie_Presley_0002.jpg,Martin_McGuinness_0002.jpg,0,-0.039392,Lisa_Marie_Presley,Martin_McGuinness,random_negative
Meryl_Streep_0002.jpg,Rashid_Qureshi_0002.jpg,0,0.018382,Meryl_Streep,Rashid_Qureshi,random_negative
Clara_Harris_0002.jpg,Jeremy_Wotherspoon_0001.jpg,0,0.012893,Clara_Harris,Jeremy_Wotherspoon,random_negative
Albert_Costa_0003.jpg,Rosie_Perez_0003.jpg,0,0.040111,Albert_Costa,Rosie_Perez,random_negative
Jean-Claude_Braquet_0001.jpg,Paul_Martin_0002.jpg,0,-0.014979,Jean-Claude_Braquet,Paul_Martin,random_negative
Emily_Mortimer_0002.jpg,Jaromir_Jagr_0001.jpg,0,-0.013605,Emily_Mortimer,Jaromir_Jagr,random_negative
Julia_Glass_0001.jpg,Vitali_Klitschko_0001.jpg,0,0.001360,Julia_Glass,Vitali_Klitschko,random_negative
Angela_Lansbury_0001.jpg,Emmit_Smith_0002.jpg,0,0.015132,Angela_Lansbury,Emmit_Smith,random_negative
Jose_Luis_Rodriguez_Zapatero_0001.jpg,Walter_Mondale_0002.jpg,0,-0.033317,Jose_Luis_Rodriguez_Zapatero,Walter_Mondale,random_negative
Jim_Jeffords_0001.jpg,Mario_Cipollini_0002.jpg,0,0.000832,Jim_Jeffords,Mario_Cipollini,random_negative
Leander_Paes_0004.jpg,Wayne_Ferreira_0001.jpg,0,-0.083124,Leander_Paes,Wayne_Ferreira,random_negative
Benito_Santiago_0004.jpg,Pablo_Latras_0002.jpg,0,-0.012418,Benito_Santiago,Pablo_Latras,random_negative
Amy_Cotton_0001.jpg,Sean_OKeefe_0001.jpg,0,-0.024230,Amy_Cotton,Sean_OKeefe,random_negative
Franz_Fischler_0001.jpg,Mark_Philippoussis_0001.jpg,0,-0.058558,Franz_Fischler,Mark_Philippoussis,random_negative
Debra_Brown_0001.jpg,Ian_McKellen_0001.jpg,0,0.060880,Debra_Brown,Ian_McKellen,random_negative
Cyndi_Thompson_0003.jpg,Jim_Harrick_0002.jpg,0,-0.087661,Cyndi_Thompson,Jim_Harrick,random_negative
Lance_Bass_0003.jpg,Ratna_Sari_Dewi_Sukarno_0004.jpg,0,-0.049738,Lance_Bass,Ratna_Sari_Dewi_Sukarno,random_negative
John_Mayer_0002.jpg,Matthias_Sammer_0004.jpg,0,0.044043,John_Mayer,Matthias_Sammer,random_negative
Charles_Taylor_0001.jpg,Melissa_Stark_0004.jpg,0,-0.013129,Charles_Taylor,Melissa_Stark,random_negative
Dick_Armey_0003.jpg,Tian_Zhuang_Zhuang_0001.jpg,0,0.017268,Dick_Armey,Tian_Zhuang_Zhuang,random_negative
Ben_Affleck_0002.jpg,Warren_Buffett_0001.jpg,0,0.062271,Ben_Affleck,Warren_Buffett,random_negative
Nicholas_Tse_0004.jpg,Richie_Adubato_0001.jpg,0,0.038139,Nicholas_Tse,Richie_Adubato,random_negative
Joshua_Gracin_0002.jpg,Rosemarie_Stack_0002.jpg,0,-0.034075,Joshua_Gracin,Rosemarie_Stack,random_negative
Alan_Ball_0001.jpg,Mary_Lou_Retton_0003.jpg,0,0.012824,Alan_Ball,Mary_Lou_Retton,random_negative
Chris_Moore_0001.jpg,Dionne_Warwick_0001.jpg,0,-0.037314,Chris_Moore,Dionne_Warwick,random_negative
Sebastian_Porto_0001.jpg,Yossi_Beilin_0001.jpg,0,0.017960,Sebastian_Porto,Yossi_Beilin,random_negative
Elizabeth_Smart_0004.jpg,Luis_Figo_0001.jpg,0,0.021692,Elizabeth_Smart,Luis_Figo,random_negative
Michelle_Bachelet_0003.jpg,Peter_Caruana_0001.jpg,0,0.010320,Michelle_Bachelet,Peter_Caruana,random_negative
Annette_Bening_0001.jpg,Larry_Beinfest_0001.jpg,0,0.041660,Annette_Bening,Larry_Beinfest,random_negative
Amy_Yasbeck_0004.jpg,James_Gandolfini_0001.jpg,0,-0.012139,Amy_Yasbeck,James_Gandolfini,random_negative
Gong_Ruina_0001.jpg,Lord_Hutton_0001.jpg,0,0.035397,Gong_Ruina,Lord_Hutton,random_negative
Joey_Mantia_0002.jpg,Manfred_Stolpe_0004.jpg,0,0.018541,Joey_Mantia,Manfred_Stolpe,random_negative
Christine_Ebersole_0001.jpg,Dennis_Johnson_0004.jpg,0,-0.025538,Christine_Ebersole,Dennis_Johnson,random_negative
Ally_Sheedy_0004.jpg,Gary_Sinise_0004.jpg,0,0.053151,Ally_Sheedy,Gary_Sinise,random_negative
Jessica_Capshaw_0001.jpg,Vladimir_Putin_0001.jpg,0,-0.060241,Jessica_Capshaw,Vladimir_Putin,random_negative
Eduardo_Duhalde_0003.jpg,Gloria_Macapagal_Arroyo_0003.jpg,0,0.012980,Eduardo_Duhalde,Gloria_Macapagal_Arroyo,random_negative
Joey_Mantia_0004.jpg,Scott_McNealy_0001.jpg,0,0.068854,Joey_Mantia,Scott_McNealy,random_negative
Amanda_Marsh_0002.jpg,Matt_Anderson_0002.jpg,0,-0.007325,Amanda_Marsh,Matt_Anderson,random_negative
Bing_Crosby_0001.jpg,Gina_Gershon_0001.jpg,0,-0.052793,Bing_Crosby,Gina_Gershon,random_negative
Dan_Morales_0002.jpg,Robert_Duvall_0003.jpg,0,0.000134,Dan_Morales,Robert_Duvall,random_negative
Andy_Rooney_0001.jpg,Jennifer_Lopez_0001.jpg,0,0.010347,Andy_Rooney,Jennifer_Lopez,random_negative
Erin_Hershey_Presley_0001.jpg,Joerg_Haider_0004.jpg,0,-0.062720,Erin_Hershey_Presley,Joerg_Haider,random_negative
Sean_Hayes_0004.jpg,Tom_Coverdale_0003.jpg,0,-0.046770,Sean_Hayes,Tom_Coverdale,random_negative
Ralph_Nader_0002.jpg,Yang_Jianli_0002.jpg,0,-0.114287,Ralph_Nader,Yang_Jianli,random_negative
James_Hallock_0001.jpg,Sureyya_Ayhan_0001.jpg,0,0.017804,James_Hallock,Sureyya_Ayhan,random_negative
Eddie_Jordan_0001.jpg,Mike_Eskew_0003.jpg,0,-0.023583,Eddie_Jordan,Mike_Eskew,random_negative
Li_Ka-shing_0003.jpg,Lindsey_Graham_0001.jpg,0,-0.017401,Li_Ka-shing,Lindsey_Graham,random_negative
Cecile_de_France_0002.jpg,Paddy_Torsney_0003.jpg,0,0.056489,Cecile_de_France,Paddy_Torsney,random_negative
James_Brown_0004.jpg,Pablo_Latras_0002.jpg,0,0.024432,James_Brown,Pablo_Latras,random_negative
Mickey_Rooney_0004.jpg,Sila_Calderon_0001.jpg,0,0.051439,Mickey_Rooney,Sila_Calderon,random_negative
Gordana_Grubin_0002.jpg,Sylvie_Guillem_0003.jpg,0,0.013135,Gordana_Grubin,Sylvie_Guillem,random_negative
Britney_Spears_0003.jpg,Michael_Jackson_0001.jpg,0,0.106698,Britney_Spears,Michael_Jackson,random_negative
Darin_Erstad_0002.jpg,John_Ashcroft_0003.jpg,0,0.022491,Darin_Erstad,John_Ashcroft,random_negative
Julio_Rossi_0001.jpg,Peter_Greenspun_0001.jpg,0,-0.100713,Julio_Rossi,Peter_Greenspun,random_negative
Hans_Blix_0002.jpg,Robin_Wright_Penn_0004.jpg,0,-0.098660,Hans_Blix,Robin_Wright_Penn,random_negative
Fred_Eckhard_0002.jpg,Padraig_Harrington_0001.jpg,0,-0.058513,Fred_Eckhard,Padraig_Harrington,random_negative
Micah_Knorr_0002.jpg,Michael_Leavitt_0004.jpg,0,-0.113534,Micah_Knorr,Michael_Leavitt,random_negative
Elena_Dementieva_0001.jpg,Gustavo_Kuerten_0004.jpg,0,-0.067064,Elena_Dementieva,Gustavo_Kuerten,random_negative
Brett_Boone_0002.jpg,Edward_Said_0001.jpg,0,-0.084211,Brett_Boone,Edward_Said,random_negative
Alfredo_di_Stefano_0001.jpg,Paul_McCartney_0004.jpg,0,-0.035684,Alfredo_di_Stefano,Paul_McCartney,random_negative
Anita_DeFrantz_0001.jpg,Rudolf_Schuster_0002.jpg,0,0.055523,Anita_DeFrantz,Rudolf_Schuster,random_negative
David_Bisbal_0004.jpg,Meryl_Streep_0002.jpg,0,-0.035545,David_Bisbal,Meryl_Streep,random_negative
Andre_Agassi_0003.jpg,Laura_Morante_0001.jpg,0,-0.187015,Andre_Agassi,Laura_Morante,random_negative
Barbara_Brezigar_0001.jpg,Ken_Kutaragi_0002.jpg,0,-0.036068,Barbara_Brezigar,Ken_Kutaragi,random_negative
Gerald_Fitch_0001.jpg,Razali_Ismail_0001.jpg,0,-0.101491,Gerald_Fitch,Razali_Ismail,random_negative
Gina_Lollobrigida_0001.jpg,Susie_Castillo_0001.jpg,0,-0.075507,Gina_Lollobrigida,Susie_Castillo,random_negative
Graeme_Smith_0001.jpg,Paul_LeClerc_0003.jpg,0,0.069829,Graeme_Smith,Paul_LeClerc,random_negative
Carolyn_Kuhl_0002.jpg,Jeffrey_Immelt_0003.jpg,0,-0.041792,Carolyn_Kuhl,Jeffrey_Immelt,random_negative
Johannes_Rau_0001.jpg,Maribel_Dominguez_0001.jpg,0,0.008341,Johannes_Rau,Maribel_Dominguez,random_negative
Joaquin_Sanchez_0004.jpg,Michael_Kostelnik_0002.jpg,0,0.082559,Joaquin_Sanchez,Michael_Kostelnik,random_negative
Jim_Ryan_0001.jpg,Wan_Yanhai_0002.jpg,0,-0.079958,Jim_Ryan,Wan_Yanhai,random_negative
Mehmet_Okur_0004.jpg,Tom_DeLay_0004.jpg,0,-0.010506,Mehmet_Okur,Tom_DeLay,random_negative
Eddie_Sutton_0001.jpg,Theresa_May_0002.jpg,0,-0.066092,Eddie_Sutton,Theresa_May,random_negative
Lionel_Richie_0001.jpg,William_Webster_0004.jpg,0,-0.025876,Lionel_Richie,William_Webster,random_negative
Giulio_Andreotti_0001.jpg,Laura_Ziskin_0002.jpg,0,-0.038601,Giulio_Andreotti,Laura_Ziskin,random_negative
Lou_Piniella_0004.jpg,Nicolas_Macrozonaris_0003.jpg,0,-0.088800,Lou_Piniella,Nicolas_Macrozonaris,random_negative
George_Allen_0001.jpg,Lloyd_Ward_0003.jpg,0,0.017203,George_Allen,Lloyd_Ward,random_negative
Makhdoom_Amin_Fahim_0001.jpg,Wally_Szczerbiak_0004.jpg,0,0.053579,Makhdoom_Amin_Fahim,Wally_Szczerbiak,random_negative
T_Boone_Pickens_0001.jpg,Yu_Shyi-kun_0003.jpg,0,-0.018428,T_Boone_Pickens,Yu_Shyi-kun,random_negative
Mike_Tice_0001.jpg,Warren_Truss_0001.jpg,0,0.011857,Mike_Tice,Warren_Truss,random_negative
Fabian_Vargas_0004.jpg,Neri_Marcore_0004.jpg,0,0.076002,Fabian_Vargas,Neri_Marcore,random_negative
Betty_Williams_0003.jpg,Scott_Rudin_0002.jpg,0,0.065362,Betty_Williams,Scott_Rudin,random_negative
Hillary_Clinton_0003.jpg,Jim_Letten_0002.jpg,0,-0.099286,Hillary_Clinton,Jim_Letten,random_negative
Dan_Wheldon_0001.jpg,Gaston_Gaudio_0001.jpg,0,-0.049299,Dan_Wheldon,Gaston_Gaudio,random_negative
Cherie_Blair_0002.jpg,Sidney_Kimmel_0002.jpg,0,-0.071480,Cherie_Blair,Sidney_Kimmel,random_negative
Luis_Figo_0001.jpg,Zhu_Rongji_0001.jpg,0,-0.053381,Luis_Figo,Zhu_Rongji,random_negative
John_Warner_0001.jpg,Tom_Coverdale_0004.jpg,0,-0.069428,John_Warner,Tom_Coverdale,random_negative
Jesse_Ventura_0001.jpg,Saoud_Al_Faisal_0001.jpg,0,0.006590,Jesse_Ventura,Saoud_Al_Faisal,random_negative
Bernadette_Peters_0003.jpg,Michael_Goldrich_0001.jpg,0,0.027285,Bernadette_Peters,Michael_Goldrich,random_negative
Lucio_Angulo_0001.jpg,Sok_An_0004.jpg,0,0.031450,Lucio_Angulo,Sok_An,random_negative
Michelle_Pfeiffer_0001.jpg,Pierre_Lacroix_0003.jpg,0,-0.118727,Michelle_Pfeiffer,Pierre_Lacroix,random_negative
Bruce_Willis_0003.jpg,Paul_Martin_0001.jpg,0,0.039951,Bruce_Willis,Paul_Martin,random_negative
Darla_Moore_0001.jpg,Heather_Locklear_0004.jpg,0,0.103272,Darla_Moore,Heather_Locklear,random_negative
Adrian_Fernandez_0003.jpg,Bob_Geldof_0001.jpg,0,0.048829,Adrian_Fernandez,Bob_Geldof,random_negative
Alejandro_Toledo_0002.jpg,Joe_Mantegna_0004.jpg,0,-0.005144,Alejandro_Toledo,Joe_Mantegna,random_negative
Candie_Kung_0001.jpg,Clifford_Robinson_0001.jpg,0,-0.070940,Candie_Kung,Clifford_Robinson,random_negative
Dwain_Kyles_0001.jpg,Teddy_Kollek_0001.jpg,0,0.025797,Dwain_Kyles,Teddy_Kollek,random_negative
Jan_Pronk_0002.jpg,Pete_Sampras_0002.jpg,0,0.027246,Jan_Pronk,Pete_Sampras,random_negative
Angela_Alvarado_Rosa_0003.jpg,Mitt_Romney_0004.jpg,0,-0.025981,Angela_Alvarado_Rosa,Mitt_Romney,random_negative
Hunter_Kemper_0002.jpg,Nathalie_Baye_0004.jpg,0,0.035686,Hunter_Kemper,Nathalie_Baye,random_negative
Felix_Sanchez_0001.jpg,Vanessa_Incontrada_0001.jpg,0,-0.030733,Felix_Sanchez,Vanessa_Incontrada,random_negative
Nicolas_Cage_0004.jpg,Pierre_Boulanger_0004.jpg,0,-0.041982,Nicolas_Cage,Pierre_Boulanger,random_negative
Hamid_Karzai_0002.jpg,Laurence_Tribe_0001.jpg,0,0.091912,Hamid_Karzai,Laurence_Tribe,random_negative
Bill_Readdy_0002.jpg,Matt_Damon_0002.jpg,0,0.044815,Bill_Readdy,Matt_Damon,random_negative
Michael_Kirby_0004.jpg,Robby_Ginepri_0003.jpg,0,0.081007,Michael_Kirby,Robby_Ginepri,random_negative
Anthony_Pico_0002.jpg,Catherine_Bell_0001.jpg,0,-0.004319,Anthony_Pico,Catherine_Bell,random_negative
Ben_Cahoon_0004.jpg,Corinne_Coman_0001.jpg,0,0.006588,Ben_Cahoon,Corinne_Coman,random_negative
Michel_Temer_0001.jpg,Terry_Stotts_0003.jpg,0,0.067173,Michel_Temer,Terry_Stotts,random_negative
Dave_Barr_0001.jpg,Tung_Chee-hwa_0002.jpg,0,-0.077634,Dave_Barr,Tung_Chee-hwa,random_negative
Billy_Boyd_0001.jpg,Filippo_Inzaghi_0001.jpg,0,-0.038762,Billy_Boyd,Filippo_Inzaghi,random_negative
Michael_Kostelnik_0001.jpg,William_Rosenberg_0002.jpg,0,0.119207,Michael_Kostelnik,William_Rosenberg,random_negative
Jean-David_Levitte_0002.jpg,Jude_Law_0001.jpg,0,0.005440,Jean-David_Levitte,Jude_Law,random_negative
Pyar_Jung_Thapa_0001.jpg,Sidney_Poitier_0001.jpg,0,0.021890,Pyar_Jung_Thapa,Sidney_Poitier,random_negative
Beatrice_Dalle_0002.jpg,Chuck_Yeager_0001.jpg,0,-0.002559,Beatrice_Dalle,Chuck_Yeager,random_negative
Carlo_Azeglio_Ciampi_0002.jpg,Woody_Allen_0001.jpg,0,0.033442,Carlo_Azeglio_Ciampi,Woody_Allen,random_negative
Bernadette_Peters_0003.jpg,Sebastian_Porto_0001.jpg,0,-0.011586,Bernadette_Peters,Sebastian_Porto,random_negative
Lesley_Coppin_0002.jpg,Nia_Vardalos_0001.jpg,0,0.010434,Lesley_Coppin,Nia_Vardalos,random_negative
Arianna_Huffington_0001.jpg,Astrid_Betancourt_0003.jpg,0,0.058647,Arianna_Huffington,Astrid_Betancourt,random_negative
Dwayne_Wade_0002.jpg,Wolfgang_Schneiderhan_0001.jpg,0,0.081158,Dwayne_Wade,Wolfgang_Schneiderhan,random_negative
Grant_Hackett_0003.jpg,Inam-ul-Haq_0001.jpg,0,0.077264,Grant_Hackett,Inam-ul-Haq,random_negative
John_Bolton_0001.jpg,John_Ruiz_0002.jpg,0,-0.002419,John_Bolton,John_Ruiz,random_negative
Jaime_Pressly_0004.jpg,James_Brosnahan_0001.jpg,0,0.042721,Jaime_Pressly,James_Brosnahan,random_negative
Ambrose_Lee_0001.jpg,Sidney_Kimmel_0002.jpg,0,0.004882,Ambrose_Lee,Sidney_Kimmel,random_negative
Abraham_Foxman_0004.jpg,Jim_Calhoun_0001.jpg,0,0.025858,Abraham_Foxman,Jim_Calhoun,random_negative
Chris_Rock_0001.jpg,John_Malkovich_0001.jpg,0,-0.046208,Chris_Rock,John_Malkovich,random_negative
Kurt_Warner_0002.jpg,Ricky_Martin_0001.jpg,0,-0.073272,Kurt_Warner,Ricky_Martin,random_negative
George_Harrison_0001.jpg,Lance_Armstrong_0001.jpg,0,0.064008,George_Harrison,Lance_Armstrong,random_negative
Henri_Proglio_0003.jpg,Judi_Dench_0003.jpg,0,-0.143275,Henri_Proglio,Judi_Dench,random_negative
Angelo_Reyes_0002.jpg,John_Baldacci_0001.jpg,0,-0.058888,Angelo_Reyes,John_Baldacci,random_negative
Alec_Baldwin_0001.jpg,Grant_Hackett_0001.jpg,0,0.041320,Alec_Baldwin,Grant_Hackett,random_negative
Eddie_Sutton_0002.jpg,Erika_Christensen_0003.jpg,0,-0.060382,Eddie_Sutton,Erika_Christensen,random_negative
Nona_Gaye_0002.jpg,Richard_Gere_0002.jpg,0,-0.059471,Nona_Gaye,Richard_Gere,random_negative
Guangdong_Ou_Guangyuan_0002.jpg,Kay_Bailey_Hutchison_0001.jpg,0,-0.064420,Guangdong_Ou_Guangyuan,Kay_Bailey_Hutchison,random_negative
Lana_Clarkson_0002.jpg,Reese_Witherspoon_0001.jpg,0,-0.006621,Lana_Clarkson,Reese_Witherspoon,random_negative
Mehmet_Ali_Sahin_0001.jpg,Padraig_Harrington_0004.jpg,0,-0.051045,Mehmet_Ali_Sahin,Padraig_Harrington,random_negative
Neri_Marcore_0004.jpg,Oscar_Elias_Biscet_0003.jpg,0,0.039308,Neri_Marcore,Oscar_Elias_Biscet,random_negative
Billy_Andrade_0001.jpg,Edward_Egan_0001.jpg,0,-0.014811,Billy_Andrade,Edward_Egan,random_negative
Joerg_Haider_0001.jpg,Robert_Mugabe_0002.jpg,0,-0.000279,Joerg_Haider,Robert_Mugabe,random_negative
Angela_Merkel_0001.jpg,Martin_ONeill_0002.jpg,0,-0.003649,Angela_Merkel,Martin_ONeill,random_negative
John_Tyson_0001.jpg,Sebastian_Saja_0002.jpg,0,-0.004776,John_Tyson,Sebastian_Saja,random_negative
Hal_Sellers_0001.jpg,Heidi_Klum_0002.jpg,0,-0.003785,Hal_Sellers,Heidi_Klum,random_negative
Chandrika_Kumaratunga_0001.jpg,Stacey_Dales-Schuman_0001.jpg,0,-0.069498,Chandrika_Kumaratunga,Stacey_Dales-Schuman,random_negative
Danny_Glover_0003.jpg,Jack_Nicholson_0001.jpg,0,-0.044620,Danny_Glover,Jack_Nicholson,random_negative
Diane_Ladd_0003.jpg,Kate_Capshaw_0001.jpg,0,0.004844,Diane_Ladd,Kate_Capshaw,random_negative
Clara_Harris_0002.jpg,Toni_Braxton_0001.jpg,0,-0.037446,Clara_Harris,Toni_Braxton,random_negative
Dennis_Powell_0002.jpg,Michael_Richards_0001.jpg,0,0.065122,Dennis_Powell,Michael_Richards,random_negative
Derek_Lowe_0004.jpg,Erik_Morales_0003.jpg,0,0.039938,Derek_Lowe,Erik_Morales,random_negative
Marsha_Thomason_0001.jpg,Queen_Sofia_0002.jpg,0,0.038241,Marsha_Thomason,Queen_Sofia,random_negative
Steve_Nash_0001.jpg,Troy_Aikman_0001.jpg,0,-0.049126,Steve_Nash,Troy_Aikman,random_negative
Guillaume_Soro_0002.jpg,LeBron_James_0002.jpg,0,-0.013207,Guillaume_Soro,LeBron_James,random_negative
Guillermo_Coria_0001.jpg,Mike_Babcock_0001.jpg,0,-0.074730,Guillermo_Coria,Mike_Babcock,random_negative
Humberto_Coelho_0001.jpg,Peter_Care_0002.jpg,0,-0.015290,Humberto_Coelho,Peter_Care,random_negative
Claire_Danes_0004.jpg,Teresa_Heinz_Kerry_0001.jpg,0,0.081440,Claire_Danes,Teresa_Heinz_Kerry,random_negative
Angela_Merkel_0004.jpg,Anne_Heche_0002.jpg,0,0.071477,Angela_Merkel,Anne_Heche,random_negative
Kathleen_Glynn_0004.jpg,Mian_Khursheed_Mehmood_Kasuri_0001.jpg,0,0.037705,Kathleen_Glynn,Mian_Khursheed_Mehmood_Kasuri,random_negative
Steve_Peace_0002.jpg,Wang_Yi_0004.jpg,0,0.024868,Steve_Peace,Wang_Yi,random_negative
Hideki_Matsui_0001.jpg,Lina_Krasnoroutskaya_0004.jpg,0,0.013962,Hideki_Matsui,Lina_Krasnoroutskaya,random_negative
Isabelle_Huppert_0001.jpg,Nicole_Kidman_0001.jpg,0,-0.014661,Isabelle_Huppert,Nicole_Kidman,random_negative
Prince_Harry_0003.jpg,Richard_Myers_0002.jpg,0,0.076695,Prince_Harry,Richard_Myers,random_negative
Dick_Armey_0001.jpg,Jeremy_Shockey_0003.jpg,0,0.004631,Dick_Armey,Jeremy_Shockey,random_negative
Anibal_Ibarra_0001.jpg,Mike_Brey_0003.jpg,0,0.133062,Anibal_Ibarra,Mike_Brey,random_negative
Anton_Balasingham_0002.jpg,Felipe_Perez_Roque_0002.jpg,0,0.014113,Anton_Balasingham,Felipe_Perez_Roque,random_negative
Karin_Pilsaeter_0002.jpg,Randy_Dryer_0001.jpg,0,-0.036931,Karin_Pilsaeter,Randy_Dryer,random_negative
Benazir_Bhutto_0002.jpg,Matt_LeBlanc_0001.jpg,0,0.029152,Benazir_Bhutto,Matt_LeBlanc,random_negative
Dave_McGinnis_0001.jpg,Larry_Coker_0001.jpg,0,0.056477,Dave_McGinnis,Larry_Coker,random_negative
Nelson_Acosta_0001.jpg,Paul_Vathis_0001.jpg,0,-0.070451,Nelson_Acosta,Paul_Vathis,random_negative
JJ_Redick_0004.jpg,Linda_Dano_0002.jpg,0,-0.043530,JJ_Redick,Linda_Dano,random_negative
Billy_Andrade_0001.jpg,Oliver_Neuville_0001.jpg,0,0.070429,Billy_Andrade,Oliver_Neuville,random_negative
Sean_Hayes_0004.jpg,Uzi_Even_0002.jpg,0,-0.092272,Sean_Hayes,Uzi_Even,random_negative
Jeff_George_0003.jpg,Jennifer_McCoy_0002.jpg,0,0.017862,Jeff_George,Jennifer_McCoy,random_negative
Lleyton_Hewitt_0001.jpg,Mary_Steenburgen_0001.jpg,0,0.043491,Lleyton_Hewitt,Mary_Steenburgen,random_negative
Jeannette_Biedermann_0001.jpg,OJ_Simpson_0004.jpg,0,0.032193,Jeannette_Biedermann,OJ_Simpson,random_negative
Carson_Palmer_0002.jpg,Diego_Armando_Maradona_0001.jpg,0,0.136443,Carson_Palmer,Diego_Armando_Maradona,random_negative
Gerhard_Schroeder_0003.jpg,Pierre_Boulanger_0003.jpg,0,0.109589,Gerhard_Schroeder,Pierre_Boulanger,random_negative
Alexander_Losyukov_0001.jpg,Dragan_Covic_0001.jpg,0,0.096771,Alexander_Losyukov,Dragan_Covic,random_negative
Hana_Makhmalbaf_0002.jpg,Jean-Claude_Trichet_0004.jpg,0,-0.035484,Hana_Makhmalbaf,Jean-Claude_Trichet,random_negative
Denys_Arcand_0004.jpg,Micah_Knorr_0002.jpg,0,-0.020173,Denys_Arcand,Micah_Knorr,random_negative
Lisa_Stone_0001.jpg,Rodney_Dangerfield_0001.jpg,0,-0.015594,Lisa_Stone,Rodney_Dangerfield,random_negative
Randy_Travis_0001.jpg,Sandra_Day_OConner_0001.jpg,0,0.068591,Randy_Travis,Sandra_Day_OConner,random_negative
David_Coulthard_0003.jpg,Vince_Dooley_0004.jpg,0,0.013457,David_Coulthard,Vince_Dooley,random_negative
Rod_Thorn_0002.jpg,Steve_Park_0001.jpg,0,-0.091384,Rod_Thorn,Steve_Park,random_negative
Andy_Benes_0003.jpg,Joy_Bryant_0002.jpg,0,0.010258,Andy_Benes,Joy_Bryant,random_negative
Eduardo_Duhalde_0003.jpg,Michael_J_Fox_0004.jpg,0,0.052210,Eduardo_Duhalde,Michael_J_Fox,random_negative
Brad_Wilk_0001.jpg,Valentino_Rossi_0002.jpg,0,-0.056587,Brad_Wilk,Valentino_Rossi,random_negative
Kevin_James_0001.jpg,Rudy_Tomjanovich_0004.jpg,0,0.046811,Kevin_James,Rudy_Tomjanovich,random_negative
Ian_Huntley_0003.jpg,Sandra_Day_OConner_0001.jpg,0,-0.032754,Ian_Huntley,Sandra_Day_OConner,random_negative
Bob_Menendez_0003.jpg,Mitchell_Swartz_0002.jpg,0,-0.046876,Bob_Menendez,Mitchell_Swartz,random_negative
Frank_Stallone_0001.jpg,Sun_Myung_Moon_0001.jpg,0,-0.045635,Frank_Stallone,Sun_Myung_Moon,random_negative
Daniel_Coats_0003.jpg,Roy_Moore_0002.jpg,0,0.004528,Daniel_Coats,Roy_Moore,random_negative
Don_Siegelman_0003.jpg,Melissa_Stark_0003.jpg,0,-0.064853,Don_Siegelman,Melissa_Stark,random_negative
Angelo_Reyes_0001.jpg,Evan_Rachel_Wood_0002.jpg,0,0.047488,Angelo_Reyes,Evan_Rachel_Wood,random_negative
Kellie_Coffey_0001.jpg,Sadie_Frost_0004.jpg,0,-0.058286,Kellie_Coffey,Sadie_Frost,random_negative
Bruce_Paltrow_0003.jpg,Martha_Sahagun_de_Fox_0004.jpg,0,-0.048110,Bruce_Paltrow,Martha_Sahagun_de_Fox,random_negative
Evelyn_Lauder_0004.jpg,Sally_Ride_0001.jpg,0,-0.003129,Evelyn_Lauder,Sally_Ride,random_negative
Britney_Spears_0001.jpg,Mel_Gibson_0001.jpg,0,-0.098972,Britney_Spears,Mel_Gibson,random_negative
Brooke_Adams_0003.jpg,Steve_Largent_0001.jpg,0,0.025453,Brooke_Adams,Steve_Largent,random_negative
Dale_Earnhardt_Jr_0001.jpg,Lee_Hoi-chang_0001.jpg,0,-0.026278,Dale_Earnhardt_Jr,Lee_Hoi-chang,random_negative
Guy_Ritchie_0002.jpg,Jason_Vale_0001.jpg,0,0.043093,Guy_Ritchie,Jason_Vale,random_negative
Bill_Cartwright_0004.jpg,John_Danforth_0003.jpg,0,0.076222,Bill_Cartwright,John_Danforth,random_negative
James_Coburn_0001.jpg,Jason_Kidd_0003.jpg,0,0.028676,James_Coburn,Jason_Kidd,random_negative
Bo_Ryan_0001.jpg,Sandra_Day_OConner_0001.jpg,0,0.009226,Bo_Ryan,Sandra_Day_OConner,random_negative
Linus_Roache_0001.jpg,Sterling_Hitchcock_0003.jpg,0,-0.073340,Linus_Roache,Sterling_Hitchcock,random_negative
Cheryl_Ford_0001.jpg,Don_Hewitt_0001.jpg,0,0.021098,Cheryl_Ford,Don_Hewitt,random_negative
Jaime_Pressly_0003.jpg,Joshua_Gracin_0002.jpg,0,0.087063,Jaime_Pressly,Joshua_Gracin,random_negative
Rick_Pitino_0004.jpg,Stephen_Frears_0004.jpg,0,-0.013549,Rick_Pitino,Stephen_Frears,random_negative
Laurent_Gbagbo_0003.jpg,Mikhail_Kasyanov_0002.jpg,0,0.023740,Laurent_Gbagbo,Mikhail_Kasyanov,random_negative
Enrique_Oliu_0001.jpg,Jennifer_Connelly_0001.jpg,0,-0.069371,Enrique_Oliu,Jennifer_Connelly,random_negative
Sara_Silverman_0002.jpg,Scott_McNealy_0001.jpg,0,-0.005147,Sara_Silverman,Scott_McNealy,random_negative
Roger_Federer_0002.jpg,Xavier_Malisse_0004.jpg,0,-0.045275,Roger_Federer,Xavier_Malisse,random_negative
Heather_Locklear_0001.jpg,Jason_Alexander_0003.jpg,0,0.036874,Heather_Locklear,Jason_Alexander,random_negative
Barry_Collier_0001.jpg,Mary_Elizabeth_Mastrantonio_0001.jpg,0,0.026259,Barry_Collier,Mary_Elizabeth_Mastrantonio,random_negative
Ahmet_Demir_0002.jpg,Billy_Donovan_0001.jpg,0,0.009635,Ahmet_Demir,Billy_Donovan,random_negative
Paul_Sarbanes_0002.jpg,Peter_Ueberroth_0001.jpg,0,0.156593,Paul_Sarbanes,Peter_Ueberroth,random_negative
Julio_Rossi_0001.jpg,Shannyn_Sossamon_0002.jpg,0,0.014254,Julio_Rossi,Shannyn_Sossamon,random_negative
Dennis_Erickson_0003.jpg,Mark_Philippoussis_0004.jpg,0,0.015496,Dennis_Erickson,Mark_Philippoussis,random_negative
Don_Hewitt_0002.jpg,Valentino_Rossi_0001.jpg,0,-0.060280,Don_Hewitt,Valentino_Rossi,random_negative
Gil_Cates_0001.jpg,Richard_Haass_0003.jpg,0,-0.098169,Gil_Cates,Richard_Haass,random_negative
John_Negroponte_0001.jpg,Yuvraj_Singh_0004.jpg,0,0.067248,John_Negroponte,Yuvraj_Singh,random_negative
LeBron_James_0004.jpg,Lincoln_Chafee_0001.jpg,0,-0.016817,LeBron_James,Lincoln_Chafee,random_negative
Filippo_Inzaghi_0002.jpg,Steve_Redgrave_0004.jpg,0,-0.020835,Filippo_Inzaghi,Steve_Redgrave,random_negative
Cameron_Diaz_0002.jpg,John_Lynch_0001.jpg,0,0.091539,Cameron_Diaz,John_Lynch,random_negative
Gilberto_Rodriguez_Orejuela_0002.jpg,Gordon_Brown_0004.jpg,0,-0.006701,Gilberto_Rodriguez_Orejuela,Gordon_Brown,random_negative
Kurt_Warner_0002.jpg,Mickey_Rooney_0001.jpg,0,0.051153,Kurt_Warner,Mickey_Rooney,random_negative
Markus_Naslund_0002.jpg,Roberto_Benigni_0001.jpg,0,0.009000,Markus_Naslund,Roberto_Benigni,random_negative
Mariano_Zabaleta_0003.jpg,Pedro_Almodovar_0001.jpg,0,0.062701,Mariano_Zabaleta,Pedro_Almodovar,random_negative
Emily_Robison_0002.jpg,Oprah_Winfrey_0001.jpg,0,-0.077831,Emily_Robison,Oprah_Winfrey,random_negative
Brad_Gushue_0001.jpg,Denzel_Washington_0003.jpg,0,0.118337,Brad_Gushue,Denzel_Washington,random_negative
Bob_Hope_0002.jpg,Mike_Helton_0002.jpg,0,-0.023680,Bob_Hope,Mike_Helton,random_negative
Courtney_Love_0001.jpg,Shirley_Jones_0001.jpg,0,0.156532,Courtney_Love,Shirley_Jones,random_negative
Gilles_Panizzi_0004.jpg,Gloria_Allred_0004.jpg,0,-0.034940,Gilles_Panizzi,Gloria_Allred,random_negative
Jose_Miguel_Aleman_0001.jpg,Tom_Tunney_0001.jpg,0,0.062817,Jose_Miguel_Aleman,Tom_Tunney,random_negative
German_Khan_0004.jpg,Jack_Valenti_0002.jpg,0,-0.018533,German_Khan,Jack_Valenti,random_negative
Jennifer_Rodriguez_0002.jpg,Ricardo_Maduro_0001.jpg,0,-0.082328,Jennifer_Rodriguez,Ricardo_Maduro,random_negative
Gerhard_Schroeder_0003.jpg,LeBron_James_0002.jpg,0,0.047262,Gerhard_Schroeder,LeBron_James,random_negative
Julie_Taymor_0001.jpg,MC_Hammer_0003.jpg,0,0.109490,Julie_Taymor,MC_Hammer,random_negative
Brooke_Adams_0002.jpg,Kim_Jin-sun_0001.jpg,0,-0.033354,Brooke_Adams,Kim_Jin-sun,random_negative
Jacques_Chirac_0001.jpg,John_Mayer_0001.jpg,0,0.018863,Jacques_Chirac,John_Mayer,random_negative
Derek_Lowe_0004.jpg,Jay_Leno_0002.jpg,0,-0.002885,Derek_Lowe,Jay_Leno,random_negative
Bill_Byrne_0002.jpg,Princess_Victoria_0001.jpg,0,-0.044413,Bill_Byrne,Princess_Victoria,random_negative
Michael_Leavitt_0003.jpg,Rachel_Hunter_0001.jpg,0,-0.016715,Michael_Leavitt,Rachel_Hunter,random_negative
Paul_Pierce_0003.jpg,Sybille_Schmid_0002.jpg,0,-0.033488,Paul_Pierce,Sybille_Schmid,random_negative
Patrice_Chereau_0004.jpg,Paul_Walker_0004.jpg,0,0.037161,Patrice_Chereau,Paul_Walker,random_negative
Abel_Pacheco_0002.jpg,Carina_Lau_Ka-ling_0003.jpg,0,-0.049585,Abel_Pacheco,Carina_Lau_Ka-ling,random_negative
Matthew_Ouimet_0001.jpg,Rudolph_Giuliani_0001.jpg,0,-0.027587,Matthew_Ouimet,Rudolph_Giuliani,random_negative
Jean_Todt_0003.jpg,Pascal_Lamy_0001.jpg,0,0.016742,Jean_Todt,Pascal_Lamy,random_negative
Mikhail_Youzhny_0002.jpg,Tommy_Thompson_0001.jpg,0,0.037798,Mikhail_Youzhny,Tommy_Thompson,random_negative
Daniel_Osorno_0001.jpg,Stockard_Channing_0001.jpg,0,0.007780,Daniel_Osorno,Stockard_Channing,random_negative
Akbar_Hashemi_Rafsanjani_0001.jpg,Carlos_Vives_0004.jpg,0,0.044667,Akbar_Hashemi_Rafsanjani,Carlos_Vives,random_negative
Patrick_Leahy_0001.jpg,Zeljko_Rebraca_0001.jpg,0,0.096685,Patrick_Leahy,Zeljko_Rebraca,random_negative
Dennis_Erickson_0003.jpg,Mike_Price_0002.jpg,0,-0.045753,Dennis_Erickson,Mike_Price,random_negative
Marcos_Milinkovic_0003.jpg,Pascal_Quignard_0004.jpg,0,-0.065907,Marcos_Milinkovic,Pascal_Quignard,random_negative
Justine_Pasek_0002.jpg,Stanley_McChrystal_0004.jpg,0,-0.031116,Justine_Pasek,Stanley_McChrystal,random_negative
Ben_Broussard_0001.jpg,Pat_Burns_0002.jpg,0,-0.003303,Ben_Broussard,Pat_Burns,random_negative
Richard_Crenna_0003.jpg,Terrell_Suggs_0002.jpg,0,0.022985,Richard_Crenna,Terrell_Suggs,random_negative
Gordana_Grubin_0002.jpg,Rafael_Ramirez_0001.jpg,0,0.029341,Gordana_Grubin,Rafael_Ramirez,random_negative
John_Hartson_0003.jpg,Rick_Husband_0003.jpg,0,-0.003041,John_Hartson,Rick_Husband,random_negative
Aitor_Gonzalez_0002.jpg,Frances_Fisher_0001.jpg,0,-0.130959,Aitor_Gonzalez,Frances_Fisher,random_negative
Ahmed_Qureia_0002.jpg,John_Wright_0001.jpg,0,-0.017263,Ahmed_Qureia,John_Wright,random_negative
Bruce_Weber_0001.jpg,Mohamed_Hammam_0002.jpg,0,-0.018440,Bruce_Weber,Mohamed_Hammam,random_negative
Andrew_Jarecki_0003.jpg,Catherine_Zeta-Jones_0001.jpg,0,-0.027706,Andrew_Jarecki,Catherine_Zeta-Jones,random_negative
Jeb_Bush_0003.jpg,Tommy_Franks_0001.jpg,0,0.038342,Jeb_Bush,Tommy_Franks,random_negative
Erik_Morales_0001.jpg,Raquel_Welch_0001.jpg,0,-0.038135,Erik_Morales,Raquel_Welch,random_negative
Antonio_Catania_0002.jpg,Marc_Racicot_0001.jpg,0,0.058767,Antonio_Catania,Marc_Racicot,random_negative
Chip_Knight_0002.jpg,Thabo_Mbeki_0001.jpg,0,-0.035139,Chip_Knight,Thabo_Mbeki,random_negative
Gary_Condit_0001.jpg,Miles_Stewart_0002.jpg,0,-0.013598,Gary_Condit,Miles_Stewart,random_negative
Alexandre_Herchcovitch_0004.jpg,Cindy_Crawford_0001.jpg,0,-0.047015,Alexandre_Herchcovitch,Cindy_Crawford,random_negative
David_Kelley_0002.jpg,Robert_Morvillo_0001.jpg,0,0.112636,David_Kelley,Robert_Morvillo,random_negative
Bob_Sulkin_0003.jpg,Carl_Reiner_0001.jpg,0,0.024455,Bob_Sulkin,Carl_Reiner,random_negative
Gloria_Allred_0003.jpg,Jose_Luis_Santiago_Vasconcelos_0001.jpg,0,-0.009525,Gloria_Allred,Jose_Luis_Santiago_Vasconcelos,random_negative
Ismail_Abu_Shanab_0004.jpg,Kathleen_Glynn_0004.jpg,0,0.002687,Ismail_Abu_Shanab,Kathleen_Glynn,random_negative
Joseph_Deiss_0004.jpg,Platon_Lebedev_0004.jpg,0,-0.023579,Joseph_Deiss,Platon_Lebedev,random_negative
Antonio_Catania_0002.jpg,Jules_Asner_0001.jpg,0,-0.022413,Antonio_Catania,Jules_Asner,random_negative
Deepa_Mehta_0004.jpg,Ray_Allen_0001.jpg,0,-0.094830,Deepa_Mehta,Ray_Allen,random_negative
Jack_Welch_0004.jpg,Terry_Stotts_0002.jpg,0,-0.022644,Jack_Welch,Terry_Stotts,random_negative
Dan_Duquette_0001.jpg,Mesut_Yilmaz_0001.jpg,0,-0.046225,Dan_Duquette,Mesut_Yilmaz,random_negative
Ben_Stein_0004.jpg,Mike_Alden_0001.jpg,0,0.074596,Ben_Stein,Mike_Alden,random_negative
Diane_Lane_0003.jpg,Pierre_Boulanger_0002.jpg,0,0.028407,Diane_Lane,Pierre_Boulanger,random_negative
Anjum_Hussain_0001.jpg,Bobby_Robson_0001.jpg,0,-0.009085,Anjum_Hussain,Bobby_Robson,random_negative
Aaron_Peirsol_0004.jpg,Steve_Spurrier_0003.jpg,0,0.002388,Aaron_Peirsol,Steve_Spurrier,random_negative
Bill_Callahan_0002.jpg,Mike_Tice_0001.jpg,0,-0.020768,Bill_Callahan,Mike_Tice,random_negative
Carson_Palmer_0002.jpg,Emma_Thompson_0004.jpg,0,-0.008687,Carson_Palmer,Emma_Thompson,random_negative
Jean-Claude_Van_Damme_0004.jpg,Rick_Wagoner_0001.jpg,0,0.006176,Jean-Claude_Van_Damme,Rick_Wagoner,random_negative
Jorge_Moreno_0001.jpg,Steve_Coogan_0004.jpg,0,0.017795,Jorge_Moreno,Steve_Coogan,random_negative
Katie_Wagner_0001.jpg,Lionel_Hampton_0001.jpg,0,0.096506,Katie_Wagner,Lionel_Hampton,random_negative
Fabricio_Oberto_0003.jpg,Taha_Yassin_Ramadan_0002.jpg,0,-0.078719,Fabricio_Oberto,Taha_Yassin_Ramadan,random_negative
Marianne_Stanley_0002.jpg,Rosemarie_Stack_0004.jpg,0,-0.024086,Marianne_Stanley,Rosemarie_Stack,random_negative
Charlie_Deane_0002.jpg,Liam_Neeson_0003.jpg,0,-0.055180,Charlie_Deane,Liam_Neeson,random_negative
Frances_Fisher_0002.jpg,Robbie_Fowler_0004.jpg,0,0.044078,Frances_Fisher,Robbie_Fowler,random_negative
Grant_Hackett_0002.jpg,Wang_Yi_0001.jpg,0,-0.062432,Grant_Hackett,Wang_Yi,random_negative
Bob_Sulkin_0003.jpg,Joerg_Haider_0001.jpg,0,-0.129820,Bob_Sulkin,Joerg_Haider,random_negative
Paul_Reiser_0003.jpg,Sinead_OConnor_0001.jpg,0,0.043591,Paul_Reiser,Sinead_OConnor,random_negative
Anthony_Ervin_0001.jpg,Rafael_Ramirez_0001.jpg,0,0.017145,Anthony_Ervin,Rafael_Ramirez,random_negative
Mary_Elizabeth_Mastrantonio_0001.jpg,Rupert_Murdoch_0002.jpg,0,-0.020170,Mary_Elizabeth_Mastrantonio,Rupert_Murdoch,random_negative
Dyab_Abou_Jahjah_0004.jpg,Kathleen_Glynn_0004.jpg,0,-0.030348,Dyab_Abou_Jahjah,Kathleen_Glynn,random_negative
Don_Nickles_0001.jpg,Elva_Hsiao_0001.jpg,0,-0.042478,Don_Nickles,Elva_Hsiao,random_negative
Guenter_Verheugen_0001.jpg,Terry_Stotts_0003.jpg,0,-0.013015,Guenter_Verheugen,Terry_Stotts,random_negative
Ronald_Harwood_0001.jpg,Trevor_McDonald_0002.jpg,0,0.017872,Ronald_Harwood,Trevor_McDonald,random_negative
Eric_Benet_0002.jpg,Fernando_Gonzalez_0002.jpg,0,-0.079708,Eric_Benet,Fernando_Gonzalez,random_negative
Bijan_Darvish_0001.jpg,Brian_Griese_0002.jpg,0,0.031020,Bijan_Darvish,Brian_Griese,random_negative
Gary_Locke_0002.jpg,Paul_Burrell_0001.jpg,0,-0.023802,Gary_Locke,Paul_Burrell,random_negative
Annie_Chaplin_0001.jpg,Roger_Federer_0002.jpg,0,0.002501,Annie_Chaplin,Roger_Federer,random_negative
James_Cameron_0003.jpg,Judi_Dench_0003.jpg,0,0.009310,James_Cameron,Judi_Dench,random_negative
Amy_Yasbeck_0001.jpg,Anne_ONeil_0002.jpg,0,-0.022269,Amy_Yasbeck,Anne_ONeil,random_negative
Jeane_Kirkpatrick_0001.jpg,Oprah_Winfrey_0002.jpg,0,-0.097573,Jeane_Kirkpatrick,Oprah_Winfrey,random_negative
Carlo_Azeglio_Ciampi_0002.jpg,Matthew_McConaughey_0004.jpg,0,-0.024433,Carlo_Azeglio_Ciampi,Matthew_McConaughey,random_negative
Martina_McBride_0002.jpg,Thomas_Watjen_0002.jpg,0,-0.033773,Martina_McBride,Thomas_Watjen,random_negative
Eddie_Murray_0001.jpg,Joshua_Gracin_0002.jpg,0,-0.080603,Eddie_Murray,Joshua_Gracin,random_negative
Doris_Schroeder_0003.jpg,Mike_Eskew_0003.jpg,0,-0.004306,Doris_Schroeder,Mike_Eskew,random_negative
Eddie_Sutton_0003.jpg,Matt_Morris_0001.jpg,0,-0.056263,Eddie_Sutton,Matt_Morris,random_negative
Dennis_Powell_0002.jpg,Mario_Vasquez_Rana_0001.jpg,0,-0.083513,Dennis_Powell,Mario_Vasquez_Rana,random_negative
Carol_Moseley_Braun_0001.jpg,Kevin_Spacey_0001.jpg,0,-0.051555,Carol_Moseley_Braun,Kevin_Spacey,random_negative
Leonid_Kuchma_0001.jpg,Paul_Tracy_0001.jpg,0,-0.010952,Leonid_Kuchma,Paul_Tracy,random_negative
Gregorio_Rosal_0002.jpg,Krishna_Bhadur_Mahara_0002.jpg,0,0.126981,Gregorio_Rosal,Krishna_Bhadur_Mahara,random_negative
Brad_Garrett_0003.jpg,Cyndi_Thompson_0002.jpg,0,-0.056283,Brad_Garrett,Cyndi_Thompson,random_negative
Bob_Huggins_0003.jpg,Sila_Calderon_0001.jpg,0,-0.037719,Bob_Huggins,Sila_Calderon,random_negative
Rudy_Tomjanovich_0003.jpg,William_Bratton_0002.jpg,0,-0.054576,Rudy_Tomjanovich,William_Bratton,random_negative
Bridget_Fonda_0002.jpg,Muhammad_Saeed_al-Sahhaf_0004.jpg,0,0.101801,Bridget_Fonda,Muhammad_Saeed_al-Sahhaf,random_negative
Billy_Crawford_0001.jpg,Caroline_Kennedy_0003.jpg,0,0.016720,Billy_Crawford,Caroline_Kennedy,random_negative
Jaime_Pressly_0004.jpg,Jason_Kidd_0002.jpg,0,0.035182,Jaime_Pressly,Jason_Kidd,random_negative
Denis_Coderre_0001.jpg,Robbie_Fowler_0004.jpg,0,-0.074342,Denis_Coderre,Robbie_Fowler,random_negative
Bart_Freundlich_0003.jpg,Tom_Coverdale_0002.jpg,0,0.104287,Bart_Freundlich,Tom_Coverdale,random_negative
Robby_Ginepri_0002.jpg,Terence_Newman_0002.jpg,0,-0.029165,Robby_Ginepri,Terence_Newman,random_negative
John_Franco_0003.jpg,Marat_Safin_0001.jpg,0,0.000120,John_Franco,Marat_Safin,random_negative
John_Danforth_0003.jpg,Rachel_Hunter_0002.jpg,0,-0.068531,John_Danforth,Rachel_Hunter,random_negative
Liu_Xiaoqing_0002.jpg,Matthew_Ouimet_0001.jpg,0,0.036680,Liu_Xiaoqing,Matthew_Ouimet,random_negative
Cheryl_Ford_0001.jpg,Liza_Minnelli_0003.jpg,0,-0.052804,Cheryl_Ford,Liza_Minnelli,random_negative
Andrew_Weissmann_0001.jpg,John_Stockton_0001.jpg,0,0.082071,Andrew_Weissmann,John_Stockton,random_negative
Lance_Armstrong_0001.jpg,Rand_Miller_0001.jpg,0,0.145079,Lance_Armstrong,Rand_Miller,random_negative
Razali_Ismail_0004.jpg,Roy_Williams_0004.jpg,0,-0.064336,Razali_Ismail,Roy_Williams,random_negative
Charlie_Zaa_0001.jpg,Rob_Niedermayer_0004.jpg,0,0.088191,Charlie_Zaa,Rob_Niedermayer,random_negative
Chin-Hui_Tsao_0002.jpg,Kevin_Borseth_0002.jpg,0,0.029173,Chin-Hui_Tsao,Kevin_Borseth,random_negative
Harrison_Ford_0001.jpg,Mark_Foley_0003.jpg,0,-0.068450,Harrison_Ford,Mark_Foley,random_negative
Cristina_Kirchner_0001.jpg,Keira_Knightley_0003.jpg,0,-0.012597,Cristina_Kirchner,Keira_Knightley,random_negative
Mauricio_Macri_0004.jpg,Prince_Felipe_0004.jpg,0,-0.065591,Mauricio_Macri,Prince_Felipe,random_negative
Melanie_Griffith_0003.jpg,TJ_Ford_0001.jpg,0,-0.038981,Melanie_Griffith,TJ_Ford,random_negative
Lokendra_Bahadur_Chand_0001.jpg,Natalie_Imbruglia_0004.jpg,0,-0.025083,Lokendra_Bahadur_Chand,Natalie_Imbruglia,random_negative
Anderson_Varejao_0004.jpg,Wayne_Gretzky_0001.jpg,0,0.046847,Anderson_Varejao,Wayne_Gretzky,random_negative
Chung_Mong-joon_0001.jpg,Diane_Lane_0002.jpg,0,-0.005298,Chung_Mong-joon,Diane_Lane,random_negative
Dennis_Erickson_0004.jpg,Khatol_Mohammad_Zai_0001.jpg,0,0.035437,Dennis_Erickson,Khatol_Mohammad_Zai,random_negative
George_Robertson_0001.jpg,Paul_McCartney_0003.jpg,0,0.036037,George_Robertson,Paul_McCartney,random_negative
Arsinee_Khanjian_0002.jpg,Jimmy_Gobble_0001.jpg,0,-0.095332,Arsinee_Khanjian,Jimmy_Gobble,random_negative
Dominik_Hrbaty_0002.jpg,Freda_Black_0001.jpg,0,0.005178,Dominik_Hrbaty,Freda_Black,random_negative
Andy_Rooney_0001.jpg,John_Negroponte_0002.jpg,0,0.007338,Andy_Rooney,John_Negroponte,random_negative
James_Brown_0004.jpg,John_Negroponte_0002.jpg,0,0.021235,James_Brown,John_Negroponte,random_negative
Jeane_Kirkpatrick_0002.jpg,Rosalyn_Carter_0004.jpg,0,0.049737,Jeane_Kirkpatrick,Rosalyn_Carter,random_negative
Dan_Quayle_0001.jpg,Picabo_Street_0001.jpg,0,0.036956,Dan_Quayle,Picabo_Street,random_negative
Arlen_Specter_0001.jpg,Jim_Calhoun_0001.jpg,0,-0.072396,Arlen_Specter,Jim_Calhoun,random_negative
Chris_Byrd_0001.jpg,Michelangelo_Antonioni_0004.jpg,0,0.081934,Chris_Byrd,Michelangelo_Antonioni,random_negative
Iban_Mayo_0003.jpg,Jacques_Villeneuve_0001.jpg,0,0.002950,Iban_Mayo,Jacques_Villeneuve,random_negative
Ken_Watanabe_0001.jpg,Yoko_Ono_0004.jpg,0,0.040867,Ken_Watanabe,Yoko_Ono,random_negative
Carolina_Kluft_0002.jpg,Carolyn_Dawn_Johnson_0002.jpg,0,0.005501,Carolina_Kluft,Carolyn_Dawn_Johnson,random_negative
Jim_Edmonds_0001.jpg,Martha_Lucia_Ramirez_0001.jpg,0,0.041031,Jim_Edmonds,Martha_Lucia_Ramirez,random_negative
Howard_Schultz_0003.jpg,Mario_Vasquez_Rana_0002.jpg,0,0.066793,Howard_Schultz,Mario_Vasquez_Rana,random_negative
Frank_Pallone_0001.jpg,Marie-Reine_Le_Gougne_0001.jpg,0,-0.021252,Frank_Pallone,Marie-Reine_Le_Gougne,random_negative
Carin_Koch_0001.jpg,Tim_Henman_0004.jpg,0,-0.071518,Carin_Koch,Tim_Henman,random_negative
Jorge_Batlle_0002.jpg,Tom_DeLay_0001.jpg,0,-0.032439,Jorge_Batlle,Tom_DeLay,random_negative
Danny_Green_0004.jpg,Goh_Kun_0004.jpg,0,-0.048213,Danny_Green,Goh_Kun,random_negative
Joanna_Poitier_0001.jpg,Mark_Geragos_0002.jpg,0,0.069541,Joanna_Poitier,Mark_Geragos,random_negative
Miguel_Rosseto_0001.jpg,Steve_Ballmer_0002.jpg,0,-0.042330,Miguel_Rosseto,Steve_Ballmer,random_negative
Arnold_Schwarzenegger_0003.jpg,Eric_Staal_0002.jpg,0,0.082661,Arnold_Schwarzenegger,Eric_Staal,random_negative
Billy_Andrade_0003.jpg,Rafael_Ramirez_0001.jpg,0,0.107882,Billy_Andrade,Rafael_Ramirez,random_negative
Keith_Van_Horn_0002.jpg,Liza_Minnelli_0001.jpg,0,-0.020871,Keith_Van_Horn,Liza_Minnelli,random_negative
Horacio_Julio_Pina_0002.jpg,Mary_Bono_0001.jpg,0,-0.008036,Horacio_Julio_Pina,Mary_Bono,random_negative
Anibal_Ibarra_0001.jpg,Ramon_Delgado_0002.jpg,0,0.039599,Anibal_Ibarra,Ramon_Delgado,random_negative
Claire_Danes_0003.jpg,Steve_McManaman_0001.jpg,0,-0.010469,Claire_Danes,Steve_McManaman,random_negative
Gorden_Tallis_0002.jpg,Thomas_Fargo_0001.jpg,0,0.071881,Gorden_Tallis,Thomas_Fargo,random_negative
Enrica_Fico_0004.jpg,Felipe_De_Borbon_0003.jpg,0,-0.053158,Enrica_Fico,Felipe_De_Borbon,random_negative
Lily_Safra_0001.jpg,Saeed_Anwar_0004.jpg,0,0.016509,Lily_Safra,Saeed_Anwar,random_negative
Enrik_Vendt_0002.jpg,Sebastian_Saja_0002.jpg,0,0.056593,Enrik_Vendt,Sebastian_Saja,random_negative
Collis_Temple_III_0001.jpg,Regina_Ip_0004.jpg,0,-0.021240,Collis_Temple_III,Regina_Ip,random_negative
Abdel_Aziz_Al-Hakim_0002.jpg,Jessica_Simpson_0004.jpg,0,-0.019570,Abdel_Aziz_Al-Hakim,Jessica_Simpson,random_negative
Luis_Ernesto_Derbez_Bautista_0002.jpg,Yang_Jianli_0002.jpg,0,-0.049930,Luis_Ernesto_Derbez_Bautista,Yang_Jianli,random_negative
Matt_Damon_0003.jpg,Micky_Ward_0003.jpg,0,-0.021233,Matt_Damon,Micky_Ward,random_negative
Dionne_Warwick_0001.jpg,Jose_Miguel_Aleman_0004.jpg,0,-0.004268,Dionne_Warwick,Jose_Miguel_Aleman,random_negative
Michael_Chiklis_0003.jpg,Pascal_Affi_Nguessan_0003.jpg,0,-0.059810,Michael_Chiklis,Pascal_Affi_Nguessan,random_negative
Angela_Lansbury_0001.jpg,Odai_Hussein_0001.jpg,0,-0.046406,Angela_Lansbury,Odai_Hussein,random_negative
Arif_Mardin_0002.jpg,Hector_Babenco_0004.jpg,0,0.002811,Arif_Mardin,Hector_Babenco,random_negative
Holly_Hunter_0002.jpg,Roger_Toussaint_0001.jpg,0,-0.004222,Holly_Hunter,Roger_Toussaint,random_negative
Billy_Gilman_0001.jpg,Shoshana_Johnson_0002.jpg,0,0.086539,Billy_Gilman,Shoshana_Johnson,random_negative
Bill_Herrion_0001.jpg,Lidija_Djukanovic_0002.jpg,0,-0.071006,Bill_Herrion,Lidija_Djukanovic,random_negative
Franco_Frattini_0004.jpg,Marie-Reine_Le_Gougne_0002.jpg,0,0.018984,Franco_Frattini,Marie-Reine_Le_Gougne,random_negative
Chris_Cornell_0001.jpg,Stacey_Jones_0002.jpg,0,0.088774,Chris_Cornell,Stacey_Jones,random_negative
Edwina_Currie_0002.jpg,Juan_Ignacio_Chela_0001.jpg,0,-0.058473,Edwina_Currie,Juan_Ignacio_Chela,random_negative
Chuck_Yeager_0001.jpg,Ralph_Nader_0002.jpg,0,0.064195,Chuck_Yeager,Ralph_Nader,random_negative
Darrell_Porter_0001.jpg,John_Travolta_0003.jpg,0,0.024771,Darrell_Porter,John_Travolta,random_negative
David_Trimble_0002.jpg,Tim_Howard_0001.jpg,0,-0.064524,David_Trimble,Tim_Howard,random_negative
John_Timoney_0004.jpg,Reese_Witherspoon_0003.jpg,0,0.011385,John_Timoney,Reese_Witherspoon,random_negative
Sun_Myung_Moon_0004.jpg,Teresa_Heinz_Kerry_0002.jpg,0,-0.030456,Sun_Myung_Moon,Teresa_Heinz_Kerry,random_negative
Gabriel_Valdes_0004.jpg,Linda_Mason_0001.jpg,0,0.047857,Gabriel_Valdes,Linda_Mason,random_negative
Charlie_Zaa_0001.jpg,Sonya_Walger_0002.jpg,0,0.012593,Charlie_Zaa,Sonya_Walger,random_negative
Grant_Hackett_0001.jpg,Jeffrey_Jones_0002.jpg,0,0.150382,Grant_Hackett,Jeffrey_Jones,random_negative
Frank_Schmoekel_0001.jpg,Nikki_Reed_0001.jpg,0,-0.070423,Frank_Schmoekel,Nikki_Reed,random_negative
Caroline_Kennedy_0003.jpg,Luke_Ridnour_0001.jpg,0,-0.021292,Caroline_Kennedy,Luke_Ridnour,random_negative
Shaun_Pollock_0001.jpg,Winona_Ryder_0004.jpg,0,0.035703,Shaun_Pollock,Winona_Ryder,random_negative
Dalai_Lama_0004.jpg,Marcus_Gronholm_0004.jpg,0,-0.089689,Dalai_Lama,Marcus_Gronholm,random_negative
Richard_Shelby_0001.jpg,Richard_Virenque_0002.jpg,0,-0.014067,Richard_Shelby,Richard_Virenque,random_negative
Arnaud_Clement_0001.jpg,Nancy_Pelosi_0003.jpg,0,0.016018,Arnaud_Clement,Nancy_Pelosi,random_negative
Hilary_McKay_0001.jpg,Tom_Tunney_0001.jpg,0,0.024454,Hilary_McKay,Tom_Tunney,random_negative
Chea_Sophara_0001.jpg,Paul_Wellstone_0001.jpg,0,0.033491,Chea_Sophara,Paul_Wellstone,random_negative
Cecile_de_France_0001.jpg,Tippi_Hedren_0003.jpg,0,0.003652,Cecile_de_France,Tippi_Hedren,random_negative
Kristin_Chenoweth_0004.jpg,Mark_Polansky_0001.jpg,0,0.024664,Kristin_Chenoweth,Mark_Polansky,random_negative
Edmund_Hillary_0004.jpg,John_Allen_Muhammad_0001.jpg,0,0.047674,Edmund_Hillary,John_Allen_Muhammad,random_negative
Andy_Roddick_0002.jpg,John_Tyson_0001.jpg,0,-0.077441,Andy_Roddick,John_Tyson,random_negative
Elton_John_0001.jpg,Saburo_Kawabuchi_0002.jpg,0,-0.017841,Elton_John,Saburo_Kawabuchi,random_negative
Dean_Barkley_0002.jpg,Natalie_Stewart_0002.jpg,0,-0.036236,Dean_Barkley,Natalie_Stewart,random_negative
Mian_Khursheed_Mehmood_Kasuri_0002.jpg,Mickey_Sherman_0003.jpg,0,0.103454,Mian_Khursheed_Mehmood_Kasuri,Mickey_Sherman,random_negative
Diana_Krall_0002.jpg,Jesse_Jackson_0001.jpg,0,-0.037008,Diana_Krall,Jesse_Jackson,random_negative
Michelle_Bachelet_0001.jpg,Tippi_Hedren_0003.jpg,0,0.032943,Michelle_Bachelet,Tippi_Hedren,random_negative
Gerard_Depardieu_0001.jpg,Kathleen_Glynn_0001.jpg,0,0.010956,Gerard_Depardieu,Kathleen_Glynn,random_negative
Bob_Dole_0004.jpg,Bruce_Paltrow_0003.jpg,0,-0.029353,Bob_Dole,Bruce_Paltrow,random_negative
Joe_DeLamielleure_0002.jpg,Val_Ackerman_0004.jpg,0,-0.031585,Joe_DeLamielleure,Val_Ackerman,random_negative
David_Kelley_0002.jpg,Edward_Greenspan_0002.jpg,0,0.049456,David_Kelley,Edward_Greenspan,random_negative
Gina_Centrello_0001.jpg,Mel_Brooks_0004.jpg,0,0.013494,Gina_Centrello,Mel_Brooks,random_negative
Catriona_Le_May_Doan_0001.jpg,Michael_Ballack_0001.jpg,0,0.015130,Catriona_Le_May_Doan,Michael_Ballack,random_negative
Rosalyn_Carter_0002.jpg,Yuvraj_Singh_0004.jpg,0,-0.065400,Rosalyn_Carter,Yuvraj_Singh,random_negative
Diane_Lane_0004.jpg,Jean-Claude_Van_Damme_0001.jpg,0,-0.008259,Diane_Lane,Jean-Claude_Van_Damme,random_negative
Faye_Dunaway_0001.jpg,Kathleen_Glynn_0004.jpg,0,-0.058164,Faye_Dunaway,Kathleen_Glynn,random_negative
Donald_Evans_0003.jpg,John_Robbins_0001.jpg,0,0.024288,Donald_Evans,John_Robbins,random_negative
Aaron_Sorkin_0002.jpg,Darrell_Issa_0004.jpg,0,0.065602,Aaron_Sorkin,Darrell_Issa,random_negative
Dustin_Hoffman_0001.jpg,Roy_Moore_0001.jpg,0,0.046132,Dustin_Hoffman,Roy_Moore,random_negative
Hanan_Ashrawi_0002.jpg,Thomas_Rupprath_0001.jpg,0,-0.171893,Hanan_Ashrawi,Thomas_Rupprath,random_negative
Mitzi_Gaynor_0004.jpg,Roger_Machado_0001.jpg,0,0.044777,Mitzi_Gaynor,Roger_Machado,random_negative
Jessica_Biel_0002.jpg,Steve_Park_0002.jpg,0,0.030957,Jessica_Biel,Steve_Park,random_negative
Isabella_Rossellini_0002.jpg,Jerry_Springer_0002.jpg,0,-0.041280,Isabella_Rossellini,Jerry_Springer,random_negative
James_Kopp_0004.jpg,Toutai_Kefu_0001.jpg,0,-0.037976,James_Kopp,Toutai_Kefu,random_negative
George_Pataki_0002.jpg,Patrick_Rafter_0004.jpg,0,0.008641,George_Pataki,Patrick_Rafter,random_negative
Billy_Crystal_0004.jpg,Tim_Allen_0004.jpg,0,0.089694,Billy_Crystal,Tim_Allen,random_negative
Rupert_Grint_0004.jpg,Sam_Torrance_0001.jpg,0,0.069367,Rupert_Grint,Sam_Torrance,random_negative
Alan_Dershowitz_0003.jpg,Corinne_Coman_0004.jpg,0,-0.048067,Alan_Dershowitz,Corinne_Coman,random_negative
George_Harrison_0001.jpg,Gwendal_Peizerat_0002.jpg,0,0.052660,George_Harrison,Gwendal_Peizerat,random_negative
Carolina_Barco_0001.jpg,George_Pataki_0002.jpg,0,-0.009593,Carolina_Barco,George_Pataki,random_negative
John_Abizaid_0002.jpg,Patricia_Clarkson_0001.jpg,0,-0.019476,John_Abizaid,Patricia_Clarkson,random_negative
German_Khan_0001.jpg,Lydia_Shum_0001.jpg,0,0.068206,German_Khan,Lydia_Shum,random_negative
Denzel_Washington_0004.jpg,Robert_Stack_0004.jpg,0,-0.013792,Denzel_Washington,Robert_Stack,random_negative
Amy_Pascal_0001.jpg,Marina_Kuptsova_0002.jpg,0,-0.026082,Amy_Pascal,Marina_Kuptsova,random_negative
Bill_Byrne_0001.jpg,Seymour_Cassell_0001.jpg,0,-0.027092,Bill_Byrne,Seymour_Cassell,random_negative
Luiz_Felipe_Scolari_0004.jpg,Theo_Angelopoulos_0001.jpg,0,-0.010305,Luiz_Felipe_Scolari,Theo_Angelopoulos,random_negative
Bob_Krueger_0002.jpg,Max_von_Sydow_0002.jpg,0,0.069457,Bob_Krueger,Max_von_Sydow,random_negative
Dinah_Turner_0002.jpg,John_Stockton_0001.jpg,0,0.070327,Dinah_Turner,John_Stockton,random_negative
Donatella_Versace_0002.jpg,Marie-Reine_Le_Gougne_0001.jpg,0,0.008418,Donatella_Versace,Marie-Reine_Le_Gougne,random_negative
Mayumi_Moriyama_0001.jpg,Vladimiro_Montesinos_0001.jpg,0,0.018491,Mayumi_Moriyama,Vladimiro_Montesinos,random_negative
Enrik_Vendt_0003.jpg,Franz_Beckenbauer_0003.jpg,0,0.012805,Enrik_Vendt,Franz_Beckenbauer,random_negative
Gordana_Grubin_0002.jpg,Victoria_Beckham_0002.jpg,0,-0.049013,Gordana_Grubin,Victoria_Beckham,random_negative
Jorge_Arce_0001.jpg,Steve_Zahn_0001.jpg,0,0.082639,Jorge_Arce,Steve_Zahn,random_negative
Paul_Bettany_0004.jpg,Tommy_Thompson_0002.jpg,0,0.013837,Paul_Bettany,Tommy_Thompson,random_negative
Mark_Cuban_0004.jpg,Morgan_Freeman_0003.jpg,0,-0.013708,Mark_Cuban,Morgan_Freeman,random_negative
Jackie_Chan_0004.jpg,Michael_Leavitt_0004.jpg,0,-0.058730,Jackie_Chan,Michael_Leavitt,random_negative
Goldie_Hawn_0003.jpg,Mike_Alden_0001.jpg,0,-0.054496,Goldie_Hawn,Mike_Alden,random_negative
Christina_Aguilera_0003.jpg,Joerg_Haider_0004.jpg,0,0.016269,Christina_Aguilera,Joerg_Haider,random_negative
Jose_Woldenberg_0001.jpg,Nia_Vardalos_0001.jpg,0,-0.010007,Jose_Woldenberg,Nia_Vardalos,random_negative
Dianne_Feinstein_0002.jpg,Marina_Anissina_0004.jpg,0,-0.085706,Dianne_Feinstein,Marina_Anissina,random_negative
Andrei_Nikolishin_0002.jpg,Bryan_Adams_0001.jpg,0,0.002373,Andrei_Nikolishin,Bryan_Adams,random_negative
Paul_Burrell_0004.jpg,Zydrunas_Ilgauskas_0004.jpg,0,0.045938,Paul_Burrell,Zydrunas_Ilgauskas,random_negative
Jan_De_Bont_0002.jpg,Sally_Field_0002.jpg,0,-0.057900,Jan_De_Bont,Sally_Field,random_negative
Gerard_de_Cortanze_0004.jpg,Rachel_Leigh_Cook_0002.jpg,0,0.010238,Gerard_de_Cortanze,Rachel_Leigh_Cook,random_negative
Katrin_Cartlidge_0003.jpg,Stan_Heath_0001.jpg,0,0.012185,Katrin_Cartlidge,Stan_Heath,random_negative
Antonio_Banderas_0001.jpg,Stephen_Daldry_0002.jpg,0,0.014712,Antonio_Banderas,Stephen_Daldry,random_negative
Ilan_Ramon_0003.jpg,Matthew_McConaughey_0001.jpg,0,-0.166734,Ilan_Ramon,Matthew_McConaughey,random_negative
Guy_Hemmings_0004.jpg,Nikki_Reed_0001.jpg,0,0.059517,Guy_Hemmings,Nikki_Reed,random_negative
Monica_Bellucci_0002.jpg,Yoriko_Kawaguchi_0002.jpg,0,-0.027178,Monica_Bellucci,Yoriko_Kawaguchi,random_negative
Jeffrey_Jones_0001.jpg,Mitzi_Gaynor_0004.jpg,0,-0.020125,Jeffrey_Jones,Mitzi_Gaynor,random_negative
Orlando_Bloom_0001.jpg,Rob_Niedermayer_0002.jpg,0,0.013723,Orlando_Bloom,Rob_Niedermayer,random_negative
Ian_Thorpe_0004.jpg,Marta_Dominguz_0003.jpg,0,0.000273,Ian_Thorpe,Marta_Dominguz,random_negative
Jessica_Simpson_0001.jpg,Richard_Branson_0002.jpg,0,0.075196,Jessica_Simpson,Richard_Branson,random_negative
Katie_Harman_0001.jpg,William_Webster_0001.jpg,0,-0.022744,Katie_Harman,William_Webster,random_negative
Fernando_Alonso_0003.jpg,Laura_Elena_Harring_0003.jpg,0,-0.031491,Fernando_Alonso,Laura_Elena_Harring,random_negative
Katie_Holmes_0004.jpg,Rachel_Leigh_Cook_0001.jpg,0,0.227634,Katie_Holmes,Rachel_Leigh_Cook,random_negative
Lucio_Angulo_0001.jpg,Nancy_Pelosi_0001.jpg,0,0.053625,Lucio_Angulo,Nancy_Pelosi,random_negative
Alfred_Sant_0002.jpg,Lance_Armstrong_0001.jpg,0,-0.079189,Alfred_Sant,Lance_Armstrong,random_negative
Ismail_Khan_0001.jpg,Steve_Austin_0001.jpg,0,-0.029058,Ismail_Khan,Steve_Austin,random_negative
Rafael_Ramirez_0002.jpg,Tyrone_Medley_0001.jpg,0,-0.065000,Rafael_Ramirez,Tyrone_Medley,random_negative
Jean_Chretien_0001.jpg,Peter_Costello_0001.jpg,0,-0.062337,Jean_Chretien,Peter_Costello,random_negative
Severino_Antinori_0001.jpg,Tiago_Splitter_0004.jpg,0,-0.031146,Severino_Antinori,Tiago_Splitter,random_negative
Guy_Ritchie_0001.jpg,Jeff_Bzdelik_0001.jpg,0,0.046095,Guy_Ritchie,Jeff_Bzdelik,random_negative
Geno_Auriemma_0004.jpg,Patrick_Stewart_0003.jpg,0,-0.009842,Geno_Auriemma,Patrick_Stewart,random_negative
Astrid_Betancourt_0002.jpg,Heather_Locklear_0004.jpg,0,-0.051072,Astrid_Betancourt,Heather_Locklear,random_negative
E_Clay_Shaw_0001.jpg,Peter_Lundgren_0001.jpg,0,-0.023201,E_Clay_Shaw,Peter_Lundgren,random_negative
Billy_Crystal_0003.jpg,Sarah_Michelle_Gellar_0003.jpg,0,0.007801,Billy_Crystal,Sarah_Michelle_Gellar,random_negative
Heidi_Fleiss_0002.jpg,Richard_Hamilton_0002.jpg,0,-0.000379,Heidi_Fleiss,Richard_Hamilton,random_negative
Peter_Arnett_0003.jpg,Richard_Pennington_0001.jpg,0,0.103587,Peter_Arnett,Richard_Pennington,random_negative
Katie_Harman_0002.jpg,Tian_Zhuang_Zhuang_0001.jpg,0,-0.080092,Katie_Harman,Tian_Zhuang_Zhuang,random_negative
Kristanna_Loken_0003.jpg,Yoko_Ono_0004.jpg,0,-0.036193,Kristanna_Loken,Yoko_Ono,random_negative
Heizo_Takenaka_0002.jpg,Zoran_Djindjic_0003.jpg,0,-0.006507,Heizo_Takenaka,Zoran_Djindjic,random_negative
Sammy_Sosa_0001.jpg,Warren_Buffett_0003.jpg,0,0.031589,Sammy_Sosa,Warren_Buffett,random_negative
Dino_Risi_0003.jpg,Mahmoud_Abbas_0002.jpg,0,-0.019833,Dino_Risi,Mahmoud_Abbas,random_negative
Jeremy_Wotherspoon_0003.jpg,Quin_Snyder_0001.jpg,0,0.040254,Jeremy_Wotherspoon,Quin_Snyder,random_negative
Celia_Cruz_0003.jpg,Derek_Jeter_0003.jpg,0,-0.054826,Celia_Cruz,Derek_Jeter,random_negative
Geoff_Hoon_0003.jpg,Mesut_Yilmaz_0002.jpg,0,-0.074938,Geoff_Hoon,Mesut_Yilmaz,random_negative
Mahmoud_Abbas_0002.jpg,Mariah_Carey_0002.jpg,0,-0.042701,Mahmoud_Abbas,Mariah_Carey,random_negative
Charlotte_Church_0001.jpg,Jessica_Biel_0002.jpg,0,-0.067256,Charlotte_Church,Jessica_Biel,random_negative
Lars_Von_Trier_0001.jpg,Ricardo_Monasterio_0002.jpg,0,0.077262,Lars_Von_Trier,Ricardo_Monasterio,random_negative
Angie_Martinez_0004.jpg,Carly_Fiorina_0002.jpg,0,0.050181,Angie_Martinez,Carly_Fiorina,random_negative
Harland_Braun_0001.jpg,Steve_Karsay_0002.jpg,0,0.053856,Harland_Braun,Steve_Karsay,random_negative
Gisele_Bundchen_0002.jpg,Jim_Flaherty_0001.jpg,0,0.023808,Gisele_Bundchen,Jim_Flaherty,random_negative
Fabrice_Santoro_0003.jpg,Steve_Patterson_0002.jpg,0,-0.052129,Fabrice_Santoro,Steve_Patterson,random_negative
Chung_Mong-joon_0001.jpg,Cristian_Barros_0003.jpg,0,-0.005979,Chung_Mong-joon,Cristian_Barros,random_negative
Giannina_Facio_0003.jpg,John_Travolta_0001.jpg,0,0.065930,Giannina_Facio,John_Travolta,random_negative
Amanda_Coetzer_0001.jpg,Graciano_Rocchigiani_0004.jpg,0,-0.031418,Amanda_Coetzer,Graciano_Rocchigiani,random_negative
Hillary_Clinton_0002.jpg,Norm_Coleman_0003.jpg,0,-0.089740,Hillary_Clinton,Norm_Coleman,random_negative
Peter_Schultz_0001.jpg,Rich_Brooks_0001.jpg,0,0.077013,Peter_Schultz,Rich_Brooks,random_negative
Benicio_Del_Toro_0001.jpg,Dan_Morales_0002.jpg,0,-0.039464,Benicio_Del_Toro,Dan_Morales,random_negative
Kristin_Scott_0001.jpg,Roseanne_Barr_0003.jpg,0,-0.005159,Kristin_Scott,Roseanne_Barr,random_negative
Andrei_Konchalovsky_0003.jpg,Orrin_Hatch_0002.jpg,0,-0.064972,Andrei_Konchalovsky,Orrin_Hatch,random_negative
Shane_Warne_0002.jpg,Uma_Thurman_0003.jpg,0,-0.061343,Shane_Warne,Uma_Thurman,random_negative
Jerry_Falwell_0001.jpg,Satnarine_Sharma_0001.jpg,0,0.074413,Jerry_Falwell,Satnarine_Sharma,random_negative
Janet_Leigh_0003.jpg,Tino_Martinez_0001.jpg,0,-0.014674,Janet_Leigh,Tino_Martinez,random_negative
Odai_Hussein_0002.jpg,Patricia_Clarkson_0001.jpg,0,-0.038844,Odai_Hussein,Patricia_Clarkson,random_negative
Bill_Frist_0001.jpg,Jason_Vale_0002.jpg,0,0.120951,Bill_Frist,Jason_Vale,random_negative
Francis_Ricciardone_0002.jpg,Nobuyuki_Idei_0002.jpg,0,-0.013128,Francis_Ricciardone,Nobuyuki_Idei,random_negative
David_Dodge_0002.jpg,Guenter_Verheugen_0001.jpg,0,-0.042701,David_Dodge,Guenter_Verheugen,random_negative
Julianne_Moore_0002.jpg,Tom_DeLay_0001.jpg,0,-0.067256,Julianne_Moore,Tom_DeLay,random_negative
Bill_OReilly_0001.jpg,Gustavo_Cisneros_0001.jpg,0,0.105474,Bill_OReilly,Gustavo_Cisneros,random_negative
Bill_Clinton_0001.jpg,Padraig_Harrington_0004.jpg,0,0.012811,Bill_Clinton,Padraig_Harrington,random_negative
Coretta_Scott_King_0003.jpg,Michael_Phelps_0002.jpg,0,0.020226,Coretta_Scott_King,Michael_Phelps,random_negative
Goh_Kun_0002.jpg,Jeffrey_Donaldson_0004.jpg,0,0.037925,Goh_Kun,Jeffrey_Donaldson,random_negative
Martha_Stewart_0004.jpg,Pascal_Quignard_0001.jpg,0,0.041552,Martha_Stewart,Pascal_Quignard,random_negative
Cliff_Ellis_0002.jpg,William_Webster_0004.jpg,0,-0.033019,Cliff_Ellis,William_Webster,random_negative
Martha_Lucia_Ramirez_0001.jpg,Tim_Henman_0003.jpg,0,0.071090,Martha_Lucia_Ramirez,Tim_Henman,random_negative
Abdel_Nasser_Assidi_0001.jpg,Pascal_Lamy_0002.jpg,0,-0.025088,Abdel_Nasser_Assidi,Pascal_Lamy,random_negative
Claire_Leger_0001.jpg,Danny_Glover_0003.jpg,0,-0.005776,Claire_Leger,Danny_Glover,random_negative
Roy_Chaderton_0004.jpg,Ruth_Dreifuss_0001.jpg,0,-0.055761,Roy_Chaderton,Ruth_Dreifuss,random_negative
Kate_Capshaw_0001.jpg,Kathy_Winters_0001.jpg,0,-0.028592,Kate_Capshaw,Kathy_Winters,random_negative
Christine_Ebersole_0001.jpg,Jacques_Chirac_0003.jpg,0,0.081845,Christine_Ebersole,Jacques_Chirac,random_negative
Anne_Heche_0002.jpg,Anton_Balasingham_0002.jpg,0,-0.103077,Anne_Heche,Anton_Balasingham,random_negative
Aline_Chretien_0004.jpg,Daryl_Hannah_0003.jpg,0,0.068214,Aline_Chretien,Daryl_Hannah,random_negative
Drew_Gooden_0001.jpg,Tom_Ridge_0001.jpg,0,0.030138,Drew_Gooden,Tom_Ridge,random_negative
Andrew_Cuomo_0002.jpg,Kim_Clijsters_0002.jpg,0,-0.101024,Andrew_Cuomo,Kim_Clijsters,random_negative
Angela_Merkel_0003.jpg,Paul_Gascoigne_0001.jpg,0,0.048289,Angela_Merkel,Paul_Gascoigne,random_negative
Jean_Chretien_0001.jpg,Oracene_Williams_0001.jpg,0,-0.012160,Jean_Chretien,Oracene_Williams,random_negative
Jennifer_McCoy_0001.jpg,Julio_Cesar_Chavez_0002.jpg,0,0.053706,Jennifer_McCoy,Julio_Cesar_Chavez,random_negative
Alex_Ferguson_0002.jpg,Andy_Griggs_0001.jpg,0,-0.010103,Alex_Ferguson,Andy_Griggs,random_negative
Isabelle_Huppert_0001.jpg,Mahathir_Mohamad_0001.jpg,0,-0.026746,Isabelle_Huppert,Mahathir_Mohamad,random_negative
Larry_Coker_0002.jpg,Nuon_Chea_0001.jpg,0,-0.016242,Larry_Coker,Nuon_Chea,random_negative
Michael_Winterbottom_0004.jpg,Miguel_Angel_Rodriguez_0002.jpg,0,0.085961,Michael_Winterbottom,Miguel_Angel_Rodriguez,random_negative
Hank_McKinnell_0002.jpg,Kirk_Ferentz_0004.jpg,0,-0.054218,Hank_McKinnell,Kirk_Ferentz,random_negative
Brendan_Hansen_0001.jpg,JK_Rowling_0004.jpg,0,0.012484,Brendan_Hansen,JK_Rowling,random_negative
Jim_Calhoun_0002.jpg,Roberto_Carlos_0004.jpg,0,-0.016863,Jim_Calhoun,Roberto_Carlos,random_negative
Dan_Morales_0002.jpg,Pascal_Affi_Nguessan_0004.jpg,0,-0.016468,Dan_Morales,Pascal_Affi_Nguessan,random_negative
Babe_Ruth_0003.jpg,Costas_Simitis_0001.jpg,0,0.011752,Babe_Ruth,Costas_Simitis,random_negative
Georgi_Parvanov_0004.jpg,Natalie_Imbruglia_0001.jpg,0,-0.061240,Georgi_Parvanov,Natalie_Imbruglia,random_negative
Bud_Selig_0004.jpg,JK_Rowling_0002.jpg,0,0.053016,Bud_Selig,JK_Rowling,random_negative
Brian_Billick_0001.jpg,Kevin_Hearn_0001.jpg,0,0.015157,Brian_Billick,Kevin_Hearn,random_negative
Baburam_Bhattari_0002.jpg,Jessica_Lange_0001.jpg,0,-0.029738,Baburam_Bhattari,Jessica_Lange,random_negative
Hugo_Conte_0003.jpg,Mike_Johanns_0004.jpg,0,0.173057,Hugo_Conte,Mike_Johanns,random_negative
Eddie_Murray_0001.jpg,Valerie_Harper_0001.jpg,0,-0.028151,Eddie_Murray,Valerie_Harper,random_negative
Bilal_Erdogan_0002.jpg,Richard_Gephardt_0001.jpg,0,-0.003065,Bilal_Erdogan,Richard_Gephardt,random_negative
James_Gibson_0004.jpg,Paul_Martin_0001.jpg,0,-0.049278,James_Gibson,Paul_Martin,random_negative
Alfonso_Portillo_0004.jpg,John_Ferguson_0001.jpg,0,-0.045819,Alfonso_Portillo,John_Ferguson,random_negative
Darin_Erstad_0001.jpg,Neri_Marcore_0002.jpg,0,-0.033862,Darin_Erstad,Neri_Marcore,random_negative
Henry_Hyde_0001.jpg,John_Swofford_0002.jpg,0,0.029490,Henry_Hyde,John_Swofford,random_negative
Landon_Donovan_0004.jpg,Salman_Rushdie_0004.jpg,0,-0.046936,Landon_Donovan,Salman_Rushdie,random_negative
Dave_McGinnis_0002.jpg,Wen_Jiabao_0002.jpg,0,-0.041290,Dave_McGinnis,Wen_Jiabao,random_negative
Abdel_Aziz_Al-Hakim_0001.jpg,Collis_Temple_III_0001.jpg,0,0.058700,Abdel_Aziz_Al-Hakim,Collis_Temple_III,random_negative
Eric_Fehr_0003.jpg,Iva_Majoli_0001.jpg,0,0.044250,Eric_Fehr,Iva_Majoli,random_negative
Elijah_Wood_0004.jpg,Kathleen_Glynn_0004.jpg,0,-0.020234,Elijah_Wood,Kathleen_Glynn,random_negative
Mstislav_Rostropovich_0004.jpg,Scott_Yates_0002.jpg,0,-0.059555,Mstislav_Rostropovich,Scott_Yates,random_negative
Jorge_Batlle_0002.jpg,Wim_Duisenberg_0001.jpg,0,-0.027694,Jorge_Batlle,Wim_Duisenberg,random_negative
Pablo_Latras_0002.jpg,Sam_Mendes_0002.jpg,0,-0.092259,Pablo_Latras,Sam_Mendes,random_negative
Alfredo_di_Stefano_0001.jpg,Luciano_Pavarotti_0004.jpg,0,0.089132,Alfredo_di_Stefano,Luciano_Pavarotti,random_negative
Ellen_DeGeneres_0001.jpg,Grant_Hackett_0001.jpg,0,0.023248,Ellen_DeGeneres,Grant_Hackett,random_negative
Michelle_Pfeiffer_0002.jpg,Sue_Wicks_0001.jpg,0,0.079536,Michelle_Pfeiffer,Sue_Wicks,random_negative
Adrien_Brody_0004.jpg,Bill_OReilly_0004.jpg,0,-0.019208,Adrien_Brody,Bill_OReilly,random_negative
Brad_Wilk_0001.jpg,Madonna_0004.jpg,0,-0.077198,Brad_Wilk,Madonna,random_negative
Monica_Serra_0002.jpg,Paddy_Torsney_0002.jpg,0,0.075785,Monica_Serra,Paddy_Torsney,random_negative
Ahmet_Demir_0002.jpg,Dolly_Parton_0002.jpg,0,-0.029735,Ahmet_Demir,Dolly_Parton,random_negative
Andy_Griffith_0003.jpg,Theresa_May_0004.jpg,0,-0.032610,Andy_Griffith,Theresa_May,random_negative
Garry_Trudeau_0002.jpg,Idi_Amin_0001.jpg,0,0.032974,Garry_Trudeau,Idi_Amin,random_negative
Dan_Wheldon_0003.jpg,Kent_Rominger_0004.jpg,0,0.000469,Dan_Wheldon,Kent_Rominger,random_negative
Frederique_van_der_Wal_0001.jpg,Nicolas_Macrozonaris_0003.jpg,0,-0.073134,Frederique_van_der_Wal,Nicolas_Macrozonaris,random_negative
Chris_Moore_0001.jpg,Linda_Dano_0001.jpg,0,-0.061967,Chris_Moore,Linda_Dano,random_negative
Linda_Lingle_0001.jpg,Nicholas_Tse_0001.jpg,0,-0.011153,Linda_Lingle,Nicholas_Tse,random_negative
Cheryl_Ford_0002.jpg,Tommy_Franks_0003.jpg,0,-0.082352,Cheryl_Ford,Tommy_Franks,random_negative
George_Maxwell_Richards_0003.jpg,Teddy_Kollek_0004.jpg,0,0.037408,George_Maxwell_Richards,Teddy_Kollek,random_negative
Alex_Sink_0001.jpg,Valdas_Adamkus_0001.jpg,0,0.005214,Alex_Sink,Valdas_Adamkus,random_negative
Dolly_Parton_0002.jpg,Lynn_Redgrave_0001.jpg,0,-0.021209,Dolly_Parton,Lynn_Redgrave,random_negative
Luca_Cordero_di_Montezemolo_0001.jpg,Lynne_Cheney_0001.jpg,0,0.022936,Luca_Cordero_di_Montezemolo,Lynne_Cheney,random_negative
Andy_Benes_0003.jpg,Joseph_Estrada_0004.jpg,0,-0.005316,Andy_Benes,Joseph_Estrada,random_negative
Nicolas_Cage_0001.jpg,Robert_Zoellick_0004.jpg,0,0.024316,Nicolas_Cage,Robert_Zoellick,random_negative
Chakib_Khelil_0001.jpg,Nuon_Chea_0001.jpg,0,-0.024263,Chakib_Khelil,Nuon_Chea,random_negative
Fernando_Henrique_Cardoso_0001.jpg,GL_Peiris_0001.jpg,0,0.129381,Fernando_Henrique_Cardoso,GL_Peiris,random_negative
Craig_Fitzgibbon_0002.jpg,Ray_Liotta_0001.jpg,0,-0.113668,Craig_Fitzgibbon,Ray_Liotta,random_negative
Bill_Cartwright_0004.jpg,Jennifer_Connelly_0004.jpg,0,-0.020170,Bill_Cartwright,Jennifer_Connelly,random_negative
Tammy_Lynn_Michaels_0002.jpg,Tina_Andrews_0002.jpg,0,-0.059958,Tammy_Lynn_Michaels,Tina_Andrews,random_negative
Renee_Zellweger_0003.jpg,Sergei_Yushenkov_0001.jpg,0,-0.080443,Renee_Zellweger,Sergei_Yushenkov,random_negative
Marion_Barry_0002.jpg,William_Shatner_0004.jpg,0,-0.015599,Marion_Barry,William_Shatner,random_negative
Jim_Bunning_0004.jpg,Nawabzada_Nasrullah_Khan_0001.jpg,0,0.004240,Jim_Bunning,Nawabzada_Nasrullah_Khan,random_negative
Peter_Gabriel_0001.jpg,Sila_Calderon_0002.jpg,0,0.011389,Peter_Gabriel,Sila_Calderon,random_negative
Michael_Douglas_0003.jpg,Yashwant_Sinha_0002.jpg,0,0.098281,Michael_Douglas,Yashwant_Sinha,random_negative
Laura_Morante_0003.jpg,Michael_Kirby_0001.jpg,0,-0.092867,Laura_Morante,Michael_Kirby,random_negative
Alex_Barros_0003.jpg,Valentino_Rossi_0003.jpg,0,0.140663,Alex_Barros,Valentino_Rossi,random_negative
Brian_Billick_0001.jpg,Fujio_Mitarai_0003.jpg,0,0.125710,Brian_Billick,Fujio_Mitarai,random_negative
Constance_Marie_0001.jpg,Enrik_Vendt_0003.jpg,0,-0.048749,Constance_Marie,Enrik_Vendt,random_negative
Jules_Asner_0004.jpg,Sam_Mendes_0001.jpg,0,0.053897,Jules_Asner,Sam_Mendes,random_negative
Allan_Houston_0001.jpg,David_Bisbal_0001.jpg,0,0.082150,Allan_Houston,David_Bisbal,random_negative
Jerry_Colangelo_0004.jpg,Patrick_Rafter_0004.jpg,0,0.026570,Jerry_Colangelo,Patrick_Rafter,random_negative
Evelyn_Lauder_0001.jpg,Ross_Verba_0001.jpg,0,-0.061075,Evelyn_Lauder,Ross_Verba,random_negative
Adolfo_Aguilar_Zinser_0004.jpg,Kara_Lynn_Joyce_0002.jpg,0,0.027934,Adolfo_Aguilar_Zinser,Kara_Lynn_Joyce,random_negative
Gerhard_Schroeder_0003.jpg,John_Warner_0002.jpg,0,-0.026422,Gerhard_Schroeder,John_Warner,random_negative
Chris_Neil_0002.jpg,Tatiana_Kennedy_Schlossberg_0001.jpg,0,-0.049773,Chris_Neil,Tatiana_Kennedy_Schlossberg,random_negative
Charles_Schumer_0001.jpg,Gary_Sinise_0001.jpg,0,0.002998,Charles_Schumer,Gary_Sinise,random_negative
Stephen_Webster_0001.jpg,Steve_Redgrave_0001.jpg,0,-0.078425,Stephen_Webster,Steve_Redgrave,random_negative
Dawn_Staley_0003.jpg,Frances_Fisher_0001.jpg,0,-0.013688,Dawn_Staley,Frances_Fisher,random_negative
Colleen_Atwood_0002.jpg,Larry_Ellison_0004.jpg,0,0.016344,Colleen_Atwood,Larry_Ellison,random_negative
Melanie_Griffith_0004.jpg,Pierce_Brosnan_0001.jpg,0,-0.019494,Melanie_Griffith,Pierce_Brosnan,random_negative
Barry_Bonds_0004.jpg,Richard_Shelby_0001.jpg,0,0.028858,Barry_Bonds,Richard_Shelby,random_negative
Elsa_Zylberstein_0002.jpg,Lorraine_Bracco_0004.jpg,0,0.027499,Elsa_Zylberstein,Lorraine_Bracco,random_negative
Paul_Bremer_0002.jpg,Stacey_Jones_0002.jpg,0,0.017614,Paul_Bremer,Stacey_Jones,random_negative
Amanda_Coetzer_0002.jpg,Marco_Antonio_Barrera_0003.jpg,0,-0.002125,Amanda_Coetzer,Marco_Antonio_Barrera,random_negative
Alex_Wallau_0001.jpg,Cheryl_Hines_0002.jpg,0,-0.013155,Alex_Wallau,Cheryl_Hines,random_negative
Javier_Weber_0001.jpg,John_Stallworth_0003.jpg,0,0.109134,Javier_Weber,John_Stallworth,random_negative
Adolfo_Aguilar_Zinser_0002.jpg,Kathryn_Grayson_0003.jpg,0,-0.024388,Adolfo_Aguilar_Zinser,Kathryn_Grayson,random_negative
Jamling_Norgay_0002.jpg,Richard_Gephardt_0002.jpg,0,-0.007606,Jamling_Norgay,Richard_Gephardt,random_negative
Danielle_Spencer_0001.jpg,Hans_Blix_0002.jpg,0,-0.015213,Danielle_Spencer,Hans_Blix,random_negative
Joanna_Poitier_0001.jpg,Nicolas_Macrozonaris_0003.jpg,0,0.003287,Joanna_Poitier,Nicolas_Macrozonaris,random_negative
Blythe_Danner_0004.jpg,Laura_Morante_0004.jpg,0,0.033832,Blythe_Danner,Laura_Morante,random_negative
James_Barksdale_0004.jpg,Keith_Osik_0004.jpg,0,0.051942,James_Barksdale,Keith_Osik,random_negative
Carlton_Dotson_0002.jpg,Curtis_Strange_0003.jpg,0,-0.002214,Carlton_Dotson,Curtis_Strange,random_negative
Henry_Hyde_0001.jpg,Tabare_Vazquez_0004.jpg,0,0.188968,Henry_Hyde,Tabare_Vazquez,random_negative
Fernando_Gonzalez_0001.jpg,Yannos_Papantoniou_0004.jpg,0,0.019860,Fernando_Gonzalez,Yannos_Papantoniou,random_negative
Maria_Luisa_Mendonca_0002.jpg,Vladimir_Putin_0004.jpg,0,-0.046545,Maria_Luisa_Mendonca,Vladimir_Putin,random_negative
Alec_Baldwin_0003.jpg,Rosemarie_Stack_0001.jpg,0,-0.016768,Alec_Baldwin,Rosemarie_Stack,random_negative
Lance_Bass_0003.jpg,Pete_Sampras_0003.jpg,0,-0.018705,Lance_Bass,Pete_Sampras,random_negative
Jack_Welch_0004.jpg,Mike_Sherman_0003.jpg,0,-0.064266,Jack_Welch,Mike_Sherman,random_negative
Chance_Mock_0001.jpg,Heidi_Fleiss_0002.jpg,0,0.006233,Chance_Mock,Heidi_Fleiss,random_negative
Thad_Matta_0001.jpg,William_Delahunt_0001.jpg,0,0.002645,Thad_Matta,William_Delahunt,random_negative
Larry_Flynt_0004.jpg,Paul_Burrell_0004.jpg,0,-0.031144,Larry_Flynt,Paul_Burrell,random_negative
Aretha_Franklin_0003.jpg,Paul_Martin_0001.jpg,0,-0.011404,Aretha_Franklin,Paul_Martin,random_negative
Drew_Barrymore_0001.jpg,Saparmurat_Niyazov_0004.jpg,0,-0.052192,Drew_Barrymore,Saparmurat_Niyazov,random_negative
Iva_Majoli_0004.jpg,Luiz_Felipe_Scolari_0001.jpg,0,-0.060300,Iva_Majoli,Luiz_Felipe_Scolari,random_negative
Cynthia_Rowley_0003.jpg,Roger_Machado_0003.jpg,0,-0.046334,Cynthia_Rowley,Roger_Machado,random_negative
Michael_Douglas_0003.jpg,Tiger_Woods_0003.jpg,0,0.065457,Michael_Douglas,Tiger_Woods,random_negative
Katherine_Harris_0002.jpg,Sidney_Kimmel_0002.jpg,0,0.001606,Katherine_Harris,Sidney_Kimmel,random_negative
Jay_Garner_0002.jpg,Uma_Thurman_0004.jpg,0,0.031550,Jay_Garner,Uma_Thurman,random_negative
Bill_Parcells_0004.jpg,Xavier_Malisse_0001.jpg,0,0.015055,Bill_Parcells,Xavier_Malisse,random_negative
Adrian_Annus_0001.jpg,Dan_Morales_0002.jpg,0,0.012203,Adrian_Annus,Dan_Morales,random_negative
Eric_Idle_0004.jpg,Larry_Tanenbaum_0001.jpg,0,0.013228,Eric_Idle,Larry_Tanenbaum,random_negative
Gregorio_Rosal_0002.jpg,Sean_Hayes_0001.jpg,0,-0.062060,Gregorio_Rosal,Sean_Hayes,random_negative
Madonna_0001.jpg,Patrick_Bourrat_0001.jpg,0,-0.097360,Madonna,Patrick_Bourrat,random_negative
JJ_Redick_0003.jpg,Jose_Mourinho_0001.jpg,0,0.041271,JJ_Redick,Jose_Mourinho,random_negative
Emily_Mortimer_0001.jpg,Paul_McCartney_0001.jpg,0,0.018533,Emily_Mortimer,Paul_McCartney,random_negative
Bill_Self_0003.jpg,Bob_Hayes_0002.jpg,0,0.010192,Bill_Self,Bob_Hayes,random_negative
Evan_Rachel_Wood_0004.jpg,Gustavo_Kuerten_0004.jpg,0,-0.009883,Evan_Rachel_Wood,Gustavo_Kuerten,random_negative
Ali_Abdullah_Saleh_0004.jpg,Charlie_Deane_0001.jpg,0,0.022005,Ali_Abdullah_Saleh,Charlie_Deane,random_negative
Diane_Lane_0002.jpg,Victor_Garber_0001.jpg,0,-0.007438,Diane_Lane,Victor_Garber,random_negative
Hal_Sellers_0001.jpg,Pauley_Perrette_0001.jpg,0,-0.008025,Hal_Sellers,Pauley_Perrette,random_negative
Emma_Thompson_0003.jpg,Peter_Mugyeni_0001.jpg,0,-0.003669,Emma_Thompson,Peter_Mugyeni,random_negative
Luis_Ernesto_Derbez_Bautista_0003.jpg,Mikhail_Khodorkovsky_0001.jpg,0,0.053610,Luis_Ernesto_Derbez_Bautista,Mikhail_Khodorkovsky,random_negative
Jose_Dirceu_0001.jpg,Natalie_Stewart_0002.jpg,0,0.035386,Jose_Dirceu,Natalie_Stewart,random_negative
Jerry_Springer_0003.jpg,Richard_Branson_0001.jpg,0,0.032984,Jerry_Springer,Richard_Branson,random_negative
Richard_Haass_0003.jpg,Wayne_Gretzky_0001.jpg,0,0.002964,Richard_Haass,Wayne_Gretzky,random_negative
Alexander_Losyukov_0001.jpg,Ibrahim_Al-Marashi_0002.jpg,0,0.060379,Alexander_Losyukov,Ibrahim_Al-Marashi,random_negative
Abdoulaye_Wade_0001.jpg,Tom_Glavine_0002.jpg,0,-0.066539,Abdoulaye_Wade,Tom_Glavine,random_negative
Darin_Erstad_0001.jpg,Oracene_Williams_0001.jpg,0,-0.024681,Darin_Erstad,Oracene_Williams,random_negative
Alexa_Vega_0001.jpg,Barry_Williams_0002.jpg,0,-0.052351,Alexa_Vega,Barry_Williams,random_negative
Brian_Lara_0001.jpg,Eugene_Melnyk_0002.jpg,0,-0.065706,Brian_Lara,Eugene_Melnyk,random_negative
Ben_Kingsley_0001.jpg,Gregory_Hines_0004.jpg,0,0.018309,Ben_Kingsley,Gregory_Hines,random_negative
Angela_Lansbury_0002.jpg,Jalen_Rose_0002.jpg,0,0.013241,Angela_Lansbury,Jalen_Rose,random_negative
Bill_Stein_0002.jpg,Romain_Duris_0001.jpg,0,0.061142,Bill_Stein,Romain_Duris,random_negative
Carlos_Quintanilla_Schmidt_0001.jpg,Claudia_Cardinale_0001.jpg,0,-0.027894,Carlos_Quintanilla_Schmidt,Claudia_Cardinale,random_negative
Aaron_Eckhart_0002.jpg,Frances_Fisher_0001.jpg,0,-0.096647,Aaron_Eckhart,Frances_Fisher,random_negative
Aretha_Franklin_0001.jpg,Gary_Condit_0001.jpg,0,0.099343,Aretha_Franklin,Gary_Condit,random_negative
Alimzhan_Tokhtakhounov_0004.jpg,Tom_Hanks_0001.jpg,0,-0.044452,Alimzhan_Tokhtakhounov,Tom_Hanks,random_negative
Giuseppe_Gibilisco_0003.jpg,Randy_Travis_0004.jpg,0,-0.005748,Giuseppe_Gibilisco,Randy_Travis,random_negative
Colin_Farrell_0001.jpg,Shoshannah_Stern_0003.jpg,0,-0.082415,Colin_Farrell,Shoshannah_Stern,random_negative
Frank_Taylor_0002.jpg,Ryan_Nyquist_0002.jpg,0,-0.011610,Frank_Taylor,Ryan_Nyquist,random_negative
Shimon_Peres_0002.jpg,Stacey_Dales-Schuman_0001.jpg,0,0.054337,Shimon_Peres,Stacey_Dales-Schuman,random_negative
Chris_Kolanas_0002.jpg,Robert_Redford_0003.jpg,0,-0.062402,Chris_Kolanas,Robert_Redford,random_negative
Jim_Parque_0001.jpg,Reese_Witherspoon_0004.jpg,0,0.048808,Jim_Parque,Reese_Witherspoon,random_negative
Al_Davis_0004.jpg,Paul_Byrd_0001.jpg,0,0.093541,Al_Davis,Paul_Byrd,random_negative
Daniel_Coats_0003.jpg,Odai_Hussein_0002.jpg,0,-0.004162,Daniel_Coats,Odai_Hussein,random_negative
Manijeh_Hekmat_0001.jpg,Saeed_Mortazavi_0001.jpg,0,-0.051157,Manijeh_Hekmat,Saeed_Mortazavi,random_negative
Jan-Michael_Gambill_0001.jpg,Juergen_Schrempp_0003.jpg,0,0.087114,Jan-Michael_Gambill,Juergen_Schrempp,random_negative
Erik_Morales_0003.jpg,Justin_Guarini_0002.jpg,0,-0.029169,Erik_Morales,Justin_Guarini,random_negative
Carolyn_Kuhl_0002.jpg,Maurice_Cheeks_0003.jpg,0,-0.041668,Carolyn_Kuhl,Maurice_Cheeks,random_negative
Gary_Winnick_0004.jpg,Valentino_Rossi_0001.jpg,0,-0.026698,Gary_Winnick,Valentino_Rossi,random_negative
Paul_Gascoigne_0001.jpg,Wally_Szczerbiak_0004.jpg,0,-0.142660,Paul_Gascoigne,Wally_Szczerbiak,random_negative
Bobby_Robson_0001.jpg,Steve_Spurrier_0003.jpg,0,-0.002723,Bobby_Robson,Steve_Spurrier,random_negative
Asmaa_Assad_0001.jpg,Ronald_Reagan_0003.jpg,0,-0.038277,Asmaa_Assad,Ronald_Reagan,random_negative
Anna_Nicole_Smith_0004.jpg,Dita_Von_Tesse_0002.jpg,0,0.106650,Anna_Nicole_Smith,Dita_Von_Tesse,random_negative
Dino_Risi_0001.jpg,Oscar_DLeon_0002.jpg,0,-0.043405,Dino_Risi,Oscar_DLeon,random_negative
James_Murdoch_0001.jpg,Vaclav_Havel_0004.jpg,0,-0.050040,James_Murdoch,Vaclav_Havel,random_negative
Bill_Richardson_0004.jpg,Paul_Murphy_0002.jpg,0,0.023606,Bill_Richardson,Paul_Murphy,random_negative
Andy_Griffith_0002.jpg,Vyacheslav_Fetisov_0002.jpg,0,-0.008734,Andy_Griffith,Vyacheslav_Fetisov,random_negative
Jonathan_Byrd_0002.jpg,Rita_Wilson_0002.jpg,0,-0.024724,Jonathan_Byrd,Rita_Wilson,random_negative
Jason_Lezak_0004.jpg,Paul_Walker_0004.jpg,0,-0.059164,Jason_Lezak,Paul_Walker,random_negative
Carlos_Vives_0001.jpg,Jim_Thome_0001.jpg,0,0.013967,Carlos_Vives,Jim_Thome,random_negative
Arnaud_Clement_0001.jpg,Saddam_Hussein_0001.jpg,0,0.022123,Arnaud_Clement,Saddam_Hussein,random_negative
Martin_Luther_King_III_0001.jpg,Tim_Conway_0002.jpg,0,-0.023433,Martin_Luther_King_III,Tim_Conway,random_negative
Brian_Griese_0002.jpg,Princess_Victoria_0001.jpg,0,-0.046610,Brian_Griese,Princess_Victoria,random_negative
Kurt_Russell_0003.jpg,Robert_Wagner_0001.jpg,0,0.009962,Kurt_Russell,Robert_Wagner,random_negative
Jewel_Howard-Taylor_0004.jpg,Sinead_OConnor_0001.jpg,0,0.004294,Jewel_Howard-Taylor,Sinead_OConnor,random_negative
Dominique_Perben_0001.jpg,Peter_OToole_0001.jpg,0,0.070224,Dominique_Perben,Peter_OToole,random_negative
Dragan_Covic_0004.jpg,Kirk_Johnson_0002.jpg,0,-0.015187,Dragan_Covic,Kirk_Johnson,random_negative
Candie_Kung_0001.jpg,Kurt_Russell_0004.jpg,0,0.030024,Candie_Kung,Kurt_Russell,random_negative
Carly_Fiorina_0003.jpg,Leonardo_DiCaprio_0003.jpg,0,0.035601,Carly_Fiorina,Leonardo_DiCaprio,random_negative
Giuseppe_Gibilisco_0004.jpg,Jeffrey_Archer_0001.jpg,0,0.056985,Giuseppe_Gibilisco,Jeffrey_Archer,random_negative
Clay_Aiken_0002.jpg,Eli_Stutsman_0002.jpg,0,0.010037,Clay_Aiken,Eli_Stutsman,random_negative
Roy_Romanow_0001.jpg,Vanessa_Redgrave_0003.jpg,0,-0.019087,Roy_Romanow,Vanessa_Redgrave,random_negative
Claudio_Lopez_0003.jpg,Joan_Jett_0001.jpg,0,-0.074330,Claudio_Lopez,Joan_Jett,random_negative
John_Cusack_0001.jpg,Tony_Parker_0001.jpg,0,-0.104954,John_Cusack,Tony_Parker,random_negative
Ben_Kingsley_0001.jpg,Shawn_Marion_0001.jpg,0,-0.129188,Ben_Kingsley,Shawn_Marion,random_negative
Andrei_Konchalovsky_0001.jpg,Jose_Maria_Aznar_0003.jpg,0,-0.111428,Andrei_Konchalovsky,Jose_Maria_Aznar,random_negative
Brenda_van_Dam_0003.jpg,Robert_Duvall_0003.jpg,0,0.029368,Brenda_van_Dam,Robert_Duvall,random_negative
Kirk_Ferentz_0001.jpg,Pedro_Pauleta_0001.jpg,0,0.018267,Kirk_Ferentz,Pedro_Pauleta,random_negative
Hank_Aaron_0004.jpg,Mohamed_Hammam_0002.jpg,0,0.029394,Hank_Aaron,Mohamed_Hammam,random_negative
Sean_Penn_0004.jpg,Shigeru_Ishiba_0002.jpg,0,-0.064891,Sean_Penn,Shigeru_Ishiba,random_negative
Lou_Piniella_0004.jpg,Mary-Kate_Olsen_0001.jpg,0,-0.057189,Lou_Piniella,Mary-Kate_Olsen,random_negative
Laurence_Tribe_0004.jpg,Norm_Macdonald_0001.jpg,0,0.023931,Laurence_Tribe,Norm_Macdonald,random_negative
Stanley_Ho_0002.jpg,Steve_Park_0001.jpg,0,-0.181441,Stanley_Ho,Steve_Park,random_negative
Gerald_Ford_0001.jpg,Janusz_Kaminski_0004.jpg,0,0.008004,Gerald_Ford,Janusz_Kaminski,random_negative
Filippo_Inzaghi_0001.jpg,Roy_Halladay_0001.jpg,0,-0.051231,Filippo_Inzaghi,Roy_Halladay,random_negative
Carlo_Ancelotti_0003.jpg,Marina_Anissina_0004.jpg,0,-0.026140,Carlo_Ancelotti,Marina_Anissina,random_negative
Kent_Rominger_0004.jpg,Leandrinho_Barbosa_0001.jpg,0,0.087195,Kent_Rominger,Leandrinho_Barbosa,random_negative
Jennifer_Capriati_0002.jpg,Marc_Anthony_0003.jpg,0,-0.007385,Jennifer_Capriati,Marc_Anthony,random_negative
Dan_Kellner_0001.jpg,Sean_Penn_0002.jpg,0,-0.003650,Dan_Kellner,Sean_Penn,random_negative
Chip_Knight_0002.jpg,Seymour_Cassell_0001.jpg,0,0.064937,Chip_Knight,Seymour_Cassell,random_negative
Larry_Coker_0003.jpg,Warren_Truss_0001.jpg,0,-0.005607,Larry_Coker,Warren_Truss,random_negative
Michael_Patrick_King_0001.jpg,Orlando_Bloom_0004.jpg,0,-0.026096,Michael_Patrick_King,Orlando_Bloom,random_negative
Adam_Ant_0002.jpg,Isabelle_Huppert_0004.jpg,0,0.039059,Adam_Ant,Isabelle_Huppert,random_negative
Andrew_Cuomo_0001.jpg,Mike_Eskew_0003.jpg,0,0.050221,Andrew_Cuomo,Mike_Eskew,random_negative
Bixente_LIzarazu_0004.jpg,Maurice_Papon_0004.jpg,0,0.023559,Bixente_LIzarazu,Maurice_Papon,random_negative
Geovani_Lapentti_0001.jpg,Rosalyn_Carter_0002.jpg,0,0.015410,Geovani_Lapentti,Rosalyn_Carter,random_negative
Benito_Santiago_0004.jpg,Mike_Babcock_0004.jpg,0,-0.018447,Benito_Santiago,Mike_Babcock,random_negative
Katie_Couric_0004.jpg,Zoe_Ball_0002.jpg,0,-0.002608,Katie_Couric,Zoe_Ball,random_negative
Billy_Crystal_0001.jpg,Li_Changchun_0004.jpg,0,-0.038752,Billy_Crystal,Li_Changchun,random_negative
Edward_Lu_0002.jpg,Julie_Goodenough_0002.jpg,0,0.008595,Edward_Lu,Julie_Goodenough,random_negative
Fayssal_Mekdad_0003.jpg,Lynne_Cheney_0003.jpg,0,-0.024214,Fayssal_Mekdad,Lynne_Cheney,random_negative
Roy_Moore_0001.jpg,Stephen_Crampton_0001.jpg,0,-0.004968,Roy_Moore,Stephen_Crampton,random_negative
Alexander_Downer_0001.jpg,Bernard_Giraudeau_0003.jpg,0,0.022056,Alexander_Downer,Bernard_Giraudeau,random_negative
Al_Gore_0001.jpg,Tom_Poston_0001.jpg,0,-0.004314,Al_Gore,Tom_Poston,random_negative
Byron_Scott_0003.jpg,Elena_Likhovtseva_0003.jpg,0,0.067505,Byron_Scott,Elena_Likhovtseva,random_negative
Aung_San_Suu_Kyi_0002.jpg,Kamal_Kharrazi_0001.jpg,0,-0.078105,Aung_San_Suu_Kyi,Kamal_Kharrazi,random_negative
Gao_Qiang_0001.jpg,Robert_Nardelli_0003.jpg,0,0.070910,Gao_Qiang,Robert_Nardelli,random_negative
Beatrice_Dalle_0001.jpg,Troy_Aikman_0004.jpg,0,0.015690,Beatrice_Dalle,Troy_Aikman,random_negative
Chick_Hearn_0001.jpg,Mahathir_Mohamad_0001.jpg,0,-0.069337,Chick_Hearn,Mahathir_Mohamad,random_negative
Imelda_Marcos_0003.jpg,Ion_Tiriac_0001.jpg,0,0.152334,Imelda_Marcos,Ion_Tiriac,random_negative
Melanie_Griffith_0004.jpg,Vladimir_Putin_0003.jpg,0,-0.013492,Melanie_Griffith,Vladimir_Putin,random_negative
Claudia_Schiffer_0004.jpg,Tom_DeLay_0004.jpg,0,-0.028126,Claudia_Schiffer,Tom_DeLay,random_negative
Luis_Gonzalez_0001.jpg,Nia_Vardalos_0003.jpg,0,0.058246,Luis_Gonzalez,Nia_Vardalos,random_negative
Elsa_Zylberstein_0002.jpg,Linda_Dano_0001.jpg,0,-0.069582,Elsa_Zylberstein,Linda_Dano,random_negative
Ranil_Wickremasinghe_0004.jpg,Wesley_Clark_0003.jpg,0,0.013135,Ranil_Wickremasinghe,Wesley_Clark,random_negative
Brian_Cook_0003.jpg,Carlos_Moya_0002.jpg,0,-0.066950,Brian_Cook,Carlos_Moya,random_negative
Luis_Ernesto_Derbez_Bautista_0002.jpg,Tina_Andrews_0002.jpg,0,0.066719,Luis_Ernesto_Derbez_Bautista,Tina_Andrews,random_negative
Bob_Melvin_0002.jpg,Daniel_Scioli_0004.jpg,0,-0.072602,Bob_Melvin,Daniel_Scioli,random_negative
Abraham_Foxman_0004.jpg,Ernie_Eves_0002.jpg,0,0.052585,Abraham_Foxman,Ernie_Eves,random_negative
Hal_McCoy_0002.jpg,Leland_Chapman_0001.jpg,0,0.023700,Hal_McCoy,Leland_Chapman,random_negative
Alina_Kabaeva_0002.jpg,Ray_Nagin_0002.jpg,0,-0.005214,Alina_Kabaeva,Ray_Nagin,random_negative
Daniel_Scioli_0001.jpg,Valerie_Harper_0004.jpg,0,-0.102341,Daniel_Scioli,Valerie_Harper,random_negative
Jelena_Dokic_0003.jpg,Stan_Heath_0002.jpg,0,-0.006019,Jelena_Dokic,Stan_Heath,random_negative
Elmar_Brok_0001.jpg,Keira_Knightley_0001.jpg,0,0.050332,Elmar_Brok,Keira_Knightley,random_negative
Andy_Graves_0001.jpg,Lisa_Stone_0002.jpg,0,0.030004,Andy_Graves,Lisa_Stone,random_negative
Elizabeth_Smart_0004.jpg,Pete_Rose_0002.jpg,0,0.028261,Elizabeth_Smart,Pete_Rose,random_negative
Dyana_Calub_0001.jpg,John_Walsh_0003.jpg,0,0.000589,Dyana_Calub,John_Walsh,random_negative
Francis_George_0001.jpg,Mike_Babcock_0004.jpg,0,-0.044957,Francis_George,Mike_Babcock,random_negative
Anne_McLellan_0001.jpg,David_Caruso_0004.jpg,0,0.000257,Anne_McLellan,David_Caruso,random_negative
Catherine_Zeta-Jones_0004.jpg,Dita_Von_Tesse_0002.jpg,0,-0.092302,Catherine_Zeta-Jones,Dita_Von_Tesse,random_negative
Kathryn_Grayson_0002.jpg,Rachel_Hunter_0003.jpg,0,-0.014460,Kathryn_Grayson,Rachel_Hunter,random_negative
Flavia_Delaroli_0002.jpg,James_Sensenbrenner_0001.jpg,0,0.081885,Flavia_Delaroli,James_Sensenbrenner,random_negative
Dan_Wheldon_0001.jpg,LK_Advani_0002.jpg,0,0.001080,Dan_Wheldon,LK_Advani,random_negative
Jamling_Norgay_0002.jpg,Oleg_Romantsev_0001.jpg,0,-0.024590,Jamling_Norgay,Oleg_Romantsev,random_negative
Luis_Fonsi_0001.jpg,Rick_Pitino_0001.jpg,0,0.075304,Luis_Fonsi,Rick_Pitino,random_negative
Grady_Irvin_Jr_0001.jpg,Martha_Smith_0001.jpg,0,-0.004107,Grady_Irvin_Jr,Martha_Smith,random_negative
Abraham_Foxman_0001.jpg,Zico_0002.jpg,0,-0.145320,Abraham_Foxman,Zico,random_negative
Adrian_Murrell_0002.jpg,Grant_Hackett_0003.jpg,0,-0.017057,Adrian_Murrell,Grant_Hackett,random_negative
Jimmy_Carter_0002.jpg,Josh_Childress_0001.jpg,0,-0.002080,Jimmy_Carter,Josh_Childress,random_negative
Debbie_Reynolds_0004.jpg,Isabella_Rossellini_0001.jpg,0,-0.058064,Debbie_Reynolds,Isabella_Rossellini,random_negative
Francis_Mer_0001.jpg,Mary-Kate_Olsen_0002.jpg,0,-0.092841,Francis_Mer,Mary-Kate_Olsen,random_negative
Stephane_Rousseau_0002.jpg,Thaksin_Shinawatra_0001.jpg,0,-0.098413,Stephane_Rousseau,Thaksin_Shinawatra,random_negative
Blas_Ople_0002.jpg,Rafael_Ramirez_0001.jpg,0,-0.018457,Blas_Ople,Rafael_Ramirez,random_negative
Jerry_Seinfeld_0003.jpg,Yasushi_Akashi_0001.jpg,0,0.068230,Jerry_Seinfeld,Yasushi_Akashi,random_negative
Begum_Khaleda_Zia_0004.jpg,Willie_Nelson_0001.jpg,0,-0.093794,Begum_Khaleda_Zia,Willie_Nelson,random_negative
Alessandro_Nesta_0004.jpg,Richard_Krajicek_0001.jpg,0,-0.046279,Alessandro_Nesta,Richard_Krajicek,random_negative
Juan_Valencia_Osorio_0002.jpg,Rudy_Tomjanovich_0004.jpg,0,0.082772,Juan_Valencia_Osorio,Rudy_Tomjanovich,random_negative
David_Zeplowitz_0002.jpg,Rudi_Voeller_0001.jpg,0,-0.058449,David_Zeplowitz,Rudi_Voeller,random_negative
Cristian_Barros_0003.jpg,Tony_Clement_0001.jpg,0,0.167860,Cristian_Barros,Tony_Clement,random_negative
Jaime_Pressly_0003.jpg,Sebastian_Porto_0004.jpg,0,0.070811,Jaime_Pressly,Sebastian_Porto,random_negative
Astrid_Betancourt_0003.jpg,Jose_Theodore_0002.jpg,0,-0.000670,Astrid_Betancourt,Jose_Theodore,random_negative
Garry_Kasparov_0001.jpg,Jennifer_McCoy_0001.jpg,0,0.042638,Garry_Kasparov,Jennifer_McCoy,random_negative
Brad_Gushue_0004.jpg,Tommy_Haas_0002.jpg,0,-0.048133,Brad_Gushue,Tommy_Haas,random_negative
Dale_Earnhardt_Jr_0004.jpg,Keanu_Reeves_0001.jpg,0,0.069830,Dale_Earnhardt_Jr,Keanu_Reeves,random_negative
Hugo_Colace_0001.jpg,Jorge_Moreno_0001.jpg,0,-0.057303,Hugo_Colace,Jorge_Moreno,random_negative
Erin_Hershey_Presley_0004.jpg,Matt_Damon_0001.jpg,0,-0.055274,Erin_Hershey_Presley,Matt_Damon,random_negative
Ben_Kingsley_0001.jpg,Stephen_Crampton_0002.jpg,0,-0.056113,Ben_Kingsley,Stephen_Crampton,random_negative
Patty_Schnyder_0002.jpg,Robin_Williams_0002.jpg,0,0.050249,Patty_Schnyder,Robin_Williams,random_negative
Adam_Freier_0003.jpg,Hermogenes_Ebdane_Jr_0001.jpg,0,-0.000419,Adam_Freier,Hermogenes_Ebdane_Jr,random_negative
Abdullah_Gul_0001.jpg,Raul_Gonzalez_0002.jpg,0,-0.013681,Abdullah_Gul,Raul_Gonzalez,random_negative
Max_von_Sydow_0002.jpg,Sureyya_Ayhan_0002.jpg,0,-0.037673,Max_von_Sydow,Sureyya_Ayhan,random_negative
Adam_Rich_0003.jpg,Takeo_Hiranuma_0003.jpg,0,0.035917,Adam_Rich,Takeo_Hiranuma,random_negative
Laura_Linney_0002.jpg,Leslie_Moonves_0001.jpg,0,0.054479,Laura_Linney,Leslie_Moonves,random_negative
Ismail_Abu_Shanab_0004.jpg,Marcos_Milinkovic_0003.jpg,0,-0.078396,Ismail_Abu_Shanab,Marcos_Milinkovic,random_negative
Mike_Flanagan_0001.jpg,Stephen_Crampton_0001.jpg,0,0.123541,Mike_Flanagan,Stephen_Crampton,random_negative
Nicolas_Macrozonaris_0001.jpg,Richie_Adubato_0001.jpg,0,-0.008416,Nicolas_Macrozonaris,Richie_Adubato,random_negative
Candice_Bergen_0002.jpg,Michael_Douglas_0003.jpg,0,0.033116,Candice_Bergen,Michael_Douglas,random_negative
Alec_Baldwin_0002.jpg,Miles_Stewart_0001.jpg,0,-0.004944,Alec_Baldwin,Miles_Stewart,random_negative
Francis_Ricciardone_0001.jpg,Grady_Little_0001.jpg,0,0.130707,Francis_Ricciardone,Grady_Little,random_negative
Alejandro_Toledo_0001.jpg,Sinead_OConnor_0001.jpg,0,0.045523,Alejandro_Toledo,Sinead_OConnor,random_negative
Jason_Petty_0002.jpg,Mohammed_Baqir_al-Hakim_0004.jpg,0,-0.114795,Jason_Petty,Mohammed_Baqir_al-Hakim,random_negative
Claudia_Pechstein_0001.jpg,Don_Matthews_0002.jpg,0,0.035730,Claudia_Pechstein,Don_Matthews,random_negative
Jayson_Williams_0003.jpg,Tom_Ridge_0004.jpg,0,0.040615,Jayson_Williams,Tom_Ridge,random_negative
Ben_Cahoon_0001.jpg,Elisha_Cuthbert_0001.jpg,0,0.009977,Ben_Cahoon,Elisha_Cuthbert,random_negative
Babe_Ruth_0001.jpg,Michael_Arif_0002.jpg,0,0.032393,Babe_Ruth,Michael_Arif,random_negative
David_Trimble_0002.jpg,Mufti_Mohammad_Syed_0003.jpg,0,0.087362,David_Trimble,Mufti_Mohammad_Syed,random_negative
Biljana_Plavsic_0003.jpg,Lela_Rochon_0003.jpg,0,-0.025527,Biljana_Plavsic,Lela_Rochon,random_negative
Bernadette_Peters_0003.jpg,Matthew_Ouimet_0003.jpg,0,0.038253,Bernadette_Peters,Matthew_Ouimet,random_negative
Biljana_Plavsic_0003.jpg,Pyar_Jung_Thapa_0001.jpg,0,-0.033580,Biljana_Plavsic,Pyar_Jung_Thapa,random_negative
Isabella_Rossellini_0002.jpg,Valdas_Adamkus_0004.jpg,0,-0.031565,Isabella_Rossellini,Valdas_Adamkus,random_negative
David_Coulthard_0002.jpg,Shi_Guangsheng_0004.jpg,0,-0.095616,David_Coulthard,Shi_Guangsheng,random_negative
Brad_Brownell_0001.jpg,George_Roy_Hill_0001.jpg,0,-0.001468,Brad_Brownell,George_Roy_Hill,random_negative
Ion_Tiriac_0001.jpg,John_Travolta_0004.jpg,0,-0.024388,Ion_Tiriac,John_Travolta,random_negative
Bud_Selig_0001.jpg,Jim_Edmonds_0003.jpg,0,-0.021517,Bud_Selig,Jim_Edmonds,random_negative
Andy_Benes_0003.jpg,Portia_de_Rossi_0004.jpg,0,-0.082674,Andy_Benes,Portia_de_Rossi,random_negative
Raoul_Ruiz_0001.jpg,Scott_McNealy_0004.jpg,0,0.009513,Raoul_Ruiz,Scott_McNealy,random_negative
Columba_Bush_0001.jpg,Joxel_Garcia_0001.jpg,0,-0.019993,Columba_Bush,Joxel_Garcia,random_negative
Joaquin_Phoenix_0001.jpg,Tim_Conway_0001.jpg,0,-0.052184,Joaquin_Phoenix,Tim_Conway,random_negative
Chris_Cookson_0001.jpg,Juan_Pablo_Montoya_0001.jpg,0,0.043154,Chris_Cookson,Juan_Pablo_Montoya,random_negative
Emily_Robison_0003.jpg,Michael_Kostelnik_0001.jpg,0,0.060395,Emily_Robison,Michael_Kostelnik,random_negative
Kyle_McLaren_0001.jpg,Sandra_Milo_0004.jpg,0,0.041468,Kyle_McLaren,Sandra_Milo,random_negative
Patrick_Eaves_0001.jpg,William_Rosenberg_0002.jpg,0,-0.051742,Patrick_Eaves,William_Rosenberg,random_negative
Joe_Gatti_0004.jpg,Wolfgang_Schuessel_0003.jpg,0,-0.013080,Joe_Gatti,Wolfgang_Schuessel,random_negative
Julie_Taymor_0003.jpg,William_Jackson_0002.jpg,0,-0.068166,Julie_Taymor,William_Jackson,random_negative
Delphine_Chuillot_0004.jpg,Sanja_Papic_0001.jpg,0,-0.103566,Delphine_Chuillot,Sanja_Papic,random_negative
Michael_Schumacher_0003.jpg,Raoul_Ruiz_0004.jpg,0,0.066572,Michael_Schumacher,Raoul_Ruiz,random_negative
Carson_Palmer_0002.jpg,Jon_Gruden_0002.jpg,0,0.071454,Carson_Palmer,Jon_Gruden,random_negative
Amanda_Beard_0001.jpg,Mariano_Zabaleta_0002.jpg,0,0.029896,Amanda_Beard,Mariano_Zabaleta,random_negative
Sven_Goran_Eriksson_0002.jpg,Tiago_Splitter_0004.jpg,0,0.042944,Sven_Goran_Eriksson,Tiago_Splitter,random_negative
Iveta_Benesova_0001.jpg,Michael_Hagee_0002.jpg,0,-0.032840,Iveta_Benesova,Michael_Hagee,random_negative
Begum_Khaleda_Zia_0004.jpg,Matthias_Sammer_0004.jpg,0,-0.032657,Begum_Khaleda_Zia,Matthias_Sammer,random_negative
Bud_Selig_0002.jpg,David_Montoya_0001.jpg,0,0.025998,Bud_Selig,David_Montoya,random_negative
Inam-ul-Haq_0002.jpg,Rodney_Dangerfield_0002.jpg,0,-0.090752,Inam-ul-Haq,Rodney_Dangerfield,random_negative
Kelly_Osbourne_0001.jpg,Mitzi_Gaynor_0004.jpg,0,0.002362,Kelly_Osbourne,Mitzi_Gaynor,random_negative
Jesse_Jackson_0004.jpg,Linda_Mason_0002.jpg,0,-0.055231,Jesse_Jackson,Linda_Mason,random_negative
Jeffrey_Archer_0001.jpg,Sebastian_Saja_0003.jpg,0,0.056837,Jeffrey_Archer,Sebastian_Saja,random_negative
Arif_Mardin_0002.jpg,Owen_Nolan_0002.jpg,0,0.052773,Arif_Mardin,Owen_Nolan,random_negative
Dan_Guerrero_0002.jpg,Natalie_Coughlin_0004.jpg,0,-0.020073,Dan_Guerrero,Natalie_Coughlin,random_negative
Justin_Timberlake_0001.jpg,Richard_Haass_0002.jpg,0,0.081196,Justin_Timberlake,Richard_Haass,random_negative
Arye_Mekel_0002.jpg,Eddie_Sutton_0001.jpg,0,-0.042295,Arye_Mekel,Eddie_Sutton,random_negative
Amanda_Coetzer_0001.jpg,Paul-Henri_Mathieu_0001.jpg,0,0.007560,Amanda_Coetzer,Paul-Henri_Mathieu,random_negative
Michael_Kirby_0004.jpg,Valerie_Harper_0003.jpg,0,0.032934,Michael_Kirby,Valerie_Harper,random_negative
David_McCullough_0001.jpg,Steve_Allee_0002.jpg,0,0.028830,David_McCullough,Steve_Allee,random_negative
Robert_Stack_0004.jpg,Wally_Szczerbiak_0001.jpg,0,0.008736,Robert_Stack,Wally_Szczerbiak,random_negative
Brian_Heidik_0004.jpg,Eric_Clapton_0001.jpg,0,0.026280,Brian_Heidik,Eric_Clapton,random_negative
Jules_Asner_0001.jpg,Sterling_Hitchcock_0003.jpg,0,-0.014299,Jules_Asner,Sterling_Hitchcock,random_negative
Clive_Lloyd_0004.jpg,Igor_Ivanov_0003.jpg,0,0.012912,Clive_Lloyd,Igor_Ivanov,random_negative
Kelly_Osbourne_0003.jpg,Yasushi_Akashi_0003.jpg,0,0.106611,Kelly_Osbourne,Yasushi_Akashi,random_negative
Geoff_Hoon_0001.jpg,Zafarullah_Khan_Jamali_0002.jpg,0,-0.026251,Geoff_Hoon,Zafarullah_Khan_Jamali,random_negative
Jim_Furyk_0002.jpg,Megan_Mullally_0002.jpg,0,0.034566,Jim_Furyk,Megan_Mullally,random_negative
Boris_Becker_0003.jpg,Pierre_Van_Hooijdonk_0003.jpg,0,0.013980,Boris_Becker,Pierre_Van_Hooijdonk,random_negative
Anne_ONeil_0002.jpg,James_Butts_0001.jpg,0,-0.071925,Anne_ONeil,James_Butts,random_negative
Judith_Nathan_0001.jpg,Rita_Moreno_0003.jpg,0,0.047198,Judith_Nathan,Rita_Moreno,random_negative
Catherine_Woodard_0001.jpg,Rob_Niedermayer_0004.jpg,0,-0.009443,Catherine_Woodard,Rob_Niedermayer,random_negative
Paul_Newman_0002.jpg,Tatiana_Panova_0001.jpg,0,0.008634,Paul_Newman,Tatiana_Panova,random_negative
Fabrice_Santoro_0003.jpg,Patrick_McEnroe_0001.jpg,0,0.002453,Fabrice_Santoro,Patrick_McEnroe,random_negative
Hana_Urushima_0001.jpg,Jessica_Lynch_0001.jpg,0,0.011588,Hana_Urushima,Jessica_Lynch,random_negative
Deniz_Baykal_0001.jpg,Peter_OToole_0004.jpg,0,0.026971,Deniz_Baykal,Peter_OToole,random_negative
Jean-Sebastien_Giguere_0003.jpg,Sean_Penn_0001.jpg,0,0.108380,Jean-Sebastien_Giguere,Sean_Penn,random_negative
Gianna_Angelopoulos-Daskalaki_0002.jpg,Robert_Fico_0004.jpg,0,0.005071,Gianna_Angelopoulos-Daskalaki,Robert_Fico,random_negative
John_Rusnak_0001.jpg,Peter_Ueberroth_0002.jpg,0,0.089602,John_Rusnak,Peter_Ueberroth,random_negative
Alan_Mulally_0002.jpg,Joseph_Kabila_0001.jpg,0,0.030488,Alan_Mulally,Joseph_Kabila,random_negative
Abbas_Kiarostami_0001.jpg,Juan_Ignacio_Chela_0001.jpg,0,-0.077962,Abbas_Kiarostami,Juan_Ignacio_Chela,random_negative
Chick_Hearn_0001.jpg,Darcy_Regier_0004.jpg,0,-0.067542,Chick_Hearn,Darcy_Regier,random_negative
Elena_Bereznaya_0002.jpg,George_Lopez_0004.jpg,0,0.029150,Elena_Bereznaya,George_Lopez,random_negative
Antonio_Banderas_0002.jpg,Elizabeth_Shue_0003.jpg,0,0.024189,Antonio_Banderas,Elizabeth_Shue,random_negative
Colin_Montgomerie_0001.jpg,Francis_George_0001.jpg,0,0.033780,Colin_Montgomerie,Francis_George,random_negative
Anders_Fogh_Rasmussen_0004.jpg,Richard_Crenna_0003.jpg,0,-0.106495,Anders_Fogh_Rasmussen,Richard_Crenna,random_negative
Danny_Ainge_0001.jpg,Janusz_Kaminski_0001.jpg,0,-0.014999,Danny_Ainge,Janusz_Kaminski,random_negative
Mark_Richt_0003.jpg,Sarah_Michelle_Gellar_0003.jpg,0,-0.006090,Mark_Richt,Sarah_Michelle_Gellar,random_negative
Donald_Keck_0001.jpg,William_Perry_0004.jpg,0,0.058488,Donald_Keck,William_Perry,random_negative
Gustavo_Kuerten_0004.jpg,Nicolas_Escude_0002.jpg,0,0.032609,Gustavo_Kuerten,Nicolas_Escude,random_negative
Julie_Taymor_0003.jpg,Victoria_Beckham_0003.jpg,0,0.144600,Julie_Taymor,Victoria_Beckham,random_negative
Frank_Beamer_0003.jpg,John_Jumper_0001.jpg,0,-0.034420,Frank_Beamer,John_Jumper,random_negative
Gary_Forsee_0003.jpg,Ryan_Nyquist_0001.jpg,0,0.146004,Gary_Forsee,Ryan_Nyquist,random_negative
Mike_Tice_0001.jpg,Vincent_Gallo_0002.jpg,0,-0.020842,Mike_Tice,Vincent_Gallo,random_negative
Eliane_Karp_0001.jpg,Patrick_Leahy_0001.jpg,0,-0.005056,Eliane_Karp,Patrick_Leahy,random_negative
Kara_Lynn_Joyce_0001.jpg,Shannyn_Sossamon_0001.jpg,0,-0.014747,Kara_Lynn_Joyce,Shannyn_Sossamon,random_negative
Antonio_Catania_0002.jpg,Rafael_Bielsa_0003.jpg,0,-0.030042,Antonio_Catania,Rafael_Bielsa,random_negative
Jalen_Rose_0001.jpg,Steve_Nash_0001.jpg,0,0.070189,Jalen_Rose,Steve_Nash,random_negative
John_Travolta_0001.jpg,Lyudmila_Putin_0001.jpg,0,-0.047200,John_Travolta,Lyudmila_Putin,random_negative
Alex_Ferguson_0004.jpg,Andrew_Niccol_0002.jpg,0,-0.026697,Alex_Ferguson,Andrew_Niccol,random_negative
Jean_Chretien_0004.jpg,Jennifer_Pena_0001.jpg,0,-0.065759,Jean_Chretien,Jennifer_Pena,random_negative
AJ_Lamas_0001.jpg,Massoud_Barzani_0001.jpg,0,-0.029119,AJ_Lamas,Massoud_Barzani,random_negative
Ben_Cahoon_0001.jpg,Michael_J_Fox_0004.jpg,0,-0.032009,Ben_Cahoon,Michael_J_Fox,random_negative
Kara_Lynn_Joyce_0001.jpg,Peter_Gabriel_0004.jpg,0,-0.120820,Kara_Lynn_Joyce,Peter_Gabriel,random_negative
Brad_Garrett_0002.jpg,Ismael_Miranda_0001.jpg,0,-0.028782,Brad_Garrett,Ismael_Miranda,random_negative
Juan_Roman_Carrasco_0001.jpg,Miguel_Angel_Rodriguez_0001.jpg,0,0.113126,Juan_Roman_Carrasco,Miguel_Angel_Rodriguez,random_negative
Delphine_Chuillot_0001.jpg,Mike_Martz_0001.jpg,0,-0.008510,Delphine_Chuillot,Mike_Martz,random_negative
Shinzo_Abe_0004.jpg,Xanana_Gusmao_0004.jpg,0,-0.072383,Shinzo_Abe,Xanana_Gusmao,random_negative
Brooke_Shields_0004.jpg,Dragan_Covic_0003.jpg,0,-0.024132,Brooke_Shields,Dragan_Covic,random_negative
Antonio_Elias_Saca_0003.jpg,Lleyton_Hewitt_0001.jpg,0,-0.060013,Antonio_Elias_Saca,Lleyton_Hewitt,random_negative
Hana_Makhmalbaf_0002.jpg,Shaun_Pollock_0004.jpg,0,0.106354,Hana_Makhmalbaf,Shaun_Pollock,random_negative
Ben_Cahoon_0004.jpg,Mark_Hogan_0001.jpg,0,-0.045713,Ben_Cahoon,Mark_Hogan,random_negative
Gregory_Geoffroy_0004.jpg,Wanda_de_la_Jesus_0001.jpg,0,0.056536,Gregory_Geoffroy,Wanda_de_la_Jesus,random_negative
Elizabeth_Taylor_0001.jpg,Seymour_Cassell_0001.jpg,0,0.008551,Elizabeth_Taylor,Seymour_Cassell,random_negative
Mark_Cuban_0003.jpg,Svetlana_Koroleva_0002.jpg,0,-0.026383,Mark_Cuban,Svetlana_Koroleva,random_negative
Angelina_Jolie_0004.jpg,Byron_Scott_0001.jpg,0,0.013620,Angelina_Jolie,Byron_Scott,random_negative
Elizabeth_Shue_0003.jpg,Faye_Dunaway_0003.jpg,0,0.038230,Elizabeth_Shue,Faye_Dunaway,random_negative
Ambrose_Lee_0004.jpg,Mike_Babcock_0001.jpg,0,0.087474,Ambrose_Lee,Mike_Babcock,random_negative
Amanda_Coetzer_0002.jpg,Carin_Koch_0001.jpg,0,0.001455,Amanda_Coetzer,Carin_Koch,random_negative
Steve_Austin_0001.jpg,Warren_Truss_0001.jpg,0,0.022990,Steve_Austin,Warren_Truss,random_negative
Ana_Claudia_Talancon_0001.jpg,Eric_Staal_0002.jpg,0,-0.045618,Ana_Claudia_Talancon,Eric_Staal,random_negative
Bill_Guerin_0002.jpg,Mike_Johanns_0003.jpg,0,-0.020481,Bill_Guerin,Mike_Johanns,random_negative
Arnaud_Lagardere_0001.jpg,Moshe_Katsav_0001.jpg,0,-0.094034,Arnaud_Lagardere,Moshe_Katsav,random_negative
Jim_Letten_0004.jpg,Patsy_Kensit_0002.jpg,0,0.063537,Jim_Letten,Patsy_Kensit,random_negative
E_Clay_Shaw_0001.jpg,Hee-Won_Han_0001.jpg,0,-0.008449,E_Clay_Shaw,Hee-Won_Han,random_negative
Ellen_DeGeneres_0004.jpg,Eric_Lloyd_0002.jpg,0,0.044057,Ellen_DeGeneres,Eric_Lloyd,random_negative
Ben_Braun_0001.jpg,Rod_Thorn_0002.jpg,0,-0.037750,Ben_Braun,Rod_Thorn,random_negative
Keith_Van_Horn_0001.jpg,Matt_Damon_0002.jpg,0,-0.015568,Keith_Van_Horn,Matt_Damon,random_negative
Marisa_Tomei_0001.jpg,Miguel_Cotto_0001.jpg,0,0.033715,Marisa_Tomei,Miguel_Cotto,random_negative
Razali_Ismail_0001.jpg,Shane_Mosley_0003.jpg,0,-0.047207,Razali_Ismail,Shane_Mosley,random_negative
Amelie_Mauresmo_0001.jpg,Brian_Schneider_0002.jpg,0,-0.033506,Amelie_Mauresmo,Brian_Schneider,random_negative
Oliver_Neuville_0004.jpg,Peter_Greenspun_0002.jpg,0,0.023205,Oliver_Neuville,Peter_Greenspun,random_negative
Mark_Richt_0001.jpg,Steve_Park_0001.jpg,0,-0.007868,Mark_Richt,Steve_Park,random_negative
Don_Siegelman_0001.jpg,Ruth_Christofferson_0001.jpg,0,0.027255,Don_Siegelman,Ruth_Christofferson,random_negative
Didier_Defago_0002.jpg,Jerry_Seinfeld_0002.jpg,0,-0.009271,Didier_Defago,Jerry_Seinfeld,random_negative
Carlos_Menem_0001.jpg,John_Travolta_0004.jpg,0,0.088680,Carlos_Menem,John_Travolta,random_negative
Bison_Dele_0001.jpg,Mitch_Kupchak_0001.jpg,0,0.059600,Bison_Dele,Mitch_Kupchak,random_negative
Jorge_Batlle_0002.jpg,Lisa_Murkowski_0003.jpg,0,0.124120,Jorge_Batlle,Lisa_Murkowski,random_negative
Norman_Mineta_0001.jpg,Tsutomu_Takebe_0002.jpg,0,0.019950,Norman_Mineta,Tsutomu_Takebe,random_negative
Bernard_Giraudeau_0003.jpg,Zhu_Rongji_0001.jpg,0,-0.119685,Bernard_Giraudeau,Zhu_Rongji,random_negative
Laura_Bush_0004.jpg,Stephen_Crampton_0002.jpg,0,-0.000215,Laura_Bush,Stephen_Crampton,random_negative
Giulio_Andreotti_0003.jpg,Stockard_Channing_0001.jpg,0,-0.061871,Giulio_Andreotti,Stockard_Channing,random_negative
Mayumi_Moriyama_0001.jpg,Stefan_Koubek_0001.jpg,0,-0.053655,Mayumi_Moriyama,Stefan_Koubek,random_negative
Heather_Mills_0004.jpg,Sheila_Taormina_0003.jpg,0,-0.023140,Heather_Mills,Sheila_Taormina,random_negative
Billy_Sollie_0002.jpg,Keith_Van_Horn_0002.jpg,0,0.060118,Billy_Sollie,Keith_Van_Horn,random_negative
Donald_Trump_0001.jpg,Martin_ONeill_0001.jpg,0,0.045188,Donald_Trump,Martin_ONeill,random_negative
Jay_Leno_0001.jpg,Tyrone_Medley_0001.jpg,0,-0.044090,Jay_Leno,Tyrone_Medley,random_negative
Richard_Branson_0001.jpg,Tim_Howard_0002.jpg,0,-0.049340,Richard_Branson,Tim_Howard,random_negative
Kjell_Magne_Bondevik_0003.jpg,Patrick_Rafter_0001.jpg,0,-0.048232,Kjell_Magne_Bondevik,Patrick_Rafter,random_negative
Franz_Muentefering_0003.jpg,Thomas_Fargo_0003.jpg,0,0.041011,Franz_Muentefering,Thomas_Fargo,random_negative
Jaromir_Jagr_0004.jpg,Ray_Bradbury_0001.jpg,0,0.009042,Jaromir_Jagr,Ray_Bradbury,random_negative
Brandon_Inge_0002.jpg,Danny_Morgan_0002.jpg,0,-0.043271,Brandon_Inge,Danny_Morgan,random_negative
Emily_Robison_0002.jpg,Rob_Marshall_0001.jpg,0,-0.044923,Emily_Robison,Rob_Marshall,random_negative
Jacques_Villeneuve_0001.jpg,Jan_De_Bont_0001.jpg,0,0.016282,Jacques_Villeneuve,Jan_De_Bont,random_negative
Mark_Cuban_0002.jpg,Mohamed_Benaissa_0001.jpg,0,0.053933,Mark_Cuban,Mohamed_Benaissa,random_negative
Kathryn_Bigelow_0004.jpg,Robert_Blake_0001.jpg,0,-0.151893,Kathryn_Bigelow,Robert_Blake,random_negative
Angelina_Jolie_0001.jpg,Paul_Burrell_0002.jpg,0,-0.043345,Angelina_Jolie,Paul_Burrell,random_negative
Bob_Menendez_0004.jpg,Chea_Sophara_0002.jpg,0,0.021374,Bob_Menendez,Chea_Sophara,random_negative
Nastassia_Kinski_0002.jpg,Tina_Andrews_0002.jpg,0,0.067011,Nastassia_Kinski,Tina_Andrews,random_negative
Gonzalo_Sanchez_de_Lozada_0004.jpg,Lee_Baca_0002.jpg,0,0.036095,Gonzalo_Sanchez_de_Lozada,Lee_Baca,random_negative
George_Gregan_0001.jpg,JC_Chasez_0004.jpg,0,0.027553,George_Gregan,JC_Chasez,random_negative
Danny_Glover_0004.jpg,Gillian_Anderson_0002.jpg,0,-0.011872,Danny_Glover,Gillian_Anderson,random_negative
Manuel_Llorente_0001.jpg,Mekhi_Phifer_0001.jpg,0,0.024768,Manuel_Llorente,Mekhi_Phifer,random_negative
Ai_Sugiyama_0001.jpg,Roy_Williams_0001.jpg,0,-0.043506,Ai_Sugiyama,Roy_Williams,random_negative
Monica_Lewinsky_0004.jpg,Tassos_Papadopoulos_0002.jpg,0,-0.043274,Monica_Lewinsky,Tassos_Papadopoulos,random_negative
Luis_Fonsi_0001.jpg,Nestor_Kirchner_0001.jpg,0,0.115008,Luis_Fonsi,Nestor_Kirchner,random_negative
Albert_Brooks_0001.jpg,Recep_Tayyip_Erdogan_0004.jpg,0,0.066446,Albert_Brooks,Recep_Tayyip_Erdogan,random_negative
Katrin_Cartlidge_0001.jpg,Landon_Donovan_0004.jpg,0,-0.052620,Katrin_Cartlidge,Landon_Donovan,random_negative
Kellie_Coffey_0003.jpg,Tim_Pawlenty_0002.jpg,0,-0.036669,Kellie_Coffey,Tim_Pawlenty,random_negative
Minnie_Driver_0001.jpg,Robby_Ginepri_0002.jpg,0,-0.022972,Minnie_Driver,Robby_Ginepri,random_negative
Mario_Lobo_Zagallo_0002.jpg,Steve_Spurrier_0001.jpg,0,0.089358,Mario_Lobo_Zagallo,Steve_Spurrier,random_negative
Juan_Roman_Riquelme_0002.jpg,Kelly_Osbourne_0001.jpg,0,0.023912,Juan_Roman_Riquelme,Kelly_Osbourne,random_negative
Alexa_Vega_0004.jpg,John_Walsh_0001.jpg,0,-0.019354,Alexa_Vega,John_Walsh,random_negative
Clifford_Robinson_0002.jpg,Ronald_Harwood_0001.jpg,0,-0.036846,Clifford_Robinson,Ronald_Harwood,random_negative
Bob_Dole_0002.jpg,Mel_Karmazin_0001.jpg,0,0.034670,Bob_Dole,Mel_Karmazin,random_negative
Elva_Hsiao_0004.jpg,Ibrahim_Al-Marashi_0001.jpg,0,0.062223,Elva_Hsiao,Ibrahim_Al-Marashi,random_negative
Arlen_Specter_0002.jpg,Denis_Coderre_0001.jpg,0,-0.061019,Arlen_Specter,Denis_Coderre,random_negative
Gracia_Burnham_0001.jpg,Tommy_Robredo_0001.jpg,0,-0.048317,Gracia_Burnham,Tommy_Robredo,random_negative
Ben_Wallace_0003.jpg,Graciano_Rocchigiani_0004.jpg,0,-0.036733,Ben_Wallace,Graciano_Rocchigiani,random_negative
Amy_Brenneman_0002.jpg,Paul_Brandt_0002.jpg,0,-0.030650,Amy_Brenneman,Paul_Brandt,random_negative
Astrid_Betancourt_0003.jpg,Howard_Schultz_0003.jpg,0,0.140494,Astrid_Betancourt,Howard_Schultz,random_negative
Carin_Koch_0001.jpg,Gary_Carter_0002.jpg,0,-0.071252,Carin_Koch,Gary_Carter,random_negative
Gorden_Tallis_0001.jpg,Jean-Sebastien_Giguere_0004.jpg,0,0.033627,Gorden_Tallis,Jean-Sebastien_Giguere,random_negative
Michel_Duclos_0002.jpg,Stacey_Dales-Schuman_0002.jpg,0,-0.017849,Michel_Duclos,Stacey_Dales-Schuman,random_negative
Amram_Mitzna_0001.jpg,Oxana_Fedorova_0001.jpg,0,0.025581,Amram_Mitzna,Oxana_Fedorova,random_negative
Jim_Flaherty_0004.jpg,Teri_Garr_0002.jpg,0,0.076519,Jim_Flaherty,Teri_Garr,random_negative
Angelina_Jolie_0004.jpg,Irina_Lobacheva_0002.jpg,0,-0.079965,Angelina_Jolie,Irina_Lobacheva,random_negative
Rosario_Dawson_0001.jpg,Tessa_Jowell_0001.jpg,0,-0.017853,Rosario_Dawson,Tessa_Jowell,random_negative
Greg_Rusedski_0001.jpg,Jessica_Biel_0001.jpg,0,0.007880,Greg_Rusedski,Jessica_Biel,random_negative
Antanas_Valionis_0001.jpg,Martin_Verkerk_0002.jpg,0,0.067942,Antanas_Valionis,Martin_Verkerk,random_negative
Heidi_Klum_0001.jpg,Lana_Clarkson_0002.jpg,0,0.049703,Heidi_Klum,Lana_Clarkson,random_negative
Derrick_Battie_0002.jpg,Ron_Gonzales_0001.jpg,0,-0.034094,Derrick_Battie,Ron_Gonzales,random_negative
Jackie_Chan_0001.jpg,Steve_Zahn_0001.jpg,0,-0.013408,Jackie_Chan,Steve_Zahn,random_negative
Hee-Won_Han_0001.jpg,Ratna_Sari_Dewi_Sukarno_0003.jpg,0,-0.068766,Hee-Won_Han,Ratna_Sari_Dewi_Sukarno,random_negative
Garry_Kasparov_0001.jpg,Tony_LaRussa_0001.jpg,0,-0.035261,Garry_Kasparov,Tony_LaRussa,random_negative
Debra_Messing_0001.jpg,Rob_Marshall_0003.jpg,0,0.069699,Debra_Messing,Rob_Marshall,random_negative
Barry_Diller_0001.jpg,Mekhi_Phifer_0004.jpg,0,0.009958,Barry_Diller,Mekhi_Phifer,random_negative
Felipe_Perez_Roque_0001.jpg,William_Nessen_0003.jpg,0,0.038855,Felipe_Perez_Roque,William_Nessen,random_negative
Ben_Cahoon_0001.jpg,Henrique_Meirelles_0002.jpg,0,-0.026889,Ben_Cahoon,Henrique_Meirelles,random_negative
Carson_Palmer_0001.jpg,Eduardo_Duhalde_0001.jpg,0,-0.073950,Carson_Palmer,Eduardo_Duhalde,random_negative
Charles_Tannok_0001.jpg,Nick_Cassavetes_0003.jpg,0,-0.092032,Charles_Tannok,Nick_Cassavetes,random_negative
Ahmet_Necdet_Sezer_0002.jpg,Chris_Kolanas_0002.jpg,0,0.046087,Ahmet_Necdet_Sezer,Chris_Kolanas,random_negative
Jose_Theodore_0002.jpg,Randall_Tobias_0001.jpg,0,-0.047663,Jose_Theodore,Randall_Tobias,random_negative
Mel_Karmazin_0001.jpg,Tom_Watson_0001.jpg,0,0.049840,Mel_Karmazin,Tom_Watson,random_negative
Alejandro_Lerner_0001.jpg,Priscilla_Presley_0002.jpg,0,-0.054429,Alejandro_Lerner,Priscilla_Presley,random_negative
Jackie_Sherrill_0001.jpg,Ruth_Pearce_0002.jpg,0,0.046398,Jackie_Sherrill,Ruth_Pearce,random_negative
Bill_Byrne_0001.jpg,Ralph_Sampson_0001.jpg,0,0.066149,Bill_Byrne,Ralph_Sampson,random_negative
Enrique_Oliu_0001.jpg,Kristin_Scott_Thomas_0003.jpg,0,0.020475,Enrique_Oliu,Kristin_Scott_Thomas,random_negative
Mohamed_Hammam_0001.jpg,Peter_OToole_0001.jpg,0,-0.001937,Mohamed_Hammam,Peter_OToole,random_negative
Mel_Brooks_0001.jpg,Sofia_Milos_0002.jpg,0,0.043542,Mel_Brooks,Sofia_Milos,random_negative
Bison_Dele_0001.jpg,Kenny_Chesney_0001.jpg,0,-0.000787,Bison_Dele,Kenny_Chesney,random_negative
Andy_Griffith_0003.jpg,Kristin_Scott_0001.jpg,0,0.016396,Andy_Griffith,Kristin_Scott,random_negative
Dino_Risi_0001.jpg,Rudolph_Giuliani_0001.jpg,0,0.036435,Dino_Risi,Rudolph_Giuliani,random_negative
Alfredo_Pena_0002.jpg,Fernando_Henrique_Cardoso_0004.jpg,0,0.052413,Alfredo_Pena,Fernando_Henrique_Cardoso,random_negative
Claudine_Farrell_0001.jpg,Jennifer_Connelly_0001.jpg,0,0.030058,Claudine_Farrell,Jennifer_Connelly,random_negative
Mark_Podlesny_0001.jpg,Rosalyn_Carter_0001.jpg,0,0.026176,Mark_Podlesny,Rosalyn_Carter,random_negative
Dwain_Kyles_0002.jpg,John_McCain_0003.jpg,0,0.072548,Dwain_Kyles,John_McCain,random_negative
Akbar_Hashemi_Rafsanjani_0003.jpg,Stuart_Townsend_0001.jpg,0,0.031761,Akbar_Hashemi_Rafsanjani,Stuart_Townsend,random_negative
Bob_Holden_0001.jpg,David_Nalbandian_0001.jpg,0,0.025556,Bob_Holden,David_Nalbandian,random_negative
Ellen_Barkin_0001.jpg,Sheila_Fraser_0003.jpg,0,0.020163,Ellen_Barkin,Sheila_Fraser,random_negative
Leo_Mullin_0001.jpg,Tommy_Franks_0004.jpg,0,-0.110918,Leo_Mullin,Tommy_Franks,random_negative
Boris_Yeltsin_0003.jpg,Stephane_Delajoux_0001.jpg,0,-0.083407,Boris_Yeltsin,Stephane_Delajoux,random_negative
Jennifer_Gratz_0001.jpg,Mahmoud_Abbas_0002.jpg,0,0.011394,Jennifer_Gratz,Mahmoud_Abbas,random_negative
Mehdi_Baala_0002.jpg,Mitchell_Swartz_0001.jpg,0,0.103779,Mehdi_Baala,Mitchell_Swartz,random_negative
Fabiola_Zuluaga_0001.jpg,Miguel_Contreras_0002.jpg,0,0.022601,Fabiola_Zuluaga,Miguel_Contreras,random_negative
George_Pataki_0001.jpg,Sabah_Al-Ahmad_Al-Jaber_Al-Sabah_0002.jpg,0,0.011752,George_Pataki,Sabah_Al-Ahmad_Al-Jaber_Al-Sabah,random_negative
Demi_Moore_0004.jpg,Zafarullah_Khan_Jamali_0001.jpg,0,0.006671,Demi_Moore,Zafarullah_Khan_Jamali,random_negative
Luis_Figo_0001.jpg,Wu_Yi_0004.jpg,0,0.024032,Luis_Figo,Wu_Yi,random_negative
Felix_Sanchez_0002.jpg,Landon_Donovan_0004.jpg,0,-0.138218,Felix_Sanchez,Landon_Donovan,random_negative
Flavia_Pennetta_0002.jpg,Pete_Carroll_0001.jpg,0,0.004745,Flavia_Pennetta,Pete_Carroll,random_negative
Courtney_Love_0003.jpg,Wayne_Gretzky_0004.jpg,0,0.014635,Courtney_Love,Wayne_Gretzky,random_negative
Andre_Agassi_0003.jpg,David_Heymann_0001.jpg,0,0.035402,Andre_Agassi,David_Heymann,random_negative
Robby_Ginepri_0002.jpg,Yossi_Beilin_0002.jpg,0,-0.004004,Robby_Ginepri,Yossi_Beilin,random_negative
Brian_Heidik_0004.jpg,Tina_Andrews_0001.jpg,0,-0.071540,Brian_Heidik,Tina_Andrews,random_negative
Fabricio_Oberto_0001.jpg,Larry_Coker_0004.jpg,0,-0.045651,Fabricio_Oberto,Larry_Coker,random_negative
Franko_Simatovic_0001.jpg,Jean-Pierre_Raffarin_0002.jpg,0,-0.027553,Franko_Simatovic,Jean-Pierre_Raffarin,random_negative
George_Harrison_0003.jpg,Stephen_Frears_0004.jpg,0,0.078294,George_Harrison,Stephen_Frears,random_negative
Pascal_Lamy_0002.jpg,Scott_Wolf_0003.jpg,0,-0.013874,Pascal_Lamy,Scott_Wolf,random_negative
Giuseppe_Morchio_0001.jpg,Larry_Coker_0004.jpg,0,0.091967,Giuseppe_Morchio,Larry_Coker,random_negative
Chris_Kolanas_0004.jpg,Robert_Durst_0004.jpg,0,-0.011955,Chris_Kolanas,Robert_Durst,random_negative
Jim_Bunning_0004.jpg,Koichi_Tanaka_0004.jpg,0,0.035175,Jim_Bunning,Koichi_Tanaka,random_negative
Carlos_Beltran_0002.jpg,Sean_Hayes_0002.jpg,0,0.042502,Carlos_Beltran,Sean_Hayes,random_negative
Chris_Rock_0001.jpg,Colin_Powell_0001.jpg,0,0.026774,Chris_Rock,Colin_Powell,random_negative
Patti_Labelle_0004.jpg,Raymond_Odierno_0001.jpg,0,-0.056058,Patti_Labelle,Raymond_Odierno,random_negative
Lili_Taylor_0004.jpg,Mark_Richt_0004.jpg,0,-0.022335,Lili_Taylor,Mark_Richt,random_negative
Jonathan_Karsh_0003.jpg,Monte_Kiffin_0001.jpg,0,-0.015985,Jonathan_Karsh,Monte_Kiffin,random_negative
Jelena_Dokic_0002.jpg,Kate_Capshaw_0003.jpg,0,-0.099017,Jelena_Dokic,Kate_Capshaw,random_negative
Pierre_Lacroix_0004.jpg,Ronald_Harwood_0004.jpg,0,0.000139,Pierre_Lacroix,Ronald_Harwood,random_negative
Grady_Irvin_Jr_0001.jpg,Sepp_Blatter_0001.jpg,0,-0.064012,Grady_Irvin_Jr,Sepp_Blatter,random_negative
Hassan_Wirajuda_0004.jpg,John_Gruden_0001.jpg,0,-0.047213,Hassan_Wirajuda,John_Gruden,random_negative
James_Cameron_0004.jpg,Jim_Hendry_0001.jpg,0,-0.016565,James_Cameron,Jim_Hendry,random_negative
Brad_Miller_0002.jpg,Enrique_Oliu_0002.jpg,0,-0.017339,Brad_Miller,Enrique_Oliu,random_negative
Michael_Haneke_0004.jpg,Sean_Astin_0001.jpg,0,-0.046341,Michael_Haneke,Sean_Astin,random_negative
Ai_Sugiyama_0001.jpg,Tavis_Smiley_0001.jpg,0,0.009131,Ai_Sugiyama,Tavis_Smiley,random_negative
Sabah_Al-Ahmad_Al-Jaber_Al-Sabah_0002.jpg,Stefano_Gabbana_0001.jpg,0,0.031491,Sabah_Al-Ahmad_Al-Jaber_Al-Sabah,Stefano_Gabbana,random_negative
Corinna_Harfouch_0002.jpg,Hermogenes_Ebdane_Jr_0001.jpg,0,-0.023779,Corinna_Harfouch,Hermogenes_Ebdane_Jr,random_negative
Jeff_Bridges_0004.jpg,Mohamed_Seineldin_0001.jpg,0,0.028886,Jeff_Bridges,Mohamed_Seineldin,random_negative
Anibal_Ibarra_0004.jpg,Terry_McAuliffe_0003.jpg,0,-0.048383,Anibal_Ibarra,Terry_McAuliffe,random_negative
Anzori_Kikalishvili_0003.jpg,Sophia_Loren_0001.jpg,0,-0.048261,Anzori_Kikalishvili,Sophia_Loren,random_negative
Hanan_Ashrawi_0004.jpg,Mona_Rishmawi_0002.jpg,0,-0.099182,Hanan_Ashrawi,Mona_Rishmawi,random_negative
Deepa_Mehta_0004.jpg,Walter_Mondale_0002.jpg,0,-0.015671,Deepa_Mehta,Walter_Mondale,random_negative
Brandon_Inge_0002.jpg,Queen_Rania_0004.jpg,0,-0.027670,Brandon_Inge,Queen_Rania,random_negative
Jeri_Ryan_0002.jpg,Rick_Pitino_0001.jpg,0,-0.021001,Jeri_Ryan,Rick_Pitino,random_negative
Diego_Colorado_0002.jpg,Michael_Andretti_0003.jpg,0,0.073072,Diego_Colorado,Michael_Andretti,random_negative
Edward_Kennedy_0001.jpg,Gary_Leon_Ridgway_0003.jpg,0,0.072168,Edward_Kennedy,Gary_Leon_Ridgway,random_negative
Christine_Arron_0004.jpg,Tim_Conway_0002.jpg,0,0.025743,Christine_Arron,Tim_Conway,random_negative
Carlos_Manuel_Pruneda_0001.jpg,Mekhi_Phifer_0004.jpg,0,0.089262,Carlos_Manuel_Pruneda,Mekhi_Phifer,random_negative
Carly_Fiorina_0003.jpg,Paul_Shanley_0002.jpg,0,-0.034894,Carly_Fiorina,Paul_Shanley,random_negative
Aaron_Sorkin_0001.jpg,Mona_Rishmawi_0001.jpg,0,0.035240,Aaron_Sorkin,Mona_Rishmawi,random_negative
Boris_Trajkovski_0001.jpg,Tabare_Vazquez_0001.jpg,0,0.059637,Boris_Trajkovski,Tabare_Vazquez,random_negative
Kristin_Chenoweth_0001.jpg,Lauren_Killian_0001.jpg,0,0.136295,Kristin_Chenoweth,Lauren_Killian,random_negative
Bob_Menendez_0004.jpg,Ralf_Schumacher_0001.jpg,0,-0.013464,Bob_Menendez,Ralf_Schumacher,random_negative
David_Coulthard_0002.jpg,Klaus_Zwickel_0001.jpg,0,0.065225,David_Coulthard,Klaus_Zwickel,random_negative
Jason_Petty_0002.jpg,Steve_Alford_0004.jpg,0,0.016523,Jason_Petty,Steve_Alford,random_negative
Brad_Wilk_0003.jpg,Miyako_Miyazaki_0002.jpg,0,0.059497,Brad_Wilk,Miyako_Miyazaki,random_negative
Queen_Silvia_0001.jpg,Sigourney_Weaver_0004.jpg,0,-0.000762,Queen_Silvia,Sigourney_Weaver,random_negative
Bill_Cartwright_0001.jpg,Picabo_Street_0004.jpg,0,-0.038388,Bill_Cartwright,Picabo_Street,random_negative
Mike_Tyson_0002.jpg,Prince_Felipe_0004.jpg,0,-0.039057,Mike_Tyson,Prince_Felipe,random_negative
Carla_Gugino_0004.jpg,Mary_Elizabeth_Mastrantonio_0004.jpg,0,-0.051689,Carla_Gugino,Mary_Elizabeth_Mastrantonio,random_negative
Joe_Lieberman_0003.jpg,Yolanda_King_0004.jpg,0,0.064712,Joe_Lieberman,Yolanda_King,random_negative
Adrian_Fernandez_0001.jpg,Frank_Murkowski_0001.jpg,0,0.013665,Adrian_Fernandez,Frank_Murkowski,random_negative
Derrick_Battie_0001.jpg,Tommy_Franks_0002.jpg,0,-0.098081,Derrick_Battie,Tommy_Franks,random_negative
Shane_Mosley_0003.jpg,Xavier_Malisse_0001.jpg,0,-0.032242,Shane_Mosley,Xavier_Malisse,random_negative
Bixente_LIzarazu_0001.jpg,Marco_Pantani_0004.jpg,0,0.099452,Bixente_LIzarazu,Marco_Pantani,random_negative
Eric_Idle_0001.jpg,Roy_Williams_0004.jpg,0,0.094760,Eric_Idle,Roy_Williams,random_negative
Bob_Holden_0001.jpg,Morris_Dees_0002.jpg,0,-0.057267,Bob_Holden,Morris_Dees,random_negative
Alejandro_Lerner_0004.jpg,Lynn_Abraham_0002.jpg,0,0.040149,Alejandro_Lerner,Lynn_Abraham,random_negative
Mike_Babcock_0004.jpg,Tom_Ridge_0003.jpg,0,-0.028544,Mike_Babcock,Tom_Ridge,random_negative
Bridgette_Wilson-Sampras_0003.jpg,Chen_Shui-bian_0002.jpg,0,0.003536,Bridgette_Wilson-Sampras,Chen_Shui-bian,random_negative
Ralph_Sampson_0003.jpg,Sebastien_Grosjean_0001.jpg,0,-0.065022,Ralph_Sampson,Sebastien_Grosjean,random_negative
George_Foreman_0002.jpg,Leandrinho_Barbosa_0001.jpg,0,0.014211,George_Foreman,Leandrinho_Barbosa,random_negative
Jose_Jose_0001.jpg,Richard_Greenberg_0004.jpg,0,0.011043,Jose_Jose,Richard_Greenberg,random_negative
Jeff_Bzdelik_0004.jpg,Marsha_Thomason_0004.jpg,0,0.032931,Jeff_Bzdelik,Marsha_Thomason,random_negative
Kalpana_Chawla_0002.jpg,Wesley_Clark_0004.jpg,0,0.030029,Kalpana_Chawla,Wesley_Clark,random_negative
Atal_Bihari_Vajpayee_0002.jpg,Tara_Dawn_Christensen_0002.jpg,0,-0.005276,Atal_Bihari_Vajpayee,Tara_Dawn_Christensen,random_negative
Geoff_Hoon_0003.jpg,Khatol_Mohammad_Zai_0001.jpg,0,-0.041106,Geoff_Hoon,Khatol_Mohammad_Zai,random_negative
Liu_Xiaoqing_0002.jpg,Tony_Fernandes_0004.jpg,0,0.096235,Liu_Xiaoqing,Tony_Fernandes,random_negative
Peter_Costello_0001.jpg,Steve_Valentine_0001.jpg,0,-0.003764,Peter_Costello,Steve_Valentine,random_negative
Bart_Freundlich_0003.jpg,Jose_Mourinho_0003.jpg,0,0.054647,Bart_Freundlich,Jose_Mourinho,random_negative
Klaus_Zwickel_0004.jpg,Mark_Schweiker_0003.jpg,0,0.094985,Klaus_Zwickel,Mark_Schweiker,random_negative
Donald_Regan_0001.jpg,Saburo_Kawabuchi_0002.jpg,0,-0.044164,Donald_Regan,Saburo_Kawabuchi,random_negative
Bill_Kollar_0002.jpg,Micah_Knorr_0002.jpg,0,-0.050405,Bill_Kollar,Micah_Knorr,random_negative
Eric_Rosser_0003.jpg,Pierce_Brosnan_0004.jpg,0,-0.051211,Eric_Rosser,Pierce_Brosnan,random_negative
Janet_Thorpe_0002.jpg,Lindsay_Lohan_0001.jpg,0,-0.081314,Janet_Thorpe,Lindsay_Lohan,random_negative
Penelope_Ann_Miller_0001.jpg,Tassos_Papadopoulos_0001.jpg,0,0.037466,Penelope_Ann_Miller,Tassos_Papadopoulos,random_negative
Joe_Nichols_0003.jpg,Pete_Carroll_0001.jpg,0,-0.037164,Joe_Nichols,Pete_Carroll,random_negative
Kenneth_Cooper_0001.jpg,Terry_Stotts_0003.jpg,0,-0.008067,Kenneth_Cooper,Terry_Stotts,random_negative
Bob_Menendez_0001.jpg,Raf_Vallone_0001.jpg,0,-0.001807,Bob_Menendez,Raf_Vallone,random_negative
Ben_Affleck_0003.jpg,Donald_Keck_0001.jpg,0,-0.044200,Ben_Affleck,Donald_Keck,random_negative
Daniel_Patrick_Moynihan_0001.jpg,Vagit_Alekperov_0001.jpg,0,-0.042722,Daniel_Patrick_Moynihan,Vagit_Alekperov,random_negative
Matt_Anderson_0002.jpg,Peter_Arnett_0001.jpg,0,-0.020973,Matt_Anderson,Peter_Arnett,random_negative
Christina_Aguilera_0004.jpg,Shia_LaBeouf_0004.jpg,0,0.029155,Christina_Aguilera,Shia_LaBeouf,random_negative
Gerard_Kleisterlee_0004.jpg,Norman_Jewison_0002.jpg,0,-0.008826,Gerard_Kleisterlee,Norman_Jewison,random_negative
Landon_Donovan_0002.jpg,Robert_De_Niro_0002.jpg,0,-0.005196,Landon_Donovan,Robert_De_Niro,random_negative
Jamie_King_0001.jpg,Luis_Gonzalez_0001.jpg,0,-0.030273,Jamie_King,Luis_Gonzalez,random_negative
Ana_Guevara_0002.jpg,Brook_Robinson_0002.jpg,0,-0.000111,Ana_Guevara,Brook_Robinson,random_negative
Peter_Care_0001.jpg,Taufik_Hidayat_0001.jpg,0,0.056315,Peter_Care,Taufik_Hidayat,random_negative
Akbar_Hashemi_Rafsanjani_0003.jpg,Luke_Walton_0004.jpg,0,-0.050491,Akbar_Hashemi_Rafsanjani,Luke_Walton,random_negative
Christopher_Patten_0001.jpg,Jane_Krakowski_0001.jpg,0,-0.078662,Christopher_Patten,Jane_Krakowski,random_negative
Jose_Vicente_Rangel_0001.jpg,Narendra_Modi_0004.jpg,0,0.004650,Jose_Vicente_Rangel,Narendra_Modi,random_negative
Frank_Murkowski_0004.jpg,Pascal_Quignard_0001.jpg,0,-0.046336,Frank_Murkowski,Pascal_Quignard,random_negative
Chuck_Yeager_0003.jpg,Nino_DAngelo_0003.jpg,0,0.020389,Chuck_Yeager,Nino_DAngelo,random_negative
Alex_Cejka_0001.jpg,Steve_Valentine_0002.jpg,0,-0.014311,Alex_Cejka,Steve_Valentine,random_negative
Juan_Roman_Carrasco_0002.jpg,Nancy_Pelosi_0003.jpg,0,-0.053438,Juan_Roman_Carrasco,Nancy_Pelosi,random_negative
Jonathan_Karsh_0003.jpg,Leticia_Van_de_Putte_0004.jpg,0,-0.019788,Jonathan_Karsh,Leticia_Van_de_Putte,random_negative
Jessica_Capshaw_0004.jpg,Randy_Dryer_0001.jpg,0,-0.053854,Jessica_Capshaw,Randy_Dryer,random_negative
Asa_Hutchinson_0001.jpg,Tim_Robbins_0003.jpg,0,-0.086926,Asa_Hutchinson,Tim_Robbins,random_negative
Ashanti_0001.jpg,Eva_Mendes_0002.jpg,0,-0.051730,Ashanti,Eva_Mendes,random_negative
Martin_Brodeur_0002.jpg,Tara_Kirk_0001.jpg,0,-0.034313,Martin_Brodeur,Tara_Kirk,random_negative
Gary_Carter_0001.jpg,Justin_Timberlake_0001.jpg,0,-0.098290,Gary_Carter,Justin_Timberlake,random_negative
Emma_Thompson_0004.jpg,Madonna_0002.jpg,0,0.002681,Emma_Thompson,Madonna,random_negative
Cindy_Margolis_0001.jpg,Eduard_Shevardnadze_0002.jpg,0,0.050835,Cindy_Margolis,Eduard_Shevardnadze,random_negative
Michael_Jordan_0001.jpg,Vanessa_Williams_0003.jpg,0,0.030328,Michael_Jordan,Vanessa_Williams,random_negative
Laura_Bush_0001.jpg,Suzie_McConnell_Serio_0002.jpg,0,0.085564,Laura_Bush,Suzie_McConnell_Serio,random_negative
Gustavo_Kuerten_0004.jpg,Zafarullah_Khan_Jamali_0001.jpg,0,0.002323,Gustavo_Kuerten,Zafarullah_Khan_Jamali,random_negative
Norman_Mailer_0001.jpg,Petro_Symonenko_0001.jpg,0,0.077475,Norman_Mailer,Petro_Symonenko,random_negative
Oswaldo_Paya_0004.jpg,Richard_Hamilton_0003.jpg,0,-0.066982,Oswaldo_Paya,Richard_Hamilton,random_negative
Heather_Locklear_0001.jpg,Rand_Miller_0001.jpg,0,0.008089,Heather_Locklear,Rand_Miller,random_negative
Felipe_Perez_Roque_0002.jpg,Natalie_Coughlin_0004.jpg,0,0.013347,Felipe_Perez_Roque,Natalie_Coughlin,random_negative
Elisabeth_Welch_0004.jpg,Torri_Edwards_0002.jpg,0,-0.065467,Elisabeth_Welch,Torri_Edwards,random_negative
Howard_Wilkinson_0001.jpg,Lidija_Djukanovic_0002.jpg,0,0.051673,Howard_Wilkinson,Lidija_Djukanovic,random_negative
Denzel_Washington_0002.jpg,Li_Ka-shing_0003.jpg,0,-0.092974,Denzel_Washington,Li_Ka-shing,random_negative
Daniell_Sunjata_0001.jpg,Radovan_Karadzic_0004.jpg,0,-0.021996,Daniell_Sunjata,Radovan_Karadzic,random_negative
Fernando_Henrique_Cardoso_0001.jpg,Jean-David_Levitte_0001.jpg,0,0.051863,Fernando_Henrique_Cardoso,Jean-David_Levitte,random_negative
John_McCain_0002.jpg,Mike_Price_0001.jpg,0,-0.029109,John_McCain,Mike_Price,random_negative
Guangdong_Ou_Guangyuan_0002.jpg,Xanana_Gusmao_0001.jpg,0,-0.013927,Guangdong_Ou_Guangyuan,Xanana_Gusmao,random_negative
Brad_Wilk_0004.jpg,Larry_Thompson_0002.jpg,0,0.030582,Brad_Wilk,Larry_Thompson,random_negative
Cass_Ballenger_0003.jpg,Steve_Ballmer_0003.jpg,0,-0.068776,Cass_Ballenger,Steve_Ballmer,random_negative
Juergen_Schrempp_0002.jpg,Randy_Johnson_0001.jpg,0,-0.011838,Juergen_Schrempp,Randy_Johnson,random_negative
Carla_Del_Ponte_0001.jpg,Melina_Kanakaredes_0001.jpg,0,0.049758,Carla_Del_Ponte,Melina_Kanakaredes,random_negative
Diego_Colorado_0002.jpg,Norman_Jewison_0002.jpg,0,0.017862,Diego_Colorado,Norman_Jewison,random_negative
Aaron_Peirsol_0001.jpg,Christine_Todd_Whitman_0001.jpg,0,-0.010224,Aaron_Peirsol,Christine_Todd_Whitman,random_negative
Edie_Falco_0001.jpg,Norbert_van_Heyst_0001.jpg,0,0.016114,Edie_Falco,Norbert_van_Heyst,random_negative
Bob_Dole_0002.jpg,Jerry_Seinfeld_0002.jpg,0,0.003076,Bob_Dole,Jerry_Seinfeld,random_negative
Linda_Mason_0002.jpg,Maria_Luisa_Mendonca_0001.jpg,0,-0.174996,Linda_Mason,Maria_Luisa_Mendonca,random_negative
Roman_Coppola_0001.jpg,Ron_Gonzales_0001.jpg,0,0.004214,Roman_Coppola,Ron_Gonzales,random_negative
Bill_Sizemore_0002.jpg,Mehdi_Baala_0002.jpg,0,0.005862,Bill_Sizemore,Mehdi_Baala,random_negative
Brian_Billick_0004.jpg,Cass_Ballenger_0002.jpg,0,-0.060970,Brian_Billick,Cass_Ballenger,random_negative
Dan_Monson_0001.jpg,Joschka_Fischer_0003.jpg,0,-0.069215,Dan_Monson,Joschka_Fischer,random_negative
Paul_Kagame_0002.jpg,Phil_Vassar_0001.jpg,0,0.088329,Paul_Kagame,Phil_Vassar,random_negative
John_Rowland_0004.jpg,Patti_Smith_0003.jpg,0,0.003082,John_Rowland,Patti_Smith,random_negative
Mehdi_Baala_0002.jpg,Tom_Tunney_0002.jpg,0,-0.035362,Mehdi_Baala,Tom_Tunney,random_negative
Gary_Forsee_0001.jpg,Louis_Van_Gaal_0001.jpg,0,0.069227,Gary_Forsee,Louis_Van_Gaal,random_negative
Kurt_Russell_0003.jpg,Nicole_Kidman_0004.jpg,0,-0.007057,Kurt_Russell,Nicole_Kidman,random_negative
Emilio_Botin_0001.jpg,Paul_Burrell_0002.jpg,0,-0.087157,Emilio_Botin,Paul_Burrell,random_negative
John_Ferguson_0002.jpg,Steven_Feldman_0004.jpg,0,-0.052477,John_Ferguson,Steven_Feldman,random_negative
Nancy_Sinatra_0002.jpg,Stan_Heath_0002.jpg,0,-0.025225,Nancy_Sinatra,Stan_Heath,random_negative
Ken_Watanabe_0001.jpg,Pauley_Perrette_0001.jpg,0,0.077086,Ken_Watanabe,Pauley_Perrette,random_negative
Jane_Kaczmarek_0003.jpg,Rachel_Griffiths_0001.jpg,0,0.099688,Jane_Kaczmarek,Rachel_Griffiths,random_negative
Dick_Posthumus_0004.jpg,Julie_Taymor_0001.jpg,0,-0.071755,Dick_Posthumus,Julie_Taymor,random_negative
Colin_Jackson_0003.jpg,Kyra_Sedgwick_0003.jpg,0,-0.011037,Colin_Jackson,Kyra_Sedgwick,random_negative
Andres_Manuel_Lopez_Obrador_0002.jpg,Sebastian_Saja_0003.jpg,0,-0.033946,Andres_Manuel_Lopez_Obrador,Sebastian_Saja,random_negative
Mickey_Gilley_0003.jpg,Wolfgang_Schneiderhan_0002.jpg,0,-0.040192,Mickey_Gilley,Wolfgang_Schneiderhan,random_negative
Jayson_Williams_0001.jpg,Lloyd_Ward_0003.jpg,0,0.045064,Jayson_Williams,Lloyd_Ward,random_negative
Jean-Rene_Fourtou_0004.jpg,Johnny_Depp_0001.jpg,0,-0.004742,Jean-Rene_Fourtou,Johnny_Depp,random_negative
Hugh_Grant_0001.jpg,Patrice_Chereau_0003.jpg,0,0.068129,Hugh_Grant,Patrice_Chereau,random_negative
Angelo_Reyes_0001.jpg,Lee_Baca_0001.jpg,0,0.013149,Angelo_Reyes,Lee_Baca,random_negative
Cristina_Kirchner_0001.jpg,Patsy_Kensit_0002.jpg,0,0.021302,Cristina_Kirchner,Patsy_Kensit,random_negative
Federico_Castelan_Sayre_0001.jpg,Willie_Nelson_0003.jpg,0,-0.072100,Federico_Castelan_Sayre,Willie_Nelson,random_negative
Carla_Del_Ponte_0001.jpg,Patrick_Roy_0001.jpg,0,-0.000702,Carla_Del_Ponte,Patrick_Roy,random_negative
John_Negroponte_0004.jpg,Warren_Truss_0001.jpg,0,0.002610,John_Negroponte,Warren_Truss,random_negative
Hassanal_Bolkiah_0001.jpg,Zhu_Rongji_0004.jpg,0,0.011929,Hassanal_Bolkiah,Zhu_Rongji,random_negative
Abdullah_0003.jpg,Elena_Bovina_0001.jpg,0,0.033437,Abdullah,Elena_Bovina,random_negative
Al_Sharpton_0004.jpg,Tracy_Wyle_0002.jpg,0,-0.016501,Al_Sharpton,Tracy_Wyle,random_negative
Edward_Norton_0001.jpg,Shane_Mosley_0002.jpg,0,-0.002809,Edward_Norton,Shane_Mosley,random_negative
Don_Henley_0001.jpg,Lenny_Wilkens_0001.jpg,0,-0.036131,Don_Henley,Lenny_Wilkens,random_negative
Jerry_Sloan_0002.jpg,Pat_Riley_0001.jpg,0,0.161198,Jerry_Sloan,Pat_Riley,random_negative
Fernando_Alonso_0002.jpg,Giuseppe_Gibilisco_0004.jpg,0,0.053072,Fernando_Alonso,Giuseppe_Gibilisco,random_negative
Daniel_Day-Lewis_0002.jpg,Diane_Ladd_0001.jpg,0,-0.008879,Daniel_Day-Lewis,Diane_Ladd,random_negative
Michael_Jordan_0003.jpg,Stacey_Jones_0002.jpg,0,0.085460,Michael_Jordan,Stacey_Jones,random_negative
Gordon_Campbell_0001.jpg,William_Webster_0004.jpg,0,0.016149,Gordon_Campbell,William_Webster,random_negative
Mickey_Rooney_0001.jpg,Wang_Yi_0001.jpg,0,0.003277,Mickey_Rooney,Wang_Yi,random_negative
Alvaro_Silva_Calderon_0001.jpg,Matt_Damon_0002.jpg,0,-0.117187,Alvaro_Silva_Calderon,Matt_Damon,random_negative
Brian_Mulroney_0003.jpg,Rita_Wilson_0001.jpg,0,0.003233,Brian_Mulroney,Rita_Wilson,random_negative
Don_Matthews_0001.jpg,Nestor_Kirchner_0001.jpg,0,0.113252,Don_Matthews,Nestor_Kirchner,random_negative
Baburam_Bhattari_0002.jpg,Nicklas_Lidstrom_0001.jpg,0,-0.067126,Baburam_Bhattari,Nicklas_Lidstrom,random_negative
Evander_Holyfield_0002.jpg,Kirsten_Dunst_0004.jpg,0,0.057224,Evander_Holyfield,Kirsten_Dunst,random_negative
Garry_Kasparov_0001.jpg,Khatol_Mohammad_Zai_0001.jpg,0,-0.019759,Garry_Kasparov,Khatol_Mohammad_Zai,random_negative
Charlie_Zaa_0004.jpg,Denzel_Washington_0004.jpg,0,0.102596,Charlie_Zaa,Denzel_Washington,random_negative
Lisa_Murkowski_0004.jpg,Torri_Edwards_0004.jpg,0,0.016436,Lisa_Murkowski,Torri_Edwards,random_negative
Joe_Gatti_0001.jpg,Roberta_Combs_0004.jpg,0,-0.046505,Joe_Gatti,Roberta_Combs,random_negative
James_Murdoch_0003.jpg,Rolandas_Paksas_0001.jpg,0,-0.055663,James_Murdoch,Rolandas_Paksas,random_negative
Jorge_Arce_0001.jpg,Rachel_Griffiths_0004.jpg,0,0.000373,Jorge_Arce,Rachel_Griffiths,random_negative
Hassan_Nasrallah_0001.jpg,Mo_Elleithee_0001.jpg,0,0.108851,Hassan_Nasrallah,Mo_Elleithee,random_negative
Cesar_Gaviria_0001.jpg,Jamie_King_0004.jpg,0,-0.044466,Cesar_Gaviria,Jamie_King,random_negative
George_McCloud_0001.jpg,Gloria_Allred_0002.jpg,0,0.061575,George_McCloud,Gloria_Allred,random_negative
Andres_Manuel_Lopez_Obrador_0001.jpg,Tommy_Maddox_0001.jpg,0,0.001777,Andres_Manuel_Lopez_Obrador,Tommy_Maddox,random_negative
Michael_Bloomberg_0001.jpg,Zhong_Nanshan_0004.jpg,0,0.100211,Michael_Bloomberg,Zhong_Nanshan,random_negative
Cass_Ballenger_0002.jpg,Sam_Brownback_0004.jpg,0,-0.025798,Cass_Ballenger,Sam_Brownback,random_negative
Jeane_Kirkpatrick_0002.jpg,Maura_Tierney_0004.jpg,0,-0.045749,Jeane_Kirkpatrick,Maura_Tierney,random_negative
Eric_Idle_0004.jpg,Robert_Redford_0001.jpg,0,-0.055186,Eric_Idle,Robert_Redford,random_negative
Anders_Fogh_Rasmussen_0003.jpg,Shane_Reynolds_0002.jpg,0,-0.042126,Anders_Fogh_Rasmussen,Shane_Reynolds,random_negative
Agnelo_Queiroz_0002.jpg,Claire_Leger_0002.jpg,0,-0.038600,Agnelo_Queiroz,Claire_Leger,random_negative
Tatjana_Gsell_0001.jpg,Tony_Blair_0003.jpg,0,-0.042304,Tatjana_Gsell,Tony_Blair,random_negative
Brian_Heidik_0004.jpg,Jan_Ullrich_0001.jpg,0,0.043125,Brian_Heidik,Jan_Ullrich,random_negative
Boris_Berezovsky_0002.jpg,Carolina_Barco_0003.jpg,0,-0.041219,Boris_Berezovsky,Carolina_Barco,random_negative
Alfredo_di_Stefano_0003.jpg,Samuel_Waksal_0001.jpg,0,-0.063251,Alfredo_di_Stefano,Samuel_Waksal,random_negative
Rick_Caruso_0002.jpg,Ross_Verba_0001.jpg,0,-0.023467,Rick_Caruso,Ross_Verba,random_negative
Abdel_Aziz_Al-Hakim_0001.jpg,Johnny_Unitas_0001.jpg,0,0.049989,Abdel_Aziz_Al-Hakim,Johnny_Unitas,random_negative
Padraig_Harrington_0003.jpg,Reggie_Miller_0001.jpg,0,-0.028475,Padraig_Harrington,Reggie_Miller,random_negative
Rosie_Perez_0001.jpg,Sean_Hayes_0001.jpg,0,-0.006298,Rosie_Perez,Sean_Hayes,random_negative
Halle_Berry_0001.jpg,Kristin_Scott_Thomas_0001.jpg,0,-0.012286,Halle_Berry,Kristin_Scott_Thomas,random_negative
Adolfo_Aguilar_Zinser_0001.jpg,Michael_Chiklis_0002.jpg,0,0.054834,Adolfo_Aguilar_Zinser,Michael_Chiklis,random_negative
Bill_Graham_0001.jpg,Steve_Lavin_0001.jpg,0,-0.034267,Bill_Graham,Steve_Lavin,random_negative
Gordon_Lightfoot_0004.jpg,Jim_Leach_0001.jpg,0,0.077975,Gordon_Lightfoot,Jim_Leach,random_negative
Gerald_Fitch_0002.jpg,James_Brown_0004.jpg,0,-0.011162,Gerald_Fitch,James_Brown,random_negative
MC_Hammer_0003.jpg,Mahmoud_Abbas_0004.jpg,0,-0.033873,MC_Hammer,Mahmoud_Abbas,random_negative
Javier_Bardem_0001.jpg,Pedro_Malan_0004.jpg,0,-0.069550,Javier_Bardem,Pedro_Malan,random_negative
Mick_Jagger_0003.jpg,Norio_Ohga_0002.jpg,0,0.049962,Mick_Jagger,Norio_Ohga,random_negative
Paula_Zahn_0004.jpg,Tatiana_Panova_0001.jpg,0,0.062823,Paula_Zahn,Tatiana_Panova,random_negative
Aaron_Peirsol_0001.jpg,Adam_Ant_0001.jpg,0,-0.039153,Aaron_Peirsol,Adam_Ant,random_negative
Alejandro_Lerner_0004.jpg,John_Cornyn_0001.jpg,0,0.046398,Alejandro_Lerner,John_Cornyn,random_negative
Ross_Verba_0003.jpg,Tom_Tunney_0002.jpg,0,0.047697,Ross_Verba,Tom_Tunney,random_negative
John_Ruiz_0001.jpg,Robinson_Stevenin_0001.jpg,0,0.039268,John_Ruiz,Robinson_Stevenin,random_negative
Bode_Miller_0002.jpg,Tim_Howard_0001.jpg,0,0.023172,Bode_Miller,Tim_Howard,random_negative
Chin-Hui_Tsao_0002.jpg,Stephen_Frears_0002.jpg,0,-0.057388,Chin-Hui_Tsao,Stephen_Frears,random_negative
Brooke_Shields_0001.jpg,Padraig_Harrington_0002.jpg,0,-0.060461,Brooke_Shields,Padraig_Harrington,random_negative
Paradorn_Srichaphan_0002.jpg,Steven_Seagal_0002.jpg,0,0.042579,Paradorn_Srichaphan,Steven_Seagal,random_negative
Enrica_Fico_0004.jpg,Jim_Jeffords_0001.jpg,0,0.049999,Enrica_Fico,Jim_Jeffords,random_negative
James_Gibson_0001.jpg,John_Wright_0001.jpg,0,-0.027123,James_Gibson,John_Wright,random_negative
Bijan_Darvish_0002.jpg,Nona_Gaye_0001.jpg,0,-0.031604,Bijan_Darvish,Nona_Gaye,random_negative
Claudine_Farrell_0002.jpg,Katie_Harman_0001.jpg,0,0.050735,Claudine_Farrell,Katie_Harman,random_negative
Chuck_Amato_0001.jpg,Jim_Flaherty_0001.jpg,0,0.016000,Chuck_Amato,Jim_Flaherty,random_negative
Alan_Dershowitz_0003.jpg,Kate_Capshaw_0001.jpg,0,0.012703,Alan_Dershowitz,Kate_Capshaw,random_negative
Charlotte_Church_0002.jpg,Shane_Reynolds_0001.jpg,0,0.062219,Charlotte_Church,Shane_Reynolds,random_negative
James_Gibson_0004.jpg,Sergei_Ivanov_0001.jpg,0,0.003919,James_Gibson,Sergei_Ivanov,random_negative
Faye_Dunaway_0001.jpg,Robert_Duvall_0001.jpg,0,0.035550,Faye_Dunaway,Robert_Duvall,random_negative
Dianne_Feinstein_0002.jpg,Nikki_Cascone_0001.jpg,0,0.050405,Dianne_Feinstein,Nikki_Cascone,random_negative
Jennifer_Aniston_0001.jpg,Katherine_Harris_0002.jpg,0,0.055908,Jennifer_Aniston,Katherine_Harris,random_negative
Charles_Mathews_0001.jpg,Sam_Brownback_0003.jpg,0,0.064272,Charles_Mathews,Sam_Brownback,random_negative
Mike_Martz_0001.jpg,Yannos_Papantoniou_0001.jpg,0,0.071990,Mike_Martz,Yannos_Papantoniou,random_negative
Valdas_Adamkus_0004.jpg,Zhang_Ziyi_0003.jpg,0,0.020747,Valdas_Adamkus,Zhang_Ziyi,random_negative
Jay_Rasulo_0001.jpg,Rob_Marshall_0003.jpg,0,0.049753,Jay_Rasulo,Rob_Marshall,random_negative
Carolina_Kluft_0001.jpg,Roger_Federer_0001.jpg,0,-0.022192,Carolina_Kluft,Roger_Federer,random_negative
Marcelo_Salas_0002.jpg,Vince_Gill_0001.jpg,0,-0.017209,Marcelo_Salas,Vince_Gill,random_negative
Aaron_Sorkin_0002.jpg,Larry_Coker_0004.jpg,0,0.072237,Aaron_Sorkin,Larry_Coker,random_negative
Joe_Mantegna_0001.jpg,Mark_Philippoussis_0002.jpg,0,0.047919,Joe_Mantegna,Mark_Philippoussis,random_negative
Nicolas_Escude_0002.jpg,Pat_Summitt_0003.jpg,0,0.070700,Nicolas_Escude,Pat_Summitt,random_negative
David_Carradine_0004.jpg,David_Scott_Morris_0002.jpg,0,0.065198,David_Carradine,David_Scott_Morris,random_negative
Shawn_Bradley_0004.jpg,Stefano_Gabbana_0001.jpg,0,-0.012690,Shawn_Bradley,Stefano_Gabbana,random_negative
Bernard_Giraudeau_0001.jpg,Courtney_Love_0004.jpg,0,0.005408,Bernard_Giraudeau,Courtney_Love,random_negative
Edward_Albee_0001.jpg,Nancy_Reagan_0001.jpg,0,0.018771,Edward_Albee,Nancy_Reagan,random_negative
Eric_Bana_0002.jpg,Jon_Corzine_0001.jpg,0,0.035835,Eric_Bana,Jon_Corzine,random_negative
Eddie_Sutton_0003.jpg,George_Lopez_0004.jpg,0,-0.035985,Eddie_Sutton,George_Lopez,random_negative
Donald_Trump_0004.jpg,Jesse_Ventura_0001.jpg,0,0.016196,Donald_Trump,Jesse_Ventura,random_negative
Angie_Martinez_0004.jpg,Billy_Boyd_0001.jpg,0,0.067468,Angie_Martinez,Billy_Boyd,random_negative
Bud_Selig_0001.jpg,Dwain_Kyles_0002.jpg,0,0.052591,Bud_Selig,Dwain_Kyles,random_negative
Fernando_Leon_de_Aranoa_0001.jpg,Jules_Asner_0001.jpg,0,0.047865,Fernando_Leon_de_Aranoa,Jules_Asner,random_negative
Alvaro_Uribe_0001.jpg,Cesar_Maia_0001.jpg,0,0.061250,Alvaro_Uribe,Cesar_Maia,random_negative
Carlos_Menem_0004.jpg,Tim_Henman_0004.jpg,0,-0.026280,Carlos_Menem,Tim_Henman,random_negative
Hassanal_Bolkiah_0001.jpg,Mehmet_Okur_0004.jpg,0,0.027500,Hassanal_Bolkiah,Mehmet_Okur,random_negative
Christian_Lacroix_0001.jpg,Don_Siegelman_0004.jpg,0,0.035153,Christian_Lacroix,Don_Siegelman,random_negative
Neil_Moritz_0001.jpg,Raf_Vallone_0004.jpg,0,0.094135,Neil_Moritz,Raf_Vallone,random_negative
Courtney_Love_0004.jpg,Elijah_Wood_0001.jpg,0,-0.017078,Courtney_Love,Elijah_Wood,random_negative
Angie_Martinez_0001.jpg,Felix_Trinidad_0001.jpg,0,0.146211,Angie_Martinez,Felix_Trinidad,random_negative
Peter_Sejna_0001.jpg,Prince_Charles_0001.jpg,0,0.031326,Peter_Sejna,Prince_Charles,random_negative
Azmi_Bishara_0001.jpg,Michael_Chiklis_0002.jpg,0,-0.005742,Azmi_Bishara,Michael_Chiklis,random_negative
John_Negroponte_0002.jpg,Sergei_Ivanov_0001.jpg,0,-0.016812,John_Negroponte,Sergei_Ivanov,random_negative
Hunter_Kemper_0002.jpg,Wolfgang_Schuessel_0003.jpg,0,-0.019485,Hunter_Kemper,Wolfgang_Schuessel,random_negative
Max_Mosley_0002.jpg,Tony_Shalhoub_0001.jpg,0,-0.004377,Max_Mosley,Tony_Shalhoub,random_negative
Elton_John_0002.jpg,Miles_Stewart_0002.jpg,0,0.110611,Elton_John,Miles_Stewart,random_negative
Frank_Schmoekel_0003.jpg,Jennifer_Garner_0002.jpg,0,0.059218,Frank_Schmoekel,Jennifer_Garner,random_negative
Courtney_Love_0004.jpg,Theresa_May_0004.jpg,0,0.103227,Courtney_Love,Theresa_May,random_negative
Judi_Dench_0003.jpg,Kyra_Sedgwick_0002.jpg,0,-0.011498,Judi_Dench,Kyra_Sedgwick,random_negative
Miles_Stewart_0002.jpg,Pascal_Quignard_0001.jpg,0,-0.120343,Miles_Stewart,Pascal_Quignard,random_negative
Bison_Dele_0001.jpg,Pete_Rose_0002.jpg,0,-0.035832,Bison_Dele,Pete_Rose,random_negative
Anthony_LaPaglia_0001.jpg,Joan_Claybrook_0003.jpg,0,-0.071947,Anthony_LaPaglia,Joan_Claybrook,random_negative
Cliff_Ellis_0002.jpg,Roger_Moore_0001.jpg,0,-0.008372,Cliff_Ellis,Roger_Moore,random_negative
Matt_Dillon_0001.jpg,Mohamed_Benaissa_0002.jpg,0,0.063875,Matt_Dillon,Mohamed_Benaissa,random_negative
Mack_Brown_0002.jpg,Vitali_Klitschko_0001.jpg,0,0.037105,Mack_Brown,Vitali_Klitschko,random_negative
Charles_Taylor_0001.jpg,Silvio_Berlusconi_0001.jpg,0,-0.094052,Charles_Taylor,Silvio_Berlusconi,random_negative
Gregory_Geoffroy_0001.jpg,Rio_Ferdinand_0001.jpg,0,0.003534,Gregory_Geoffroy,Rio_Ferdinand,random_negative
Patrick_Rafter_0001.jpg,Roger_Machado_0003.jpg,0,-0.040683,Patrick_Rafter,Roger_Machado,random_negative
Bertie_Ahern_0001.jpg,Lachlan_Murdoch_0001.jpg,0,0.033437,Bertie_Ahern,Lachlan_Murdoch,random_negative
John_Ashcroft_0001.jpg,Mark_Kelly_0001.jpg,0,-0.034884,John_Ashcroft,Mark_Kelly,random_negative
Astrid_Betancourt_0003.jpg,John_Timoney_0001.jpg,0,-0.017588,Astrid_Betancourt,John_Timoney,random_negative
Danny_Morgan_0001.jpg,Princess_Elisabeth_0001.jpg,0,0.014536,Danny_Morgan,Princess_Elisabeth,random_negative
Eric_Idle_0004.jpg,Jean-Marc_de_La_Sabliere_0003.jpg,0,-0.104145,Eric_Idle,Jean-Marc_de_La_Sabliere,random_negative
Brad_Garrett_0003.jpg,Mike_Brey_0001.jpg,0,-0.088425,Brad_Garrett,Mike_Brey,random_negative
Mike_Johanns_0003.jpg,Richard_Krajicek_0003.jpg,0,-0.001978,Mike_Johanns,Richard_Krajicek,random_negative
Dolly_Parton_0002.jpg,Michael_Leavitt_0004.jpg,0,0.039873,Dolly_Parton,Michael_Leavitt,random_negative
Bob_Graham_0002.jpg,Kimi_Raikkonen_0002.jpg,0,0.105522,Bob_Graham,Kimi_Raikkonen,random_negative
Bijan_Darvish_0002.jpg,Dominik_Hrbaty_0002.jpg,0,-0.042834,Bijan_Darvish,Dominik_Hrbaty,random_negative
Jay_Leno_0001.jpg,Ted_Washington_0002.jpg,0,-0.027062,Jay_Leno,Ted_Washington,random_negative
Kathryn_Grayson_0001.jpg,Sasha_Cohen_0003.jpg,0,-0.005636,Kathryn_Grayson,Sasha_Cohen,random_negative
Ari_Fleischer_0001.jpg,Rudy_Tomjanovich_0001.jpg,0,-0.037112,Ari_Fleischer,Rudy_Tomjanovich,random_negative
Charla_Moye_0001.jpg,Laurent_Gbagbo_0001.jpg,0,0.062220,Charla_Moye,Laurent_Gbagbo,random_negative
Brad_Gushue_0004.jpg,Dwain_Kyles_0001.jpg,0,0.030461,Brad_Gushue,Dwain_Kyles,random_negative
Mehmet_Ali_Sahin_0001.jpg,Prince_Felipe_0004.jpg,0,0.000341,Mehmet_Ali_Sahin,Prince_Felipe,random_negative
David_Wolf_0002.jpg,Koichi_Tanaka_0004.jpg,0,0.059740,David_Wolf,Koichi_Tanaka,random_negative
Antanas_Valionis_0002.jpg,Cynthia_Rowley_0001.jpg,0,-0.032485,Antanas_Valionis,Cynthia_Rowley,random_negative
Erika_Harold_0002.jpg,Kent_McCord_0001.jpg,0,-0.049780,Erika_Harold,Kent_McCord,random_negative
Jean-Marc_de_La_Sabliere_0003.jpg,Roger_Staubach_0001.jpg,0,-0.062016,Jean-Marc_de_La_Sabliere,Roger_Staubach,random_negative
Michel_Therrien_0001.jpg,Stefan_Holm_0001.jpg,0,-0.108684,Michel_Therrien,Stefan_Holm,random_negative
Kathy_Bates_0001.jpg,Porter_Goss_0002.jpg,0,-0.003134,Kathy_Bates,Porter_Goss,random_negative
Colin_Montgomerie_0003.jpg,Paul_Kagame_0002.jpg,0,-0.064646,Colin_Montgomerie,Paul_Kagame,random_negative
Clifford_Robinson_0002.jpg,Kimora_Lee_0001.jpg,0,0.013412,Clifford_Robinson,Kimora_Lee,random_negative
Bill_OReilly_0001.jpg,Paul_Brandt_0002.jpg,0,-0.019882,Bill_OReilly,Paul_Brandt,random_negative
Joseph_Ralston_0001.jpg,Stella_McCartney_0002.jpg,0,-0.039400,Joseph_Ralston,Stella_McCartney,random_negative
David_Blaine_0001.jpg,Wang_Yi_0004.jpg,0,0.060256,David_Blaine,Wang_Yi,random_negative
Al_Pacino_0004.jpg,Tim_Duncan_0001.jpg,0,-0.010146,Al_Pacino,Tim_Duncan,random_negative
Michael_Rolinee_0001.jpg,Scott_Ritter_0001.jpg,0,0.001235,Michael_Rolinee,Scott_Ritter,random_negative
Jennifer_Aniston_0001.jpg,John_Travolta_0002.jpg,0,0.048923,Jennifer_Aniston,John_Travolta,random_negative
Diego_Colorado_0002.jpg,Mel_Karmazin_0003.jpg,0,-0.043559,Diego_Colorado,Mel_Karmazin,random_negative
Diane_Lane_0002.jpg,Lesley_Coppin_0002.jpg,0,-0.029430,Diane_Lane,Lesley_Coppin,random_negative
Joxel_Garcia_0001.jpg,Lena_Olin_0003.jpg,0,-0.008768,Joxel_Garcia,Lena_Olin,random_negative
Lara_Logan_0001.jpg,Maurice_Papon_0004.jpg,0,0.027208,Lara_Logan,Maurice_Papon,random_negative
Diane_Ladd_0001.jpg,Miguel_Estrada_0004.jpg,0,0.113432,Diane_Ladd,Miguel_Estrada,random_negative
Chen_Liang_Yu_0002.jpg,Thomas_Watjen_0002.jpg,0,0.012298,Chen_Liang_Yu,Thomas_Watjen,random_negative
George_HW_Bush_0001.jpg,Richard_Haass_0003.jpg,0,0.031515,George_HW_Bush,Richard_Haass,random_negative
Gerry_Adams_0003.jpg,Terry_Stotts_0001.jpg,0,-0.054651,Gerry_Adams,Terry_Stotts,random_negative
Ellen_Engleman_0002.jpg,Rick_Perry_0001.jpg,0,0.018088,Ellen_Engleman,Rick_Perry,random_negative
Goran_Persson_0004.jpg,Jimmy_Carter_0002.jpg,0,-0.031460,Goran_Persson,Jimmy_Carter,random_negative
Amy_Brenneman_0002.jpg,Barbara_Walters_0003.jpg,0,0.095074,Amy_Brenneman,Barbara_Walters,random_negative
Manuel_Pellegrini_0001.jpg,Sonia_Gandhi_0003.jpg,0,-0.037438,Manuel_Pellegrini,Sonia_Gandhi,random_negative
Marion_Barry_0002.jpg,Razali_Ismail_0001.jpg,0,-0.087619,Marion_Barry,Razali_Ismail,random_negative
Bob_Krueger_0002.jpg,Carlos_Menem_0001.jpg,0,-0.011809,Bob_Krueger,Carlos_Menem,random_negative
Dan_Wheldon_0001.jpg,John_Negroponte_0003.jpg,0,-0.035065,Dan_Wheldon,John_Negroponte,random_negative
Gerald_Ford_0002.jpg,Lesley_Coppin_0001.jpg,0,-0.022133,Gerald_Ford,Lesley_Coppin,random_negative
Paul_McCartney_0004.jpg,Xanana_Gusmao_0001.jpg,0,0.025949,Paul_McCartney,Xanana_Gusmao,random_negative
Anneli_Jaatteenmaki_0002.jpg,Mario_Lemieux_0004.jpg,0,0.015675,Anneli_Jaatteenmaki,Mario_Lemieux,random_negative
Colleen_Atwood_0003.jpg,Coretta_Scott_King_0003.jpg,0,-0.011313,Colleen_Atwood,Coretta_Scott_King,random_negative
Arnaud_Clement_0002.jpg,Roberto_Benigni_0004.jpg,0,0.037220,Arnaud_Clement,Roberto_Benigni,random_negative
Brian_Jordan_0001.jpg,Larry_Lucchino_0004.jpg,0,0.096416,Brian_Jordan,Larry_Lucchino,random_negative
Karol_Kucera_0001.jpg,Tony_LaRussa_0004.jpg,0,-0.050382,Karol_Kucera,Tony_LaRussa,random_negative
Fernando_Vargas_0001.jpg,Sam_Mendes_0002.jpg,0,0.013448,Fernando_Vargas,Sam_Mendes,random_negative
Raymond_Odierno_0002.jpg,Teresa_Worbis_0002.jpg,0,0.030711,Raymond_Odierno,Teresa_Worbis,random_negative
Ray_Liotta_0001.jpg,Vanessa_Incontrada_0001.jpg,0,-0.024817,Ray_Liotta,Vanessa_Incontrada,random_negative
Christian_Wulff_0004.jpg,Santiago_Botero_0001.jpg,0,0.045357,Christian_Wulff,Santiago_Botero,random_negative
Charlie_Zaa_0004.jpg,Gerhard_Schroeder_0003.jpg,0,-0.075285,Charlie_Zaa,Gerhard_Schroeder,random_negative
Bob_Hayes_0001.jpg,Yoriko_Kawaguchi_0002.jpg,0,0.086913,Bob_Hayes,Yoriko_Kawaguchi,random_negative
Darin_Erstad_0002.jpg,Justin_Guarini_0001.jpg,0,-0.033788,Darin_Erstad,Justin_Guarini,random_negative
Hermann_Maier_0002.jpg,Will_Smith_0004.jpg,0,-0.043392,Hermann_Maier,Will_Smith,random_negative
Helen_Clark_0002.jpg,Oscar_De_La_Hoya_0003.jpg,0,-0.011286,Helen_Clark,Oscar_De_La_Hoya,random_negative
Andrew_Cuomo_0001.jpg,Dino_de_Laurentis_0003.jpg,0,-0.042594,Andrew_Cuomo,Dino_de_Laurentis,random_negative
Frank_Beamer_0003.jpg,James_Cameron_0004.jpg,0,-0.104110,Frank_Beamer,James_Cameron,random_negative
Leslie_Moonves_0002.jpg,Sepp_Blatter_0001.jpg,0,-0.052489,Leslie_Moonves,Sepp_Blatter,random_negative
Emma_Watson_0004.jpg,Goh_Kun_0001.jpg,0,0.055618,Emma_Watson,Goh_Kun,random_negative
Juan_Francisco_Palencia_0002.jpg,Ron_Gonzales_0004.jpg,0,0.005640,Juan_Francisco_Palencia,Ron_Gonzales,random_negative
Jim_Letten_0002.jpg,Richard_Myers_0002.jpg,0,-0.003420,Jim_Letten,Richard_Myers,random_negative
Miguel_Contreras_0002.jpg,Pat_Summitt_0002.jpg,0,-0.145173,Miguel_Contreras,Pat_Summitt,random_negative
Norm_Coleman_0003.jpg,Stellan_Skarsgard_0004.jpg,0,0.012699,Norm_Coleman,Stellan_Skarsgard,random_negative
Bernardo_Segura_0002.jpg,Bob_Menendez_0004.jpg,0,0.035135,Bernardo_Segura,Bob_Menendez,random_negative
George_McCloud_0001.jpg,Torri_Edwards_0001.jpg,0,0.116677,George_McCloud,Torri_Edwards,random_negative
Miguel_Contreras_0002.jpg,Terry_Hoeppner_0002.jpg,0,-0.052439,Miguel_Contreras,Terry_Hoeppner,random_negative
Alejandro_Lerner_0003.jpg,Louisa_Baileche_0002.jpg,0,0.054938,Alejandro_Lerner,Louisa_Baileche,random_negative
Carolina_Kluft_0002.jpg,Jose_Woldenberg_0004.jpg,0,-0.039993,Carolina_Kluft,Jose_Woldenberg,random_negative
Don_Nickles_0001.jpg,Ron_Howard_0004.jpg,0,0.004314,Don_Nickles,Ron_Howard,random_negative
Adrien_Brody_0004.jpg,Jean-Claude_Trichet_0004.jpg,0,-0.000754,Adrien_Brody,Jean-Claude_Trichet,random_negative
Ciro_Gomes_0004.jpg,Picabo_Street_0001.jpg,0,0.010852,Ciro_Gomes,Picabo_Street,random_negative
JK_Rowling_0002.jpg,Larry_Hagman_0001.jpg,0,-0.016952,JK_Rowling,Larry_Hagman,random_negative
Hugh_Carey_0003.jpg,Stefan_Koubek_0004.jpg,0,-0.019147,Hugh_Carey,Stefan_Koubek,random_negative
Lino_Oviedo_0003.jpg,Ricardo_Monasterio_0001.jpg,0,0.029561,Lino_Oviedo,Ricardo_Monasterio,random_negative
David_Kelley_0002.jpg,Hugo_Colace_0003.jpg,0,-0.044313,David_Kelley,Hugo_Colace,random_negative
Lloyd_Ward_0001.jpg,Randall_Tobias_0001.jpg,0,0.008610,Lloyd_Ward,Randall_Tobias,random_negative
Ben_Howland_0001.jpg,Michael_Moore_0001.jpg,0,-0.090081,Ben_Howland,Michael_Moore,random_negative
Anastasia_Kelesidou_0001.jpg,Roy_Williams_0003.jpg,0,0.007339,Anastasia_Kelesidou,Roy_Williams,random_negative
Eric_Bana_0001.jpg,Kent_Rominger_0001.jpg,0,-0.019308,Eric_Bana,Kent_Rominger,random_negative
Jim_Tressel_0004.jpg,Lili_Taylor_0004.jpg,0,0.067674,Jim_Tressel,Lili_Taylor,random_negative
Madeleine_Albright_0004.jpg,Terry_Stotts_0001.jpg,0,0.031509,Madeleine_Albright,Terry_Stotts,random_negative
Andres_Manuel_Lopez_Obrador_0001.jpg,Rainer_Schuettler_0004.jpg,0,0.004280,Andres_Manuel_Lopez_Obrador,Rainer_Schuettler,random_negative
Branko_Crvenkovski_0002.jpg,Cecile_de_France_0002.jpg,0,0.011292,Branko_Crvenkovski,Cecile_de_France,random_negative
Dino_de_Laurentis_0003.jpg,Tim_Chapman_0002.jpg,0,0.033673,Dino_de_Laurentis,Tim_Chapman,random_negative
Alberto_Ruiz_Gallardon_0002.jpg,Sinead_OConnor_0003.jpg,0,-0.015368,Alberto_Ruiz_Gallardon,Sinead_OConnor,random_negative
Bill_Sizemore_0001.jpg,Maria_Luisa_Mendonca_0001.jpg,0,-0.058358,Bill_Sizemore,Maria_Luisa_Mendonca,random_negative
Britney_Spears_0004.jpg,Howard_Wilkinson_0002.jpg,0,-0.041886,Britney_Spears,Howard_Wilkinson,random_negative
Dominique_Perben_0003.jpg,George_Lopez_0001.jpg,0,0.099759,Dominique_Perben,George_Lopez,random_negative
Jorge_Batlle_0004.jpg,Shane_Warne_0001.jpg,0,-0.020447,Jorge_Batlle,Shane_Warne,random_negative
Anne_Heche_0004.jpg,Michael_Goldrich_0001.jpg,0,-0.016327,Anne_Heche,Michael_Goldrich,random_negative
Hisao_Oguchi_0001.jpg,Sanja_Papic_0002.jpg,0,0.042733,Hisao_Oguchi,Sanja_Papic,random_negative
Christine_Ebersole_0001.jpg,Martin_ONeill_0001.jpg,0,0.066869,Christine_Ebersole,Martin_ONeill,random_negative
Bill_Callahan_0001.jpg,Matt_Anderson_0001.jpg,0,0.128163,Bill_Callahan,Matt_Anderson,random_negative
Michael_Leavitt_0004.jpg,Tatiana_Panova_0001.jpg,0,0.022844,Michael_Leavitt,Tatiana_Panova,random_negative
David_Coulthard_0004.jpg,Terrell_Suggs_0001.jpg,0,-0.020949,David_Coulthard,Terrell_Suggs,random_negative
Darin_Erstad_0002.jpg,Debbie_Allen_0001.jpg,0,0.052887,Darin_Erstad,Debbie_Allen,random_negative
Heidi_Klum_0003.jpg,Steve_Largent_0001.jpg,0,0.037690,Heidi_Klum,Steve_Largent,random_negative
Milan_Kucan_0003.jpg,Silvio_Berlusconi_0002.jpg,0,-0.047908,Milan_Kucan,Silvio_Berlusconi,random_negative
John_Warner_0001.jpg,Prince_Willem-Alexander_0003.jpg,0,0.048773,John_Warner,Prince_Willem-Alexander,random_negative
Brent_Coles_0001.jpg,Gustavo_Noboa_0002.jpg,0,-0.028661,Brent_Coles,Gustavo_Noboa,random_negative
Bono_0001.jpg,Val_Ackerman_0001.jpg,0,0.115617,Bono,Val_Ackerman,random_negative
Li_Ruihuan_0001.jpg,Liu_Ye_0001.jpg,0,-0.031562,Li_Ruihuan,Liu_Ye,random_negative
Holly_Hunter_0001.jpg,Mitchell_Swartz_0001.jpg,0,0.016303,Holly_Hunter,Mitchell_Swartz,random_negative
Kurt_Schottenheimer_0001.jpg,Oleg_Romantsev_0001.jpg,0,-0.002035,Kurt_Schottenheimer,Oleg_Romantsev,random_negative
Ruben_Studdard_0004.jpg,Steve_Park_0001.jpg,0,-0.041884,Ruben_Studdard,Steve_Park,random_negative
Lucy_Liu_0001.jpg,Tom_Daschle_0003.jpg,0,0.026057,Lucy_Liu,Tom_Daschle,random_negative
Lee_Baca_0002.jpg,Tino_Martinez_0003.jpg,0,0.117860,Lee_Baca,Tino_Martinez,random_negative
Mathias_Reichhold_0002.jpg,Rudi_Voeller_0001.jpg,0,0.099549,Mathias_Reichhold,Rudi_Voeller,random_negative
Masum_Turker_0001.jpg,Tiago_Splitter_0004.jpg,0,0.001109,Masum_Turker,Tiago_Splitter,random_negative
Lisa_Marie_Presley_0002.jpg,Winona_Ryder_0003.jpg,0,-0.014082,Lisa_Marie_Presley,Winona_Ryder,random_negative
Robert_Durst_0001.jpg,Stefano_Gabbana_0004.jpg,0,0.129749,Robert_Durst,Stefano_Gabbana,random_negative
Allison_Janney_0003.jpg,Michael_Rolinee_0001.jpg,0,-0.011359,Allison_Janney,Michael_Rolinee,random_negative
Geoff_Hoon_0001.jpg,John_Timoney_0001.jpg,0,-0.082271,Geoff_Hoon,John_Timoney,random_negative
Christopher_Reeve_0004.jpg,Steve_Kerr_0004.jpg,0,0.039844,Christopher_Reeve,Steve_Kerr,random_negative
Henrique_Meirelles_0001.jpg,Warren_Buffett_0001.jpg,0,-0.108377,Henrique_Meirelles,Warren_Buffett,random_negative
Donald_Rumsfeld_0003.jpg,Qazi_Hussain_Ahmed_0002.jpg,0,-0.011728,Donald_Rumsfeld,Qazi_Hussain_Ahmed,random_negative
Larry_Tanenbaum_0003.jpg,Melanie_Griffith_0004.jpg,0,0.051568,Larry_Tanenbaum,Melanie_Griffith,random_negative
Amanda_Coetzer_0003.jpg,Turner_Stevenson_0001.jpg,0,0.044463,Amanda_Coetzer,Turner_Stevenson,random_negative
Hisao_Oguchi_0001.jpg,Terry_Stotts_0003.jpg,0,-0.131643,Hisao_Oguchi,Terry_Stotts,random_negative
Gloria_Macapagal_Arroyo_0003.jpg,Luis_Figo_0001.jpg,0,0.020455,Gloria_Macapagal_Arroyo,Luis_Figo,random_negative
Bernard_Lord_0002.jpg,Paul_Shanley_0001.jpg,0,0.019971,Bernard_Lord,Paul_Shanley,random_negative
Geoff_Hoon_0003.jpg,Kate_Capshaw_0001.jpg,0,0.003902,Geoff_Hoon,Kate_Capshaw,random_negative
George_Foreman_0003.jpg,Ismail_Khan_0002.jpg,0,-0.030359,George_Foreman,Ismail_Khan,random_negative
Bill_Callahan_0003.jpg,Marsha_Thomason_0001.jpg,0,0.115204,Bill_Callahan,Marsha_Thomason,random_negative
Jonathan_Mostow_0001.jpg,Roseanne_Barr_0004.jpg,0,-0.019960,Jonathan_Mostow,Roseanne_Barr,random_negative
Gisele_Bundchen_0003.jpg,Laura_Ziskin_0001.jpg,0,-0.058957,Gisele_Bundchen,Laura_Ziskin,random_negative
Bryan_Adams_0003.jpg,Jonathan_Woodgate_0001.jpg,0,-0.005684,Bryan_Adams,Jonathan_Woodgate,random_negative
Adrian_Nastase_0003.jpg,Tom_Coverdale_0002.jpg,0,-0.000725,Adrian_Nastase,Tom_Coverdale,random_negative
Duane_Lee_Chapman_0001.jpg,John_McCain_0003.jpg,0,-0.054737,Duane_Lee_Chapman,John_McCain,random_negative
Grant_Hackett_0002.jpg,Mahmoud_Abbas_0001.jpg,0,0.085509,Grant_Hackett,Mahmoud_Abbas,random_negative
Mahmoud_Abbas_0001.jpg,Michael_Keaton_0003.jpg,0,0.001156,Mahmoud_Abbas,Michael_Keaton,random_negative
Elizabeth_Hurley_0003.jpg,Gisele_Bundchen_0001.jpg,0,0.026820,Elizabeth_Hurley,Gisele_Bundchen,random_negative
Bob_Iger_0004.jpg,Shimon_Peres_0001.jpg,0,-0.088706,Bob_Iger,Shimon_Peres,random_negative
Hee-Won_Han_0002.jpg,Melanie_Griffith_0003.jpg,0,-0.058486,Hee-Won_Han,Melanie_Griffith,random_negative
Danny_Morgan_0001.jpg,Sonya_Walger_0001.jpg,0,0.099323,Danny_Morgan,Sonya_Walger,random_negative
Junichi_Inamoto_0002.jpg,Mark_Wahlberg_0001.jpg,0,0.021958,Junichi_Inamoto,Mark_Wahlberg,random_negative
Evan_Rachel_Wood_0003.jpg,Monica_Lewinsky_0002.jpg,0,-0.039134,Evan_Rachel_Wood,Monica_Lewinsky,random_negative
Guillermo_Coria_0001.jpg,Larry_Tanenbaum_0001.jpg,0,-0.015665,Guillermo_Coria,Larry_Tanenbaum,random_negative
Jan_Ullrich_0001.jpg,William_Webster_0004.jpg,0,0.061379,Jan_Ullrich,William_Webster,random_negative
Keith_Osik_0001.jpg,Terri_Clark_0001.jpg,0,0.048422,Keith_Osik,Terri_Clark,random_negative
Don_King_0001.jpg,Omar_Sharif_0001.jpg,0,-0.017147,Don_King,Omar_Sharif,random_negative
Janet_Leigh_0003.jpg,Mike_Tice_0001.jpg,0,-0.015551,Janet_Leigh,Mike_Tice,random_negative
Daniel_Patrick_Moynihan_0003.jpg,Elisha_Cuthbert_0001.jpg,0,0.004099,Daniel_Patrick_Moynihan,Elisha_Cuthbert,random_negative
Chloe_Sevigny_0004.jpg,Justine_Pasek_0001.jpg,0,-0.127124,Chloe_Sevigny,Justine_Pasek,random_negative
Diana_Krall_0001.jpg,Julianne_Moore_0002.jpg,0,-0.143027,Diana_Krall,Julianne_Moore,random_negative
Jerry_Springer_0003.jpg,Ruth_Christofferson_0001.jpg,0,-0.007761,Jerry_Springer,Ruth_Christofferson,random_negative
Sean_Patrick_OMalley_0001.jpg,Tom_Curley_0001.jpg,0,-0.082137,Sean_Patrick_OMalley,Tom_Curley,random_negative
Gianni_Agnelli_0004.jpg,Jeff_Bridges_0004.jpg,0,0.060092,Gianni_Agnelli,Jeff_Bridges,random_negative
Andres_Manuel_Lopez_Obrador_0001.jpg,Bryan_Adams_0003.jpg,0,-0.040033,Andres_Manuel_Lopez_Obrador,Bryan_Adams,random_negative
Bill_Curry_0001.jpg,David_Coulthard_0002.jpg,0,-0.106024,Bill_Curry,David_Coulthard,random_negative
John_Hartson_0003.jpg,Lenny_Kravitz_0001.jpg,0,0.047894,John_Hartson,Lenny_Kravitz,random_negative
Rudolf_Schuster_0002.jpg,Stuart_Townsend_0002.jpg,0,-0.018907,Rudolf_Schuster,Stuart_Townsend,random_negative
Jacques_Rogge_0003.jpg,Larry_Flynt_0004.jpg,0,0.129124,Jacques_Rogge,Larry_Flynt,random_negative
Carol_Moseley_Braun_0004.jpg,Tim_Robbins_0003.jpg,0,0.046270,Carol_Moseley_Braun,Tim_Robbins,random_negative
Robin_Wright_Penn_0002.jpg,Susan_Sarandon_0001.jpg,0,0.008784,Robin_Wright_Penn,Susan_Sarandon,random_negative
Guy_Ritchie_0004.jpg,Saparmurat_Niyazov_0004.jpg,0,0.067526,Guy_Ritchie,Saparmurat_Niyazov,random_negative
Franz_Beckenbauer_0003.jpg,Kurt_Warner_0001.jpg,0,0.081143,Franz_Beckenbauer,Kurt_Warner,random_negative
Columba_Bush_0002.jpg,Linus_Roache_0001.jpg,0,0.068260,Columba_Bush,Linus_Roache,random_negative
Hartmut_Mehdorn_0004.jpg,Richard_Shelby_0001.jpg,0,-0.040399,Hartmut_Mehdorn,Richard_Shelby,random_negative
James_Baker_0002.jpg,Katie_Smith_0001.jpg,0,-0.047551,James_Baker,Katie_Smith,random_negative
Julien_Boutter_0002.jpg,Steve_Largent_0001.jpg,0,0.067953,Julien_Boutter,Steve_Largent,random_negative
Dan_Quayle_0003.jpg,Jerry_Hall_0001.jpg,0,-0.020437,Dan_Quayle,Jerry_Hall,random_negative
Aishwarya_Rai_0004.jpg,Lauren_Hutton_0001.jpg,0,0.181601,Aishwarya_Rai,Lauren_Hutton,random_negative
Enos_Slaughter_0001.jpg,Peter_Gabriel_0004.jpg,0,-0.010018,Enos_Slaughter,Peter_Gabriel,random_negative
Fabiola_Zuluaga_0002.jpg,Robinson_Stevenin_0003.jpg,0,-0.065369,Fabiola_Zuluaga,Robinson_Stevenin,random_negative
Keira_Knightley_0001.jpg,Patrick_Eaves_0002.jpg,0,0.085917,Keira_Knightley,Patrick_Eaves,random_negative
Haydar_Aliyev_0003.jpg,William_Webster_0001.jpg,0,-0.031477,Haydar_Aliyev,William_Webster,random_negative
Mehmet_Ali_Sahin_0001.jpg,Oxana_Fedorova_0001.jpg,0,0.005853,Mehmet_Ali_Sahin,Oxana_Fedorova,random_negative
Boris_Yeltsin_0001.jpg,Mickey_Rooney_0001.jpg,0,-0.111415,Boris_Yeltsin,Mickey_Rooney,random_negative
Jack_Straw_0004.jpg,Tyrone_Medley_0002.jpg,0,0.025176,Jack_Straw,Tyrone_Medley,random_negative
Fabrice_Santoro_0003.jpg,Marissa_Jaret_Winokur_0004.jpg,0,-0.055293,Fabrice_Santoro,Marissa_Jaret_Winokur,random_negative
Bulent_Ecevit_0001.jpg,Emmanuel_Milingo_0001.jpg,0,0.013416,Bulent_Ecevit,Emmanuel_Milingo,random_negative
Meryl_Streep_0001.jpg,Steve_Patterson_0002.jpg,0,-0.066154,Meryl_Streep,Steve_Patterson,random_negative
Nestor_Kirchner_0001.jpg,Paul_McCartney_0004.jpg,0,-0.035090,Nestor_Kirchner,Paul_McCartney,random_negative
Amram_Mitzna_0001.jpg,Uma_Thurman_0002.jpg,0,-0.012105,Amram_Mitzna,Uma_Thurman,random_negative
Robert_De_Niro_0001.jpg,Zoran_Djindjic_0004.jpg,0,-0.042713,Robert_De_Niro,Zoran_Djindjic,random_negative
Bryan_Murray_0001.jpg,Jerry_Hall_0004.jpg,0,-0.011812,Bryan_Murray,Jerry_Hall,random_negative
Dragan_Covic_0001.jpg,Radovan_Karadzic_0002.jpg,0,0.047079,Dragan_Covic,Radovan_Karadzic,random_negative
Ben_Howland_0001.jpg,Lily_Safra_0003.jpg,0,-0.021970,Ben_Howland,Lily_Safra,random_negative
John_Salazar_0002.jpg,Portia_de_Rossi_0004.jpg,0,-0.000848,John_Salazar,Portia_de_Rossi,random_negative
Christian_Wulff_0004.jpg,Michael_Phelps_0002.jpg,0,0.093101,Christian_Wulff,Michael_Phelps,random_negative
Mohammed_Al_Hindi_0003.jpg,Stephane_Rousseau_0001.jpg,0,-0.013394,Mohammed_Al_Hindi,Stephane_Rousseau,random_negative
Jennifer_Aniston_0001.jpg,Lena_Olin_0001.jpg,0,-0.068783,Jennifer_Aniston,Lena_Olin,random_negative
Eduardo_Chillida_0001.jpg,Gerry_Kelly_0004.jpg,0,-0.014717,Eduardo_Chillida,Gerry_Kelly,random_negative
Chok_Tong_Goh_0004.jpg,John_Cornyn_0001.jpg,0,0.139042,Chok_Tong_Goh,John_Cornyn,random_negative
Sam_Brownback_0004.jpg,Winona_Ryder_0002.jpg,0,0.037201,Sam_Brownback,Winona_Ryder,random_negative
Carlo_Ancelotti_0003.jpg,Robby_Ginepri_0003.jpg,0,-0.025276,Carlo_Ancelotti,Robby_Ginepri,random_negative
Donald_Keck_0001.jpg,Frank_Murkowski_0004.jpg,0,-0.052761,Donald_Keck,Frank_Murkowski,random_negative
Barry_Collier_0002.jpg,Marc_Anthony_0003.jpg,0,0.043615,Barry_Collier,Marc_Anthony,random_negative
Neri_Marcore_0003.jpg,Peter_Bacanovic_0002.jpg,0,0.057412,Neri_Marcore,Peter_Bacanovic,random_negative
Donatella_Versace_0001.jpg,Mark_Philippoussis_0003.jpg,0,-0.079137,Donatella_Versace,Mark_Philippoussis,random_negative
Kurt_Russell_0003.jpg,Paul_Tracy_0001.jpg,0,-0.021023,Kurt_Russell,Paul_Tracy,random_negative
Eddie_Sutton_0004.jpg,Lydia_Shum_0004.jpg,0,0.018100,Eddie_Sutton,Lydia_Shum,random_negative
Buddy_Ryan_0003.jpg,Patrick_Roy_0001.jpg,0,0.104379,Buddy_Ryan,Patrick_Roy,random_negative
Calista_Flockhart_0001.jpg,Maria_Luisa_Mendonca_0002.jpg,0,0.093832,Calista_Flockhart,Maria_Luisa_Mendonca,random_negative
Dai_Chul_Chyung_0001.jpg,Robert_Durst_0001.jpg,0,0.005033,Dai_Chul_Chyung,Robert_Durst,random_negative
Brandon_Knight_0002.jpg,Sharon_Stone_0003.jpg,0,0.058785,Brandon_Knight,Sharon_Stone,random_negative
Freda_Black_0001.jpg,Gloria_Macapagal_Arroyo_0002.jpg,0,-0.006623,Freda_Black,Gloria_Macapagal_Arroyo,random_negative
Conchita_Martinez_0001.jpg,Woody_Allen_0002.jpg,0,-0.080629,Conchita_Martinez,Woody_Allen,random_negative
Jay_Rasulo_0003.jpg,Michelle_Bachelet_0003.jpg,0,-0.014205,Jay_Rasulo,Michelle_Bachelet,random_negative
Ciro_Gomes_0001.jpg,Luca_Cordero_di_Montezemolo_0001.jpg,0,-0.019811,Ciro_Gomes,Luca_Cordero_di_Montezemolo,random_negative
Enrik_Vendt_0001.jpg,Graeme_Smith_0001.jpg,0,0.011308,Enrik_Vendt,Graeme_Smith,random_negative
Harry_Kalas_0002.jpg,Mario_Cipollini_0002.jpg,0,0.036074,Harry_Kalas,Mario_Cipollini,random_negative
Barry_Collier_0003.jpg,David_Nalbandian_0003.jpg,0,0.040462,Barry_Collier,David_Nalbandian,random_negative
Alfredo_Moreno_0003.jpg,John_Cornyn_0001.jpg,0,-0.025115,Alfredo_Moreno,John_Cornyn,random_negative
Ben_Cahoon_0002.jpg,Mother_Teresa_0003.jpg,0,-0.052254,Ben_Cahoon,Mother_Teresa,random_negative
Igor_Ivanov_0001.jpg,Sebastian_Porto_0001.jpg,0,-0.081578,Igor_Ivanov,Sebastian_Porto,random_negative
Jean_Chretien_0002.jpg,Queen_Rania_0001.jpg,0,0.026974,Jean_Chretien,Queen_Rania,random_negative
Camilla_Parker_Bowles_0001.jpg,Joan_Jett_0001.jpg,0,-0.052866,Camilla_Parker_Bowles,Joan_Jett,random_negative
Anna_Kournikova_0002.jpg,Johnny_Benson_0004.jpg,0,0.006463,Anna_Kournikova,Johnny_Benson,random_negative
Matt_Damon_0004.jpg,Roseanne_Barr_0004.jpg,0,0.015191,Matt_Damon,Roseanne_Barr,random_negative
Andrew_Fastow_0002.jpg,Ruth_Christofferson_0001.jpg,0,-0.066525,Andrew_Fastow,Ruth_Christofferson,random_negative
Augusto_Pinochet_0003.jpg,Leon_Lai_0001.jpg,0,0.087306,Augusto_Pinochet,Leon_Lai,random_negative
Brooke_Shields_0001.jpg,Chris_Cirino_0002.jpg,0,0.071383,Brooke_Shields,Chris_Cirino,random_negative
Alvaro_Silva_Calderon_0002.jpg,Gina_Centrello_0003.jpg,0,-0.077481,Alvaro_Silva_Calderon,Gina_Centrello,random_negative
Barry_Bonds_0001.jpg,Jason_Lezak_0004.jpg,0,0.030070,Barry_Bonds,Jason_Lezak,random_negative
Jacques_Rogge_0003.jpg,Robert_Hanssen_0002.jpg,0,-0.087970,Jacques_Rogge,Robert_Hanssen,random_negative
Gilberto_Rodriguez_Orejuela_0004.jpg,Rudolph_Holton_0002.jpg,0,-0.094950,Gilberto_Rodriguez_Orejuela,Rudolph_Holton,random_negative
Bryan_Adams_0001.jpg,Harry_Kalas_0002.jpg,0,0.033531,Bryan_Adams,Harry_Kalas,random_negative
Brad_Gushue_0001.jpg,Dennis_Hastert_0001.jpg,0,0.034387,Brad_Gushue,Dennis_Hastert,random_negative
Edward_Kennedy_0001.jpg,Scott_Rolen_0001.jpg,0,0.003608,Edward_Kennedy,Scott_Rolen,random_negative
Bob_Iger_0001.jpg,Stockard_Channing_0004.jpg,0,0.075511,Bob_Iger,Stockard_Channing,random_negative
Barbara_Brezigar_0001.jpg,Bernard_Giraudeau_0001.jpg,0,0.043122,Barbara_Brezigar,Bernard_Giraudeau,random_negative
Leonid_Kuchma_0001.jpg,Mario_Jardel_0002.jpg,0,0.098913,Leonid_Kuchma,Mario_Jardel,random_negative
Corinne_Coman_0004.jpg,Dean_Barkley_0002.jpg,0,0.048669,Corinne_Coman,Dean_Barkley,random_negative
Alberto_Sordi_0002.jpg,Patrick_Eaves_0001.jpg,0,0.021301,Alberto_Sordi,Patrick_Eaves,random_negative
Matthew_Perry_0003.jpg,Sylvie_Guillem_0004.jpg,0,-0.027457,Matthew_Perry,Sylvie_Guillem,random_negative
Arianna_Huffington_0001.jpg,Laura_Ziskin_0002.jpg,0,0.058092,Arianna_Huffington,Laura_Ziskin,random_negative
Oxana_Fedorova_0002.jpg,Penelope_Cruz_0001.jpg,0,0.159554,Oxana_Fedorova,Penelope_Cruz,random_negative
Jonathan_Byrd_0002.jpg,Robert_Ehrlich_0001.jpg,0,0.068894,Jonathan_Byrd,Robert_Ehrlich,random_negative
Amanda_Coetzer_0001.jpg,Jaromir_Jagr_0001.jpg,0,-0.102317,Amanda_Coetzer,Jaromir_Jagr,random_negative
Lord_Hutton_0001.jpg,Renee_Zellweger_0002.jpg,0,0.082049,Lord_Hutton,Renee_Zellweger,random_negative
Kim_Clijsters_0002.jpg,Stanley_McChrystal_0004.jpg,0,-0.046464,Kim_Clijsters,Stanley_McChrystal,random_negative
David_Coulthard_0001.jpg,Pablo_Latras_0002.jpg,0,-0.021543,David_Coulthard,Pablo_Latras,random_negative
Julie_Gerberding_0001.jpg,Maura_Tierney_0001.jpg,0,0.003589,Julie_Gerberding,Maura_Tierney,random_negative
Ed_Case_0001.jpg,Jerry_Rice_0004.jpg,0,0.072959,Ed_Case,Jerry_Rice,random_negative
David_Brinkley_0001.jpg,Princess_Caroline_0002.jpg,0,0.065368,David_Brinkley,Princess_Caroline,random_negative
Isaiah_Washington_0003.jpg,Nicolas_Escude_0001.jpg,0,0.024739,Isaiah_Washington,Nicolas_Escude,random_negative
Gilles_Panizzi_0003.jpg,Kate_Lee_0002.jpg,0,0.059784,Gilles_Panizzi,Kate_Lee,random_negative
Angela_Bassett_0004.jpg,Conan_OBrien_0002.jpg,0,0.038335,Angela_Bassett,Conan_OBrien,random_negative
Jessica_Biel_0001.jpg,Lisa_Stone_0002.jpg,0,0.101305,Jessica_Biel,Lisa_Stone,random_negative
Jennifer_McCoy_0001.jpg,Tony_Fernandes_0004.jpg,0,-0.117124,Jennifer_McCoy,Tony_Fernandes,random_negative
Carolina_Kluft_0002.jpg,Paul_Murphy_0002.jpg,0,0.109668,Carolina_Kluft,Paul_Murphy,random_negative
Erin_Hershey_Presley_0001.jpg,John_Robbins_0001.jpg,0,0.039278,Erin_Hershey_Presley,John_Robbins,random_negative
Dennis_Franchione_0002.jpg,Michelle_Yeoh_0001.jpg,0,-0.040025,Dennis_Franchione,Michelle_Yeoh,random_negative
Chuck_Hagel_0004.jpg,Max_Baucus_0001.jpg,0,0.023473,Chuck_Hagel,Max_Baucus,random_negative
Rick_Santorum_0003.jpg,Wanda_de_la_Jesus_0002.jpg,0,-0.014346,Rick_Santorum,Wanda_de_la_Jesus,random_negative
Jesse_Jackson_0001.jpg,Sylvia_Plachy_0001.jpg,0,-0.037493,Jesse_Jackson,Sylvia_Plachy,random_negative
Ilie_Nastase_0004.jpg,Jennifer_Rodriguez_0002.jpg,0,-0.058564,Ilie_Nastase,Jennifer_Rodriguez,random_negative
Nino_DAngelo_0003.jpg,Stan_Heath_0001.jpg,0,-0.009047,Nino_DAngelo,Stan_Heath,random_negative
Arianna_Huffington_0002.jpg,Natasha_McElhone_0002.jpg,0,0.112484,Arianna_Huffington,Natasha_McElhone,random_negative
Hal_Gehman_0002.jpg,Sid_Caesar_0001.jpg,0,0.031089,Hal_Gehman,Sid_Caesar,random_negative
Chris_Pronger_0001.jpg,Lucio_Gutierrez_0001.jpg,0,0.047921,Chris_Pronger,Lucio_Gutierrez,random_negative
Dyab_Abou_Jahjah_0003.jpg,Tiger_Woods_0001.jpg,0,-0.045573,Dyab_Abou_Jahjah,Tiger_Woods,random_negative
Jonathan_Woodgate_0001.jpg,Teresa_Worbis_0002.jpg,0,-0.006385,Jonathan_Woodgate,Teresa_Worbis,random_negative
Julien_Boutter_0002.jpg,Raquel_Welch_0002.jpg,0,-0.005471,Julien_Boutter,Raquel_Welch,random_negative
Clifford_Robinson_0002.jpg,MC_Hammer_0002.jpg,0,0.033121,Clifford_Robinson,MC_Hammer,random_negative
Gunilla_Backman_0003.jpg,Halle_Berry_0001.jpg,0,-0.019566,Gunilla_Backman,Halle_Berry,random_negative
David_Coulthard_0001.jpg,Delphine_Chuillot_0004.jpg,0,-0.007942,David_Coulthard,Delphine_Chuillot,random_negative
Barry_Alvarez_0002.jpg,Carolyn_Dawn_Johnson_0003.jpg,0,-0.038478,Barry_Alvarez,Carolyn_Dawn_Johnson,random_negative
Garry_Trudeau_0001.jpg,Owen_Nolan_0002.jpg,0,-0.036635,Garry_Trudeau,Owen_Nolan,random_negative
Paradorn_Srichaphan_0002.jpg,Tora_Takagi_0002.jpg,0,0.030837,Paradorn_Srichaphan,Tora_Takagi,random_negative
Frances_Fisher_0004.jpg,Stockard_Channing_0002.jpg,0,0.030352,Frances_Fisher,Stockard_Channing,random_negative
John_Swofford_0002.jpg,Mekhi_Phifer_0001.jpg,0,0.047869,John_Swofford,Mekhi_Phifer,random_negative
Jimmy_Carter_0002.jpg,Kimi_Raikkonen_0001.jpg,0,0.065328,Jimmy_Carter,Kimi_Raikkonen,random_negative
Jesse_Harris_0003.jpg,Roberta_Combs_0001.jpg,0,-0.008656,Jesse_Harris,Roberta_Combs,random_negative
Carlo_Azeglio_Ciampi_0001.jpg,John_Bolton_0001.jpg,0,-0.012618,Carlo_Azeglio_Ciampi,John_Bolton,random_negative
Mauricio_Macri_0004.jpg,Pyar_Jung_Thapa_0001.jpg,0,-0.109621,Mauricio_Macri,Pyar_Jung_Thapa,random_negative
Geoff_Hoon_0002.jpg,Gustavo_Franco_0003.jpg,0,-0.035258,Geoff_Hoon,Gustavo_Franco,random_negative
Andrew_Weissmann_0001.jpg,Mayumi_Moriyama_0004.jpg,0,-0.020541,Andrew_Weissmann,Mayumi_Moriyama,random_negative
Demi_Moore_0001.jpg,John_Walsh_0001.jpg,0,-0.029373,Demi_Moore,John_Walsh,random_negative
Aaron_Peirsol_0002.jpg,Patti_Smith_0003.jpg,0,0.016097,Aaron_Peirsol,Patti_Smith,random_negative
Oracene_Williams_0001.jpg,Yoko_Ono_0001.jpg,0,-0.025464,Oracene_Williams,Yoko_Ono,random_negative
Alan_Ball_0003.jpg,Melanie_Griffith_0001.jpg,0,-0.031760,Alan_Ball,Melanie_Griffith,random_negative
Garth_Drabinsky_0004.jpg,Stellan_Skarsgard_0004.jpg,0,-0.074590,Garth_Drabinsky,Stellan_Skarsgard,random_negative
Hugo_Conte_0003.jpg,Max_Mosley_0001.jpg,0,-0.079750,Hugo_Conte,Max_Mosley,random_negative
Ed_Case_0002.jpg,Sylvester_Stallone_0004.jpg,0,0.008936,Ed_Case,Sylvester_Stallone,random_negative
Nia_Vardalos_0003.jpg,Tom_Vilsack_0003.jpg,0,-0.034651,Nia_Vardalos,Tom_Vilsack,random_negative
Luis_Figo_0001.jpg,Marco_Antonio_Barrera_0003.jpg,0,-0.005756,Luis_Figo,Marco_Antonio_Barrera,random_negative
Ellen_Engleman_0002.jpg,Mike_Miller_0004.jpg,0,0.011055,Ellen_Engleman,Mike_Miller,random_negative
Hanan_Ashrawi_0002.jpg,William_Nessen_0003.jpg,0,-0.017796,Hanan_Ashrawi,William_Nessen,random_negative
Chance_Mock_0002.jpg,Vojislav_Seselj_0001.jpg,0,-0.100989,Chance_Mock,Vojislav_Seselj,random_negative
Jennifer_Connelly_0001.jpg,Rick_Romley_0002.jpg,0,0.006604,Jennifer_Connelly,Rick_Romley,random_negative
Kenneth_Bowersox_0001.jpg,Uma_Thurman_0002.jpg,0,-0.082405,Kenneth_Bowersox,Uma_Thurman,random_negative
Steve_Zahn_0004.jpg,Warren_Buffett_0001.jpg,0,0.030889,Steve_Zahn,Warren_Buffett,random_negative
Courtney_Love_0001.jpg,Gary_Leon_Ridgway_0001.jpg,0,0.066551,Courtney_Love,Gary_Leon_Ridgway,random_negative
James_Gibson_0001.jpg,Mark_Swartz_0002.jpg,0,-0.041761,James_Gibson,Mark_Swartz,random_negative
Barry_Switzer_0001.jpg,Marc_Anthony_0001.jpg,0,-0.005121,Barry_Switzer,Marc_Anthony,random_negative
Adolfo_Aguilar_Zinser_0002.jpg,Liza_Minnelli_0001.jpg,0,0.011056,Adolfo_Aguilar_Zinser,Liza_Minnelli,random_negative
Kenny_Brack_0002.jpg,Marina_Kuptsova_0002.jpg,0,-0.030384,Kenny_Brack,Marina_Kuptsova,random_negative
Ilan_Ramon_0004.jpg,Nancy_Sinatra_0002.jpg,0,-0.069751,Ilan_Ramon,Nancy_Sinatra,random_negative
Joseph_Ralston_0001.jpg,Micky_Ward_0003.jpg,0,0.054001,Joseph_Ralston,Micky_Ward,random_negative
Hideki_Matsui_0004.jpg,Jamir_Miller_0004.jpg,0,0.073831,Hideki_Matsui,Jamir_Miller,random_negative
Natalie_Imbruglia_0001.jpg,Patricia_Hearst_0001.jpg,0,0.061834,Natalie_Imbruglia,Patricia_Hearst,random_negative
Joerg_Haider_0004.jpg,Warren_Buffett_0003.jpg,0,-0.070488,Joerg_Haider,Warren_Buffett,random_negative
Carlos_Moya_0002.jpg,Mary_Steenburgen_0001.jpg,0,-0.064308,Carlos_Moya,Mary_Steenburgen,random_negative
John_Marburger_0001.jpg,Peter_Bacanovic_0003.jpg,0,0.000637,John_Marburger,Peter_Bacanovic,random_negative
Ranil_Wickremasinghe_0004.jpg,Sushma_Swaraj_0001.jpg,0,0.000833,Ranil_Wickremasinghe,Sushma_Swaraj,random_negative
Carlos_Beltran_0002.jpg,Catherine_Bell_0001.jpg,0,-0.077694,Carlos_Beltran,Catherine_Bell,random_negative
Antonio_Elias_Saca_0001.jpg,Helo_Pinheiro_0002.jpg,0,-0.024798,Antonio_Elias_Saca,Helo_Pinheiro,random_negative
Enrik_Vendt_0001.jpg,Jerome_Golmard_0004.jpg,0,0.006561,Enrik_Vendt,Jerome_Golmard,random_negative
Billy_Andrade_0002.jpg,Luis_Figo_0001.jpg,0,0.123528,Billy_Andrade,Luis_Figo,random_negative
Pete_Rose_0002.jpg,Zafarullah_Khan_Jamali_0002.jpg,0,-0.041615,Pete_Rose,Zafarullah_Khan_Jamali,random_negative
John_Timoney_0004.jpg,Michelle_Yeoh_0004.jpg,0,0.032778,John_Timoney,Michelle_Yeoh,random_negative
Angela_Merkel_0003.jpg,Tiago_Splitter_0003.jpg,0,0.059351,Angela_Merkel,Tiago_Splitter,random_negative
Stefan_Koubek_0004.jpg,Thad_Matta_0003.jpg,0,0.079225,Stefan_Koubek,Thad_Matta,random_negative
Caio_Blat_0001.jpg,Don_Henley_0001.jpg,0,-0.079395,Caio_Blat,Don_Henley,random_negative
Ed_Smart_0004.jpg,Tang_Jiaxuan_0002.jpg,0,-0.015935,Ed_Smart,Tang_Jiaxuan,random_negative
Raul_Gonzalez_0003.jpg,Sam_Mendes_0001.jpg,0,0.000485,Raul_Gonzalez,Sam_Mendes,random_negative
Eric_Lloyd_0002.jpg,Tom_Curley_0002.jpg,0,0.035358,Eric_Lloyd,Tom_Curley,random_negative
Art_Howe_0003.jpg,Maurice_Cheeks_0001.jpg,0,-0.003559,Art_Howe,Maurice_Cheeks,random_negative
James_Murdoch_0001.jpg,Randy_Jackson_0004.jpg,0,0.031551,James_Murdoch,Randy_Jackson,random_negative
Amy_Yasbeck_0001.jpg,Jelena_Dokic_0002.jpg,0,-0.090231,Amy_Yasbeck,Jelena_Dokic,random_negative
Elisabeth_Schumacher_0001.jpg,Luis_Guzman_0004.jpg,0,-0.047100,Elisabeth_Schumacher,Luis_Guzman,random_negative
Cesar_Gaviria_0001.jpg,Tom_Coverdale_0002.jpg,0,-0.073279,Cesar_Gaviria,Tom_Coverdale,random_negative
Marco_Pantani_0001.jpg,Mark_Cuban_0001.jpg,0,-0.017764,Marco_Pantani,Mark_Cuban,random_negative
Bob_Graham_0002.jpg,Mary_Tyler_Moore_0003.jpg,0,0.012351,Bob_Graham,Mary_Tyler_Moore,random_negative
Brian_Cowen_0003.jpg,Joaquin_Sanchez_0001.jpg,0,-0.045732,Brian_Cowen,Joaquin_Sanchez,random_negative
Eric_Hinske_0004.jpg,Lon_Kruger_0003.jpg,0,0.030544,Eric_Hinske,Lon_Kruger,random_negative
Jamie_King_0001.jpg,Oswald_Gruebel_0002.jpg,0,0.079013,Jamie_King,Oswald_Gruebel,random_negative
Darcy_Regier_0004.jpg,Lucio_Gutierrez_0004.jpg,0,0.126137,Darcy_Regier,Lucio_Gutierrez,random_negative
Padraig_Harrington_0004.jpg,Vicente_Fernandez_0001.jpg,0,-0.056868,Padraig_Harrington,Vicente_Fernandez,random_negative
Junichiro_Koizumi_0003.jpg,Patrice_Chereau_0004.jpg,0,-0.029560,Junichiro_Koizumi,Patrice_Chereau,random_negative
Juan_Antonio_Samaranch_0001.jpg,Tom_Smothers_0004.jpg,0,-0.046221,Juan_Antonio_Samaranch,Tom_Smothers,random_negative
Britney_Spears_0004.jpg,Hartmut_Mehdorn_0001.jpg,0,0.052223,Britney_Spears,Hartmut_Mehdorn,random_negative
Jalen_Rose_0001.jpg,Lee_Tae-sik_0002.jpg,0,-0.070436,Jalen_Rose,Lee_Tae-sik,random_negative
James_Coburn_0001.jpg,Judi_Dench_0003.jpg,0,0.050709,James_Coburn,Judi_Dench,random_negative
Emily_Robison_0001.jpg,Rolandas_Paksas_0001.jpg,0,-0.019255,Emily_Robison,Rolandas_Paksas,random_negative
Ashley_Judd_0001.jpg,Hong_Myung_0001.jpg,0,0.014165,Ashley_Judd,Hong_Myung,random_negative
Gerry_Kelly_0004.jpg,Yang_Jianli_0001.jpg,0,-0.065780,Gerry_Kelly,Yang_Jianli,random_negative
Brian_Mulroney_0003.jpg,Norbert_van_Heyst_0002.jpg,0,0.024574,Brian_Mulroney,Norbert_van_Heyst,random_negative
AJ_Lamas_0002.jpg,Miguel_Cotto_0002.jpg,0,0.025659,AJ_Lamas,Miguel_Cotto,random_negative
Brenda_van_Dam_0003.jpg,Robert_Redford_0002.jpg,0,-0.032494,Brenda_van_Dam,Robert_Redford,random_negative
Nick_Nolte_0001.jpg,Toni_Jennings_0002.jpg,0,0.095438,Nick_Nolte,Toni_Jennings,random_negative
Aitor_Gonzalez_0002.jpg,Roh_Moo-hyun_0001.jpg,0,-0.030392,Aitor_Gonzalez,Roh_Moo-hyun,random_negative
Hal_Sellers_0001.jpg,Haydar_Aliyev_0003.jpg,0,-0.041056,Hal_Sellers,Haydar_Aliyev,random_negative
Pierre_Boulanger_0002.jpg,Sammy_Sosa_0004.jpg,0,-0.054425,Pierre_Boulanger,Sammy_Sosa,random_negative
Igor_Ivanov_0003.jpg,Sereyvuth_Kem_0002.jpg,0,-0.063035,Igor_Ivanov,Sereyvuth_Kem,random_negative
Jim_Wong_0001.jpg,Jonathan_Byrd_0001.jpg,0,0.000256,Jim_Wong,Jonathan_Byrd,random_negative
Aleksander_Kwasniewski_0001.jpg,Jeff_Van_Gundy_0002.jpg,0,-0.069818,Aleksander_Kwasniewski,Jeff_Van_Gundy,random_negative
Bernadette_Peters_0001.jpg,Mario_Vasquez_Rana_0001.jpg,0,0.095274,Bernadette_Peters,Mario_Vasquez_Rana,random_negative
Angela_Merkel_0001.jpg,Anjum_Hussain_0001.jpg,0,0.032048,Angela_Merkel,Anjum_Hussain,random_negative
Luca_Cordero_di_Montezemolo_0004.jpg,Pierre_Lacroix_0003.jpg,0,-0.044046,Luca_Cordero_di_Montezemolo,Pierre_Lacroix,random_negative
Dave_Barr_0002.jpg,Einars_Repse_0001.jpg,0,-0.029122,Dave_Barr,Einars_Repse,random_negative
Kenny_Brack_0002.jpg,Mel_Gibson_0004.jpg,0,0.033596,Kenny_Brack,Mel_Gibson,random_negative
Jennifer_Capriati_0001.jpg,Marieta_Chrousala_0001.jpg,0,0.028450,Jennifer_Capriati,Marieta_Chrousala,random_negative
Evan_Rachel_Wood_0001.jpg,Salman_Rushdie_0004.jpg,0,-0.019444,Evan_Rachel_Wood,Salman_Rushdie,random_negative
Ernie_Fletcher_0001.jpg,Liu_Ye_0001.jpg,0,0.021230,Ernie_Fletcher,Liu_Ye,random_negative
Jon_Gruden_0001.jpg,Katherine_Harris_0001.jpg,0,-0.047431,Jon_Gruden,Katherine_Harris,random_negative
Richard_Haass_0001.jpg,Tiger_Woods_0001.jpg,0,-0.042650,Richard_Haass,Tiger_Woods,random_negative
Diane_Ladd_0003.jpg,Richard_Gere_0004.jpg,0,0.045072,Diane_Ladd,Richard_Gere,random_negative
Kristin_Scott_0001.jpg,Nicolas_Cage_0001.jpg,0,0.121827,Kristin_Scott,Nicolas_Cage,random_negative
Luc_Montagnier_0004.jpg,Ryan_Nyquist_0002.jpg,0,-0.005331,Luc_Montagnier,Ryan_Nyquist,random_negative
Gabriel_Batistuta_0001.jpg,Li_Zhaoxing_0004.jpg,0,-0.048882,Gabriel_Batistuta,Li_Zhaoxing,random_negative
Keanu_Reeves_0002.jpg,Matt_Damon_0004.jpg,0,-0.028856,Keanu_Reeves,Matt_Damon,random_negative
Art_Howe_0003.jpg,Troy_Garity_0001.jpg,0,-0.050422,Art_Howe,Troy_Garity,random_negative
Chick_Hearn_0004.jpg,Ismail_Khan_0001.jpg,0,-0.035730,Chick_Hearn,Ismail_Khan,random_negative
Daniell_Sunjata_0003.jpg,Lynne_Thigpen_0004.jpg,0,0.048264,Daniell_Sunjata,Lynne_Thigpen,random_negative
Justin_Guarini_0001.jpg,Marwan_Barghouthi_0004.jpg,0,-0.014901,Justin_Guarini,Marwan_Barghouthi,random_negative
Jason_Vale_0001.jpg,Roy_Romanow_0001.jpg,0,0.022206,Jason_Vale,Roy_Romanow,random_negative
Celia_Cruz_0003.jpg,Steve_Nesbitt_0002.jpg,0,0.085434,Celia_Cruz,Steve_Nesbitt,random_negative
David_Wells_0004.jpg,Ray_Romano_0001.jpg,0,0.004111,David_Wells,Ray_Romano,random_negative
Gloria_Macapagal_Arroyo_0001.jpg,Laurie_Laychak_0002.jpg,0,-0.060574,Gloria_Macapagal_Arroyo,Laurie_Laychak,random_negative
William_Delahunt_0002.jpg,Yann_Martel_0003.jpg,0,0.036105,William_Delahunt,Yann_Martel,random_negative
Binyamin_Ben-Eliezer_0002.jpg,Don_Matthews_0002.jpg,0,-0.116674,Binyamin_Ben-Eliezer,Don_Matthews,random_negative
Hanns_Schumacher_0001.jpg,Owen_Nolan_0001.jpg,0,0.069269,Hanns_Schumacher,Owen_Nolan,random_negative
Akbar_Hashemi_Rafsanjani_0001.jpg,Barry_Alvarez_0004.jpg,0,-0.035870,Akbar_Hashemi_Rafsanjani,Barry_Alvarez,random_negative
Liu_Mingkang_0002.jpg,Tom_Ridge_0003.jpg,0,-0.000063,Liu_Mingkang,Tom_Ridge,random_negative
Gro_Harlem_Brundtland_0004.jpg,Michael_Haneke_0004.jpg,0,0.044859,Gro_Harlem_Brundtland,Michael_Haneke,random_negative
Mike_Johanns_0001.jpg,Roberto_Carlos_0004.jpg,0,-0.081439,Mike_Johanns,Roberto_Carlos,random_negative
Hideki_Matsui_0001.jpg,Jennifer_Rodriguez_0002.jpg,0,-0.010137,Hideki_Matsui,Jennifer_Rodriguez,random_negative
Mike_Brey_0001.jpg,Nobuyuki_Idei_0002.jpg,0,-0.104741,Mike_Brey,Nobuyuki_Idei,random_negative
John_Scarlett_0002.jpg,Steve_Coogan_0004.jpg,0,-0.043062,John_Scarlett,Steve_Coogan,random_negative
Daniel_Barenboim_0004.jpg,Pascal_Lamy_0002.jpg,0,-0.065281,Daniel_Barenboim,Pascal_Lamy,random_negative
Julio_Iglesias_Jr_0004.jpg,Li_Ruihuan_0001.jpg,0,-0.035661,Julio_Iglesias_Jr,Li_Ruihuan,random_negative
Anton_Balasingham_0002.jpg,John_Cornyn_0002.jpg,0,-0.050658,Anton_Balasingham,John_Cornyn,random_negative
Edmund_Stoiber_0002.jpg,Lorraine_Bracco_0003.jpg,0,0.132520,Edmund_Stoiber,Lorraine_Bracco,random_negative
Isabelle_Huppert_0003.jpg,Sergei_Yushenkov_0001.jpg,0,-0.055764,Isabelle_Huppert,Sergei_Yushenkov,random_negative
Edmund_Hillary_0002.jpg,George_Allen_0002.jpg,0,-0.017638,Edmund_Hillary,George_Allen,random_negative
Cesar_Maia_0001.jpg,Rick_Perry_0001.jpg,0,0.057736,Cesar_Maia,Rick_Perry,random_negative
Ahmed_Qureia_0003.jpg,Liu_Ye_0001.jpg,0,0.032929,Ahmed_Qureia,Liu_Ye,random_negative
Aishwarya_Rai_0002.jpg,Prince_Claus_0001.jpg,0,0.058263,Aishwarya_Rai,Prince_Claus,random_negative
Curtis_Strange_0003.jpg,Jamie_King_0002.jpg,0,-0.000693,Curtis_Strange,Jamie_King,random_negative
Bison_Dele_0002.jpg,Charlie_Sheen_0003.jpg,0,-0.005111,Bison_Dele,Charlie_Sheen,random_negative
Greg_Rusedski_0001.jpg,Ruben_Studdard_0004.jpg,0,0.045464,Greg_Rusedski,Ruben_Studdard,random_negative
Eric_Staal_0002.jpg,Takashi_Sorimachi_0002.jpg,0,-0.033420,Eric_Staal,Takashi_Sorimachi,random_negative
Gene_Sauers_0004.jpg,Gerald_Riley_0001.jpg,0,0.001100,Gene_Sauers,Gerald_Riley,random_negative
Jane_Pauley_0003.jpg,Toni_Jennings_0002.jpg,0,-0.019753,Jane_Pauley,Toni_Jennings,random_negative
Andre_Agassi_0001.jpg,Arif_Mardin_0002.jpg,0,-0.023921,Andre_Agassi,Arif_Mardin,random_negative
Anton_Balasingham_0003.jpg,Zhang_Wenkang_0002.jpg,0,0.007214,Anton_Balasingham,Zhang_Wenkang,random_negative
Jean_Todt_0003.jpg,Sean_Penn_0004.jpg,0,0.095444,Jean_Todt,Sean_Penn,random_negative
Alanna_Ubach_0002.jpg,Sun_Myung_Moon_0001.jpg,0,-0.012872,Alanna_Ubach,Sun_Myung_Moon,random_negative
Donald_Pettit_0001.jpg,Sean_Hayes_0001.jpg,0,-0.045736,Donald_Pettit,Sean_Hayes,random_negative
John_Kerry_0001.jpg,Li_Peng_0001.jpg,0,0.046663,John_Kerry,Li_Peng,random_negative
Gil_de_Ferran_0003.jpg,King_Gyanendra_0002.jpg,0,-0.027000,Gil_de_Ferran,King_Gyanendra,random_negative
Luis_Gonzalez_0004.jpg,Steven_Seagal_0002.jpg,0,0.070927,Luis_Gonzalez,Steven_Seagal,random_negative
Blas_Ople_0001.jpg,Sergei_Ivanov_0004.jpg,0,0.069113,Blas_Ople,Sergei_Ivanov,random_negative
Imran_Khan_0001.jpg,Mohamed_Hammam_0001.jpg,0,0.028166,Imran_Khan,Mohamed_Hammam,random_negative
Randy_Johnson_0001.jpg,Tammy_Lynn_Michaels_0001.jpg,0,-0.019663,Randy_Johnson,Tammy_Lynn_Michaels,random_negative
Lidija_Djukanovic_0001.jpg,MC_Hammer_0001.jpg,0,-0.016865,Lidija_Djukanovic,MC_Hammer,random_negative
Bill_Self_0003.jpg,Brian_Cook_0001.jpg,0,0.112235,Bill_Self,Brian_Cook,random_negative
Graeme_Smith_0001.jpg,Penelope_Ann_Miller_0002.jpg,0,0.038668,Graeme_Smith,Penelope_Ann_Miller,random_negative
Kristin_Davis_0001.jpg,Martha_Sahagun_de_Fox_0001.jpg,0,0.080412,Kristin_Davis,Martha_Sahagun_de_Fox,random_negative
Justin_Wilson_0001.jpg,Rashid_Qureshi_0002.jpg,0,-0.025165,Justin_Wilson,Rashid_Qureshi,random_negative
Chita_Rivera_0001.jpg,Jean-Pierre_Raffarin_0002.jpg,0,-0.063852,Chita_Rivera,Jean-Pierre_Raffarin,random_negative
Alejandro_Toledo_0002.jpg,Julie_Goodenough_0001.jpg,0,-0.046463,Alejandro_Toledo,Julie_Goodenough,random_negative
John_Abizaid_0001.jpg,Jorge_Arce_0001.jpg,0,-0.118925,John_Abizaid,Jorge_Arce,random_negative
Arminio_Fraga_0001.jpg,Priscilla_Presley_0001.jpg,0,-0.016002,Arminio_Fraga,Priscilla_Presley,random_negative
Aicha_El_Ouafi_0001.jpg,Strom_Thurmond_0003.jpg,0,0.071209,Aicha_El_Ouafi,Strom_Thurmond,random_negative
Asa_Hutchinson_0002.jpg,Omar_Vizquel_0004.jpg,0,-0.009330,Asa_Hutchinson,Omar_Vizquel,random_negative
Mary_Bono_0001.jpg,Tsutomu_Takebe_0001.jpg,0,-0.034270,Mary_Bono,Tsutomu_Takebe,random_negative
Condoleezza_Rice_0004.jpg,Kyle_McLaren_0002.jpg,0,0.029233,Condoleezza_Rice,Kyle_McLaren,random_negative
Fernando_Sanz_0002.jpg,Hal_McCoy_0002.jpg,0,-0.049183,Fernando_Sanz,Hal_McCoy,random_negative
Claire_Danes_0004.jpg,Peter_Lundgren_0002.jpg,0,-0.001050,Claire_Danes,Peter_Lundgren,random_negative
Tim_Robbins_0004.jpg,Wolfgang_Schuessel_0001.jpg,0,0.030670,Tim_Robbins,Wolfgang_Schuessel,random_negative
James_Kopp_0001.jpg,Tom_Curley_0001.jpg,0,0.012227,James_Kopp,Tom_Curley,random_negative
David_Hyde_Pierce_0002.jpg,Tang_Jiaxuan_0001.jpg,0,-0.020662,David_Hyde_Pierce,Tang_Jiaxuan,random_negative
Edmund_Stoiber_0001.jpg,Serena_Williams_0001.jpg,0,0.008514,Edmund_Stoiber,Serena_Williams,random_negative
Duane_Lee_Chapman_0002.jpg,Michael_Kirby_0004.jpg,0,-0.017862,Duane_Lee_Chapman,Michael_Kirby,random_negative
Michael_Patrick_King_0004.jpg,Nikolay_Davydenko_0001.jpg,0,-0.032300,Michael_Patrick_King,Nikolay_Davydenko,random_negative
Brad_Garrett_0002.jpg,Howard_Wilkinson_0002.jpg,0,-0.040627,Brad_Garrett,Howard_Wilkinson,random_negative
Ian_Huntley_0001.jpg,Leonardo_DiCaprio_0003.jpg,0,0.003546,Ian_Huntley,Leonardo_DiCaprio,random_negative
Antonio_Banderas_0002.jpg,Bill_Graham_0001.jpg,0,0.099859,Antonio_Banderas,Bill_Graham,random_negative
Billy_Crystal_0003.jpg,Demetrius_Ferraciu_0002.jpg,0,-0.017868,Billy_Crystal,Demetrius_Ferraciu,random_negative
George_Robertson_0001.jpg,Irina_Lobacheva_0002.jpg,0,0.117495,George_Robertson,Irina_Lobacheva,random_negative
Lynne_Thigpen_0001.jpg,Sigourney_Weaver_0002.jpg,0,0.012265,Lynne_Thigpen,Sigourney_Weaver,random_negative
Lorraine_Bracco_0003.jpg,Paul_Byrd_0004.jpg,0,-0.040178,Lorraine_Bracco,Paul_Byrd,random_negative
George_Gregan_0001.jpg,Thad_Matta_0001.jpg,0,0.068058,George_Gregan,Thad_Matta,random_negative
Al_Davis_0001.jpg,German_Khan_0004.jpg,0,-0.017690,Al_Davis,German_Khan,random_negative
Igor_Ivanov_0001.jpg,Jean-Marc_de_La_Sabliere_0001.jpg,0,0.027863,Igor_Ivanov,Jean-Marc_de_La_Sabliere,random_negative
Julie_Goodenough_0002.jpg,Zhang_Yimou_0004.jpg,0,0.034666,Julie_Goodenough,Zhang_Yimou,random_negative
Juergen_Schrempp_0001.jpg,Romeo_Gigli_0001.jpg,0,0.034954,Juergen_Schrempp,Romeo_Gigli,random_negative
Grant_Hackett_0002.jpg,Raul_Gonzalez_0003.jpg,0,-0.030809,Grant_Hackett,Raul_Gonzalez,random_negative
Chuck_Hagel_0004.jpg,Roh_Moo-hyun_0003.jpg,0,0.054817,Chuck_Hagel,Roh_Moo-hyun,random_negative
Judith_Nathan_0001.jpg,Louisa_Baileche_0004.jpg,0,-0.004453,Judith_Nathan,Louisa_Baileche,random_negative
Colin_Farrell_0003.jpg,Scott_Rudin_0001.jpg,0,-0.010393,Colin_Farrell,Scott_Rudin,random_negative
Dragan_Covic_0004.jpg,Prince_Charles_0002.jpg,0,0.023242,Dragan_Covic,Prince_Charles,random_negative
Julianna_Margulies_0002.jpg,Tom_Poston_0001.jpg,0,0.016774,Julianna_Margulies,Tom_Poston,random_negative
Aaron_Sorkin_0002.jpg,Ian_McKellen_0001.jpg,0,0.070261,Aaron_Sorkin,Ian_McKellen,random_negative
Alberto_Sordi_0001.jpg,Andrew_Firestone_0004.jpg,0,-0.053090,Alberto_Sordi,Andrew_Firestone,random_negative
Art_Howe_0001.jpg,Peter_Costello_0004.jpg,0,0.048561,Art_Howe,Peter_Costello,random_negative
Federico_Castelan_Sayre_0002.jpg,Hugh_Hefner_0001.jpg,0,0.035772,Federico_Castelan_Sayre,Hugh_Hefner,random_negative
Jeanne_Moreau_0001.jpg,Raymond_Odierno_0003.jpg,0,-0.054910,Jeanne_Moreau,Raymond_Odierno,random_negative
Lela_Rochon_0003.jpg,Steven_Curtis_Chapman_0001.jpg,0,-0.002046,Lela_Rochon,Steven_Curtis_Chapman,random_negative
Patty_Sheehan_0004.jpg,Sila_Calderon_0002.jpg,0,0.026405,Patty_Sheehan,Sila_Calderon,random_negative
John_Rowland_0001.jpg,Madonna_0002.jpg,0,0.109552,John_Rowland,Madonna,random_negative
Adam_Mair_0001.jpg,Susan_Collins_0001.jpg,0,-0.012738,Adam_Mair,Susan_Collins,random_negative
Marissa_Jaret_Winokur_0004.jpg,Rick_Wagoner_0002.jpg,0,0.040619,Marissa_Jaret_Winokur,Rick_Wagoner,random_negative
Phillip_Seymor_Hoffmann_0001.jpg,Shane_Reynolds_0002.jpg,0,0.063719,Phillip_Seymor_Hoffmann,Shane_Reynolds,random_negative
Carson_Palmer_0002.jpg,Derek_Lowe_0004.jpg,0,0.145707,Carson_Palmer,Derek_Lowe,random_negative
Bob_Hope_0003.jpg,Grant_Hackett_0003.jpg,0,0.108514,Bob_Hope,Grant_Hackett,random_negative
Guy_Ritchie_0004.jpg,Peter_OToole_0001.jpg,0,-0.023957,Guy_Ritchie,Peter_OToole,random_negative
Raul_Gonzalez_0001.jpg,Stella_McCartney_0001.jpg,0,-0.055233,Raul_Gonzalez,Stella_McCartney,random_negative
Jean_Chretien_0001.jpg,Sheryl_Crow_0001.jpg,0,0.097110,Jean_Chretien,Sheryl_Crow,random_negative
Bob_Hayes_0002.jpg,Johnny_Unitas_0004.jpg,0,-0.033551,Bob_Hayes,Johnny_Unitas,random_negative
Abid_Hamid_Mahmud_Al-Tikriti_0001.jpg,Oscar_De_La_Hoya_0001.jpg,0,-0.009535,Abid_Hamid_Mahmud_Al-Tikriti,Oscar_De_La_Hoya,random_negative
Rupert_Grint_0001.jpg,Sharon_Stone_0002.jpg,0,0.028850,Rupert_Grint,Sharon_Stone,random_negative
Kajsa_Bergqvist_0001.jpg,Rupert_Murdoch_0002.jpg,0,-0.019900,Kajsa_Bergqvist,Rupert_Murdoch,random_negative
James_Murdoch_0001.jpg,Penelope_Ann_Miller_0001.jpg,0,-0.030586,James_Murdoch,Penelope_Ann_Miller,random_negative
Sherri_Coale_0001.jpg,Takeshi_Kitano_0002.jpg,0,-0.083042,Sherri_Coale,Takeshi_Kitano,random_negative
Bernard_Law_0003.jpg,JK_Rowling_0003.jpg,0,-0.043960,Bernard_Law,JK_Rowling,random_negative
Maria_Luisa_Mendonca_0001.jpg,Sasha_Cohen_0001.jpg,0,-0.015328,Maria_Luisa_Mendonca,Sasha_Cohen,random_negative
Emmit_Smith_0002.jpg,Sean_Penn_0003.jpg,0,0.014921,Emmit_Smith,Sean_Penn,random_negative
Jamie_Lee_Curtis_0001.jpg,Kathryn_Morris_0004.jpg,0,0.049895,Jamie_Lee_Curtis,Kathryn_Morris,random_negative
Michael_Kirby_0001.jpg,Pascal_Quignard_0001.jpg,0,-0.035414,Michael_Kirby,Pascal_Quignard,random_negative
Noel_Forgeard_0001.jpg,Trevor_McDonald_0002.jpg,0,-0.037705,Noel_Forgeard,Trevor_McDonald,random_negative
Ian_Moran_0003.jpg,Jason_Kidd_0002.jpg,0,0.002238,Ian_Moran,Jason_Kidd,random_negative
Michelle_Pfeiffer_0002.jpg,Tom_Poston_0003.jpg,0,-0.089965,Michelle_Pfeiffer,Tom_Poston,random_negative
Marty_Mornhinweg_0001.jpg,Tommy_Robredo_0004.jpg,0,0.043580,Marty_Mornhinweg,Tommy_Robredo,random_negative
Felipe_Perez_Roque_0001.jpg,Milton_Wynants_0004.jpg,0,0.011265,Felipe_Perez_Roque,Milton_Wynants,random_negative
Brian_Olson_0001.jpg,Gustavo_Noboa_0001.jpg,0,-0.010436,Brian_Olson,Gustavo_Noboa,random_negative
Glen_Sather_0001.jpg,Larry_Bowa_0002.jpg,0,-0.055999,Glen_Sather,Larry_Bowa,random_negative
Peter_Struck_0001.jpg,Stacey_Dales-Schuman_0001.jpg,0,-0.046566,Peter_Struck,Stacey_Dales-Schuman,random_negative
Al_Pacino_0003.jpg,Chea_Sophara_0001.jpg,0,-0.009992,Al_Pacino,Chea_Sophara,random_negative
Darren_Clarke_0001.jpg,Eddie_Murray_0002.jpg,0,0.029315,Darren_Clarke,Eddie_Murray,random_negative
Alec_Baldwin_0004.jpg,Markus_Naslund_0003.jpg,0,0.016639,Alec_Baldwin,Markus_Naslund,random_negative
Lynne_Cheney_0001.jpg,Tommy_Maddox_0001.jpg,0,-0.007994,Lynne_Cheney,Tommy_Maddox,random_negative
Maggie_Smith_0001.jpg,Sushma_Swaraj_0001.jpg,0,-0.078324,Maggie_Smith,Sushma_Swaraj,random_negative
Craig_David_0004.jpg,Terrell_Suggs_0001.jpg,0,0.096174,Craig_David,Terrell_Suggs,random_negative
Theresa_May_0004.jpg,William_Morrow_0002.jpg,0,-0.046723,Theresa_May,William_Morrow,random_negative
Michael_Phelps_0003.jpg,Russell_Simmons_0001.jpg,0,-0.078524,Michael_Phelps,Russell_Simmons,random_negative
Jan_Bjoerklund_0001.jpg,Kristin_Davis_0001.jpg,0,0.006348,Jan_Bjoerklund,Kristin_Davis,random_negative
Jimmy_Carter_0002.jpg,John_Salazar_0002.jpg,0,-0.048609,Jimmy_Carter,John_Salazar,random_negative
Edgar_Savisaar_0001.jpg,Tim_Allen_0004.jpg,0,-0.035552,Edgar_Savisaar,Tim_Allen,random_negative
Lindsay_Benko_0002.jpg,William_Rosenberg_0002.jpg,0,0.020073,Lindsay_Benko,William_Rosenberg,random_negative
Nancy_Pelosi_0001.jpg,Tony_LaRussa_0004.jpg,0,0.022644,Nancy_Pelosi,Tony_LaRussa,random_negative
Bill_Byrne_0002.jpg,Lennox_Lewis_0001.jpg,0,0.081025,Bill_Byrne,Lennox_Lewis,random_negative
Liliana_Cavani_0004.jpg,Wycliffe_Grousbeck_0001.jpg,0,-0.047600,Liliana_Cavani,Wycliffe_Grousbeck,random_negative
Bill_Cartwright_0004.jpg,Lance_Armstrong_0002.jpg,0,0.023816,Bill_Cartwright,Lance_Armstrong,random_negative
Christine_Gregoire_0003.jpg,Lela_Rochon_0003.jpg,0,-0.026501,Christine_Gregoire,Lela_Rochon,random_negative
Laura_Flessel_0001.jpg,Recep_Tayyip_Erdogan_0002.jpg,0,-0.032151,Laura_Flessel,Recep_Tayyip_Erdogan,random_negative
Ben_Cahoon_0002.jpg,Erika_Harold_0002.jpg,0,-0.058494,Ben_Cahoon,Erika_Harold,random_negative
Abraham_Foxman_0001.jpg,Tassos_Papadopoulos_0001.jpg,0,-0.054426,Abraham_Foxman,Tassos_Papadopoulos,random_negative
Annette_Bening_0004.jpg,Rod_Paige_0001.jpg,0,-0.037810,Annette_Bening,Rod_Paige,random_negative
Jessica_Capshaw_0004.jpg,John_McEnroe_0004.jpg,0,-0.016569,Jessica_Capshaw,John_McEnroe,random_negative
Jesse_James_Leija_0002.jpg,Jules_Asner_0004.jpg,0,0.093005,Jesse_James_Leija,Jules_Asner,random_negative
Billy_Gilman_0004.jpg,Nancy_Reagan_0003.jpg,0,-0.016913,Billy_Gilman,Nancy_Reagan,random_negative
Lily_Safra_0003.jpg,Max_Baucus_0001.jpg,0,0.089702,Lily_Safra,Max_Baucus,random_negative
Daniel_Osorno_0001.jpg,Ranil_Wickremasinghe_0004.jpg,0,-0.128617,Daniel_Osorno,Ranil_Wickremasinghe,random_negative
Brian_Heidik_0004.jpg,Lana_Clarkson_0002.jpg,0,-0.025370,Brian_Heidik,Lana_Clarkson,random_negative
Jean_Chretien_0002.jpg,Yukio_Hatoyama_0004.jpg,0,-0.003922,Jean_Chretien,Yukio_Hatoyama,random_negative
Fernando_Gonzalez_0003.jpg,Rafael_Vinoly_0002.jpg,0,0.138293,Fernando_Gonzalez,Rafael_Vinoly,random_negative
Juan_Roman_Riquelme_0001.jpg,Stellan_Skarsgard_0004.jpg,0,0.000314,Juan_Roman_Riquelme,Stellan_Skarsgard,random_negative
Bill_Readdy_0001.jpg,Teddy_Kollek_0004.jpg,0,-0.092941,Bill_Readdy,Teddy_Kollek,random_negative
Mona_Rishmawi_0001.jpg,Steve_Ballmer_0004.jpg,0,-0.084400,Mona_Rishmawi,Steve_Ballmer,random_negative
David_McKiernan_0001.jpg,Sharon_Stone_0004.jpg,0,-0.036853,David_McKiernan,Sharon_Stone,random_negative
Ernie_Els_0004.jpg,Oxana_Fedorova_0001.jpg,0,0.072085,Ernie_Els,Oxana_Fedorova,random_negative
Dalai_Lama_0004.jpg,Richard_Krajicek_0002.jpg,0,-0.080234,Dalai_Lama,Richard_Krajicek,random_negative
Bill_Graham_0002.jpg,Marieta_Chrousala_0003.jpg,0,-0.058470,Bill_Graham,Marieta_Chrousala,random_negative
Jacques_Chirac_0003.jpg,Mathias_Reichhold_0002.jpg,0,-0.080359,Jacques_Chirac,Mathias_Reichhold,random_negative
Ben_Chandler_0002.jpg,Hermogenes_Ebdane_Jr_0001.jpg,0,-0.025453,Ben_Chandler,Hermogenes_Ebdane_Jr,random_negative
Liu_Ye_0001.jpg,Nestor_Kirchner_0001.jpg,0,0.048341,Liu_Ye,Nestor_Kirchner,random_negative
Nobuyuki_Idei_0003.jpg,Sheila_Fraser_0003.jpg,0,-0.012000,Nobuyuki_Idei,Sheila_Fraser,random_negative
Catherine_Woodard_0002.jpg,Pierce_Brosnan_0004.jpg,0,-0.043218,Catherine_Woodard,Pierce_Brosnan,random_negative
Elena_Bovina_0001.jpg,Junichi_Inamoto_0002.jpg,0,0.033420,Elena_Bovina,Junichi_Inamoto,random_negative
Elmar_Brok_0001.jpg,Kristin_Chenoweth_0001.jpg,0,-0.000524,Elmar_Brok,Kristin_Chenoweth,random_negative
Binyamin_Ben-Eliezer_0001.jpg,Debbie_Allen_0003.jpg,0,0.016207,Binyamin_Ben-Eliezer,Debbie_Allen,random_negative
Billy_Crawford_0002.jpg,Reese_Witherspoon_0001.jpg,0,-0.037093,Billy_Crawford,Reese_Witherspoon,random_negative
Elizabeth_Shue_0001.jpg,Kyra_Sedgwick_0001.jpg,0,0.063561,Elizabeth_Shue,Kyra_Sedgwick,random_negative
Fernando_Henrique_Cardoso_0004.jpg,Roman_Polanski_0001.jpg,0,-0.002407,Fernando_Henrique_Cardoso,Roman_Polanski,random_negative
John_Lynch_0001.jpg,Jose_Miguel_Aleman_0002.jpg,0,-0.022905,John_Lynch,Jose_Miguel_Aleman,random_negative
Steve_Lavin_0002.jpg,Terry_McAuliffe_0003.jpg,0,-0.055040,Steve_Lavin,Terry_McAuliffe,random_negative
Anne_McLellan_0001.jpg,Theo_Angelopoulos_0002.jpg,0,-0.032089,Anne_McLellan,Theo_Angelopoulos,random_negative
Paul_Walker_0001.jpg,Scott_Rudin_0001.jpg,0,0.091380,Paul_Walker,Scott_Rudin,random_negative
Aron_Ralston_0001.jpg,George_Harrison_0003.jpg,0,-0.023516,Aron_Ralston,George_Harrison,random_negative
Gerry_Adams_0001.jpg,Lord_Hutton_0004.jpg,0,0.059207,Gerry_Adams,Lord_Hutton,random_negative
Nanni_Moretti_0004.jpg,Paul_Martin_0002.jpg,0,-0.093297,Nanni_Moretti,Paul_Martin,random_negative
Dick_Clark_0001.jpg,Jeffrey_Immelt_0003.jpg,0,-0.009750,Dick_Clark,Jeffrey_Immelt,random_negative
Chris_Rock_0003.jpg,Marat_Safin_0002.jpg,0,0.042080,Chris_Rock,Marat_Safin,random_negative
Hana_Makhmalbaf_0001.jpg,Lauren_Killian_0001.jpg,0,0.088221,Hana_Makhmalbaf,Lauren_Killian,random_negative
Chakib_Khelil_0002.jpg,Lubomir_Zaoralek_0001.jpg,0,0.123263,Chakib_Khelil,Lubomir_Zaoralek,random_negative
Mark_Polansky_0001.jpg,Queen_Elizabeth_II_0001.jpg,0,0.048476,Mark_Polansky,Queen_Elizabeth_II,random_negative
Alexandre_Daigle_0002.jpg,Augusto_Roa_Bastos_0004.jpg,0,-0.029175,Alexandre_Daigle,Augusto_Roa_Bastos,random_negative
Evelyn_Lauder_0004.jpg,Saeed_Anwar_0004.jpg,0,-0.064815,Evelyn_Lauder,Saeed_Anwar,random_negative
Guy_Ritchie_0003.jpg,Steve_Backley_0001.jpg,0,0.002597,Guy_Ritchie,Steve_Backley,random_negative
Ali_Bin_Hussein_0002.jpg,Parthiv_Patel_0004.jpg,0,0.048099,Ali_Bin_Hussein,Parthiv_Patel,random_negative
Dan_Duquette_0003.jpg,Michael_Douglas_0003.jpg,0,-0.027622,Dan_Duquette,Michael_Douglas,random_negative
Eliza_Dushku_0004.jpg,Latrell_Sprewell_0002.jpg,0,-0.103579,Eliza_Dushku,Latrell_Sprewell,random_negative
Jackie_Sherrill_0003.jpg,Jennifer_Garner_0003.jpg,0,0.102922,Jackie_Sherrill,Jennifer_Garner,random_negative
Betty_Williams_0003.jpg,Steve_McManaman_0002.jpg,0,-0.031021,Betty_Williams,Steve_McManaman,random_negative
Matthias_Sammer_0004.jpg,Steven_Spielberg_0002.jpg,0,0.003670,Matthias_Sammer,Steven_Spielberg,random_negative
James_Butts_0002.jpg,Veronica_Lake_0001.jpg,0,-0.008280,James_Butts,Veronica_Lake,random_negative
Robby_Ginepri_0002.jpg,Scott_McNealy_0004.jpg,0,0.019374,Robby_Ginepri,Scott_McNealy,random_negative
Howard_Wilkinson_0002.jpg,Lubomir_Zaoralek_0004.jpg,0,0.122223,Howard_Wilkinson,Lubomir_Zaoralek,random_negative
Augustin_Calleri_0004.jpg,Jose_Carlo_Fernandez_0001.jpg,0,0.001584,Augustin_Calleri,Jose_Carlo_Fernandez,random_negative
Jerry_Springer_0001.jpg,Rafael_Ramirez_0002.jpg,0,-0.082854,Jerry_Springer,Rafael_Ramirez,random_negative
Allison_Janney_0004.jpg,Colin_Powell_0004.jpg,0,-0.067231,Allison_Janney,Colin_Powell,random_negative
Brian_Mulroney_0003.jpg,Liu_Xiaoqing_0001.jpg,0,0.097467,Brian_Mulroney,Liu_Xiaoqing,random_negative
Jeff_Bzdelik_0004.jpg,John_Allen_Muhammad_0003.jpg,0,0.089559,Jeff_Bzdelik,John_Allen_Muhammad,random_negative
John_Malkovich_0004.jpg,Sean_OKeefe_0001.jpg,0,-0.029733,John_Malkovich,Sean_OKeefe,random_negative
Alan_Greenspan_0001.jpg,Laura_Morante_0004.jpg,0,0.076443,Alan_Greenspan,Laura_Morante,random_negative
Catherine_Zeta-Jones_0004.jpg,Vanessa_Williams_0002.jpg,0,0.055072,Catherine_Zeta-Jones,Vanessa_Williams,random_negative
Felix_Sanchez_0002.jpg,Tom_Brady_0001.jpg,0,-0.000126,Felix_Sanchez,Tom_Brady,random_negative
Jon_Gruden_0002.jpg,Michael_Chiklis_0002.jpg,0,-0.045401,Jon_Gruden,Michael_Chiklis,random_negative
Fayssal_Mekdad_0003.jpg,Paul_McCartney_0001.jpg,0,-0.061868,Fayssal_Mekdad,Paul_McCartney,random_negative
Mary-Kate_Olsen_0001.jpg,Theresa_May_0004.jpg,0,0.044707,Mary-Kate_Olsen,Theresa_May,random_negative
Marion_Barry_0001.jpg,Nick_Price_0003.jpg,0,-0.058193,Marion_Barry,Nick_Price,random_negative
Benazir_Bhutto_0001.jpg,Fernando_Henrique_Cardoso_0004.jpg,0,-0.042320,Benazir_Bhutto,Fernando_Henrique_Cardoso,random_negative
Barbara_Becker_0002.jpg,Darla_Moore_0001.jpg,0,-0.082896,Barbara_Becker,Darla_Moore,random_negative
Darla_Moore_0001.jpg,Richard_Gephardt_0002.jpg,0,0.093297,Darla_Moore,Richard_Gephardt,random_negative
Antje_Buschschulte_0004.jpg,Maria_Simon_0004.jpg,0,0.093255,Antje_Buschschulte,Maria_Simon,random_negative
Iban_Mayo_0002.jpg,Paula_Abdul_0001.jpg,0,0.111602,Iban_Mayo,Paula_Abdul,random_negative
Rick_Bragg_0001.jpg,Robert_Stack_0003.jpg,0,0.083532,Rick_Bragg,Robert_Stack,random_negative
Mary_Steenburgen_0001.jpg,Petria_Thomas_0001.jpg,0,-0.009836,Mary_Steenburgen,Petria_Thomas,random_negative
Allison_Janney_0003.jpg,Sue_Wicks_0001.jpg,0,-0.033296,Allison_Janney,Sue_Wicks,random_negative
Cherie_Blair_0001.jpg,Phillip_Seymor_Hoffmann_0001.jpg,0,-0.019978,Cherie_Blair,Phillip_Seymor_Hoffmann,random_negative
Camilla_Parker_Bowles_0001.jpg,Julio_Cesar_Chavez_0002.jpg,0,0.045022,Camilla_Parker_Bowles,Julio_Cesar_Chavez,random_negative
Raul_Gonzalez_0002.jpg,Tracee_Ellis_Ross_0001.jpg,0,0.032124,Raul_Gonzalez,Tracee_Ellis_Ross,random_negative
Angelina_Jolie_0004.jpg,Stephen_Daldry_0001.jpg,0,0.019144,Angelina_Jolie,Stephen_Daldry,random_negative
Erin_Hershey_Presley_0003.jpg,Kurt_Busch_0003.jpg,0,-0.004631,Erin_Hershey_Presley,Kurt_Busch,random_negative
Federico_Castelan_Sayre_0002.jpg,Gerald_Riley_0002.jpg,0,0.026238,Federico_Castelan_Sayre,Gerald_Riley,random_negative
Bobby_Robson_0002.jpg,Jesse_Harris_0003.jpg,0,0.010978,Bobby_Robson,Jesse_Harris,random_negative
Ted_Washington_0001.jpg,Vaclav_Havel_0003.jpg,0,0.048178,Ted_Washington,Vaclav_Havel,random_negative
Ratna_Sari_Dewi_Sukarno_0002.jpg,Troy_Garity_0001.jpg,0,-0.027623,Ratna_Sari_Dewi_Sukarno,Troy_Garity,random_negative
Elin_Nordegren_0002.jpg,Ellen_Saracini_0004.jpg,0,-0.144468,Elin_Nordegren,Ellen_Saracini,random_negative
Benicio_Del_Toro_0001.jpg,Hal_Sellers_0002.jpg,0,-0.009797,Benicio_Del_Toro,Hal_Sellers,random_negative
Emma_Watson_0001.jpg,Xavier_Malisse_0002.jpg,0,0.055538,Emma_Watson,Xavier_Malisse,random_negative
Angela_Lansbury_0002.jpg,Fernando_Gonzalez_0004.jpg,0,0.068614,Angela_Lansbury,Fernando_Gonzalez,random_negative
Bill_Self_0001.jpg,Wesley_Clark_0003.jpg,0,0.011215,Bill_Self,Wesley_Clark,random_negative
Michael_Chiklis_0002.jpg,Mufti_Mohammad_Syed_0004.jpg,0,0.005909,Michael_Chiklis,Mufti_Mohammad_Syed,random_negative
Judi_Dench_0002.jpg,Katie_Wagner_0001.jpg,0,-0.015757,Judi_Dench,Katie_Wagner,random_negative
Michael_Chang_0001.jpg,Patrick_McEnroe_0003.jpg,0,-0.046804,Michael_Chang,Patrick_McEnroe,random_negative
Claudine_Farrell_0002.jpg,David_Coulthard_0003.jpg,0,-0.017391,Claudine_Farrell,David_Coulthard,random_negative
Fabricio_Oberto_0002.jpg,John_Walsh_0001.jpg,0,0.010648,Fabricio_Oberto,John_Walsh,random_negative
Luiz_Felipe_Scolari_0004.jpg,Tom_Hanks_0002.jpg,0,0.040802,Luiz_Felipe_Scolari,Tom_Hanks,random_negative
Carly_Fiorina_0003.jpg,Hashim_Thaci_0002.jpg,0,0.029948,Carly_Fiorina,Hashim_Thaci,random_negative
Bob_Menendez_0003.jpg,Warren_Buffett_0004.jpg,0,-0.002501,Bob_Menendez,Warren_Buffett,random_negative
Bernard_Lord_0002.jpg,Cherie_Blair_0001.jpg,0,0.019162,Bernard_Lord,Cherie_Blair,random_negative
Grady_Little_0001.jpg,Hartmut_Mehdorn_0004.jpg,0,0.031363,Grady_Little,Hartmut_Mehdorn,random_negative
Jim_Bunning_0004.jpg,Raul_Gonzalez_0003.jpg,0,0.022091,Jim_Bunning,Raul_Gonzalez,random_negative
Jeff_George_0001.jpg,MC_Hammer_0001.jpg,0,0.077104,Jeff_George,MC_Hammer,random_negative
Camilla_Parker_Bowles_0002.jpg,Martha_Smith_0001.jpg,0,0.075748,Camilla_Parker_Bowles,Martha_Smith,random_negative
Don_Matthews_0002.jpg,Evelyn_Lauder_0001.jpg,0,0.060607,Don_Matthews,Evelyn_Lauder,random_negative
Jiang_Zemin_0002.jpg,Norio_Ohga_0001.jpg,0,0.013552,Jiang_Zemin,Norio_Ohga,random_negative
Fujio_Mitarai_0003.jpg,Justine_Henin_0003.jpg,0,0.000833,Fujio_Mitarai,Justine_Henin,random_negative
Elijah_Wood_0004.jpg,Peter_Ueberroth_0001.jpg,0,0.011901,Elijah_Wood,Peter_Ueberroth,random_negative
Darren_Campel_0001.jpg,Hanan_Ashrawi_0003.jpg,0,-0.018832,Darren_Campel,Hanan_Ashrawi,random_negative
Gilberto_Rodriguez_Orejuela_0004.jpg,Jacques_Rogge_0001.jpg,0,0.033176,Gilberto_Rodriguez_Orejuela,Jacques_Rogge,random_negative
Fatmir_Limaj_0003.jpg,Nida_Blanca_0004.jpg,0,0.073217,Fatmir_Limaj,Nida_Blanca,random_negative
Gilberto_Rodriguez_Orejuela_0002.jpg,Mitch_Kupchak_0001.jpg,0,0.003609,Gilberto_Rodriguez_Orejuela,Mitch_Kupchak,random_negative
Daniel_Bruehl_0003.jpg,Mark_Wahlberg_0001.jpg,0,-0.000054,Daniel_Bruehl,Mark_Wahlberg,random_negative
Julianne_Moore_0001.jpg,Roberto_Carlos_0001.jpg,0,0.010894,Julianne_Moore,Roberto_Carlos,random_negative
Ben_Kingsley_0004.jpg,Mike_Sherman_0003.jpg,0,0.083374,Ben_Kingsley,Mike_Sherman,random_negative
Laura_Ziskin_0001.jpg,Timothy_McVeigh_0001.jpg,0,-0.096308,Laura_Ziskin,Timothy_McVeigh,random_negative
Kyoko_Nakayama_0001.jpg,Mike_Myers_0002.jpg,0,-0.101001,Kyoko_Nakayama,Mike_Myers,random_negative
Laura_Hernandez_0001.jpg,Petro_Symonenko_0001.jpg,0,0.006618,Laura_Hernandez,Petro_Symonenko,random_negative
Kyra_Sedgwick_0001.jpg,Ryan_Goodman_0001.jpg,0,-0.012140,Kyra_Sedgwick,Ryan_Goodman,random_negative
Arif_Mardin_0001.jpg,James_McGreevey_0002.jpg,0,0.009156,Arif_Mardin,James_McGreevey,random_negative
Blas_Ople_0002.jpg,Kevin_Costner_0002.jpg,0,-0.070063,Blas_Ople,Kevin_Costner,random_negative
Mikhail_Kasyanov_0002.jpg,Paradorn_Srichaphan_0001.jpg,0,0.030911,Mikhail_Kasyanov,Paradorn_Srichaphan,random_negative
Jules_Asner_0003.jpg,Tiger_Woods_0002.jpg,0,0.000170,Jules_Asner,Tiger_Woods,random_negative
Jennifer_Aniston_0001.jpg,Ricardo_Lopez_Murphy_0004.jpg,0,0.034389,Jennifer_Aniston,Ricardo_Lopez_Murphy,random_negative
Amanda_Marsh_0001.jpg,David_Montoya_0002.jpg,0,-0.101386,Amanda_Marsh,David_Montoya,random_negative
Sheryl_Crow_0001.jpg,Tanya_Lindenmuth_0001.jpg,0,-0.007753,Sheryl_Crow,Tanya_Lindenmuth,random_negative
George_McCloud_0001.jpg,Jamie_Lee_Curtis_0001.jpg,0,0.140861,George_McCloud,Jamie_Lee_Curtis,random_negative
Jennifer_Granholm_0001.jpg,Ron_Gonzales_0004.jpg,0,0.070508,Jennifer_Granholm,Ron_Gonzales,random_negative
Dyana_Calub_0001.jpg,Meg_Wakeman_0002.jpg,0,0.095527,Dyana_Calub,Meg_Wakeman,random_negative
Franco_Frattini_0001.jpg,Jerry_Colangelo_0001.jpg,0,0.089558,Franco_Frattini,Jerry_Colangelo,random_negative
John_Tyson_0004.jpg,Yuri_Malenchenko_0002.jpg,0,-0.084409,John_Tyson,Yuri_Malenchenko,random_negative
Richard_Myers_0001.jpg,Sergio_Garcia_0001.jpg,0,-0.083725,Richard_Myers,Sergio_Garcia,random_negative
Jim_Letten_0001.jpg,Martin_Luther_King_III_0004.jpg,0,0.047282,Jim_Letten,Martin_Luther_King_III,random_negative
Jennifer_Connelly_0002.jpg,Klaus_Zwickel_0004.jpg,0,0.047677,Jennifer_Connelly,Klaus_Zwickel,random_negative
Alec_Baldwin_0001.jpg,Juan_Valencia_Osorio_0001.jpg,0,0.023516,Alec_Baldwin,Juan_Valencia_Osorio,random_negative
Michael_Haneke_0004.jpg,Serena_Williams_0002.jpg,0,-0.045123,Michael_Haneke,Serena_Williams,random_negative
Ellen_DeGeneres_0001.jpg,Yasushi_Akashi_0003.jpg,0,0.014931,Ellen_DeGeneres,Yasushi_Akashi,random_negative
John_Stockton_0001.jpg,Tippi_Hedren_0003.jpg,0,-0.020753,John_Stockton,Tippi_Hedren,random_negative
Queen_Sofia_0001.jpg,Recep_Tayyip_Erdogan_0003.jpg,0,-0.000647,Queen_Sofia,Recep_Tayyip_Erdogan,random_negative
Javier_Camara_0001.jpg,Jerry_Lewis_0001.jpg,0,-0.040528,Javier_Camara,Jerry_Lewis,random_negative
Alfonso_Portillo_0004.jpg,Joe_Torre_0001.jpg,0,-0.035564,Alfonso_Portillo,Joe_Torre,random_negative
Adolfo_Aguilar_Zinser_0001.jpg,Clifford_Robinson_0002.jpg,0,-0.031714,Adolfo_Aguilar_Zinser,Clifford_Robinson,random_negative
Catherine_Deneuve_0002.jpg,Orrin_Hatch_0002.jpg,0,0.078677,Catherine_Deneuve,Orrin_Hatch,random_negative
Don_Henley_0001.jpg,George_Allen_0002.jpg,0,-0.072577,Don_Henley,George_Allen,random_negative
Andrew_Weissmann_0001.jpg,Arnaud_Clement_0003.jpg,0,-0.054225,Andrew_Weissmann,Arnaud_Clement,random_negative
Anne_ONeil_0002.jpg,Gabriel_Farhi_0002.jpg,0,0.034164,Anne_ONeil,Gabriel_Farhi,random_negative
Abid_Hamid_Mahmud_Al-Tikriti_0002.jpg,Jules_Asner_0001.jpg,0,0.004450,Abid_Hamid_Mahmud_Al-Tikriti,Jules_Asner,random_negative
Mack_Brown_0004.jpg,Sanjay_Gupta_0004.jpg,0,0.104913,Mack_Brown,Sanjay_Gupta,random_negative
Bianca_Jagger_0003.jpg,Scott_Ritter_0002.jpg,0,-0.009853,Bianca_Jagger,Scott_Ritter,random_negative
Jade_Jagger_0001.jpg,Patrick_Stewart_0003.jpg,0,-0.050205,Jade_Jagger,Patrick_Stewart,random_negative
Horst_Koehler_0001.jpg,Justin_Wilson_0001.jpg,0,0.038507,Horst_Koehler,Justin_Wilson,random_negative
Andrew_Luster_0003.jpg,Humberto_Coelho_0004.jpg,0,0.010433,Andrew_Luster,Humberto_Coelho,random_negative
Billy_Sollie_0001.jpg,Fernando_Hierro_0003.jpg,0,0.031859,Billy_Sollie,Fernando_Hierro,random_negative
Frank_Taylor_0002.jpg,Prakash_Hinduja_0003.jpg,0,-0.021391,Frank_Taylor,Prakash_Hinduja,random_negative
Courtney_Love_0003.jpg,Nadia_Petrova_0004.jpg,0,0.034047,Courtney_Love,Nadia_Petrova,random_negative
Adam_Sandler_0004.jpg,John_Ashcroft_0003.jpg,0,0.071552,Adam_Sandler,John_Ashcroft,random_negative
Andrew_Fastow_0001.jpg,Lennox_Lewis_0004.jpg,0,0.084842,Andrew_Fastow,Lennox_Lewis,random_negative
Milton_Wynants_0001.jpg,Paul_Burrell_0002.jpg,0,0.035424,Milton_Wynants,Paul_Burrell,random_negative
Nick_Cassavetes_0001.jpg,Stephen_Crampton_0001.jpg,0,0.040743,Nick_Cassavetes,Stephen_Crampton,random_negative
Duane_Lee_Chapman_0002.jpg,Sok_An_0001.jpg,0,0.047371,Duane_Lee_Chapman,Sok_An,random_negative
Madeleine_Albright_0001.jpg,Pedro_Pauleta_0002.jpg,0,-0.025803,Madeleine_Albright,Pedro_Pauleta,random_negative
Celine_Dion_0002.jpg,Juan_Antonio_Samaranch_0004.jpg,0,-0.014466,Celine_Dion,Juan_Antonio_Samaranch,random_negative
Kelly_Osbourne_0001.jpg,Penelope_Cruz_0002.jpg,0,-0.056069,Kelly_Osbourne,Penelope_Cruz,random_negative
Harry_Kalas_0001.jpg,Saddam_Hussein_0003.jpg,0,0.037227,Harry_Kalas,Saddam_Hussein,random_negative
Dunn_Lampton_0001.jpg,Maurice_Papon_0004.jpg,0,0.091443,Dunn_Lampton,Maurice_Papon,random_negative
AJ_Lamas_0001.jpg,Oprah_Winfrey_0001.jpg,0,-0.068218,AJ_Lamas,Oprah_Winfrey,random_negative
Brooke_Adams_0004.jpg,Joe_Mantello_0001.jpg,0,0.079763,Brooke_Adams,Joe_Mantello,random_negative
James_Sensenbrenner_0002.jpg,Nancy_Sinatra_0001.jpg,0,-0.008139,James_Sensenbrenner,Nancy_Sinatra,random_negative
Jean-Sebastien_Giguere_0004.jpg,Ruth_Dreifuss_0001.jpg,0,-0.000339,Jean-Sebastien_Giguere,Ruth_Dreifuss,random_negative
Keira_Knightley_0003.jpg,Patsy_Kensit_0002.jpg,0,0.052855,Keira_Knightley,Patsy_Kensit,random_negative
Clive_Lloyd_0001.jpg,Laura_Morante_0004.jpg,0,0.006989,Clive_Lloyd,Laura_Morante,random_negative
Heather_Locklear_0004.jpg,Mike_Myers_0003.jpg,0,0.001227,Heather_Locklear,Mike_Myers,random_negative
Dyab_Abou_Jahjah_0003.jpg,Rick_Bragg_0001.jpg,0,0.076991,Dyab_Abou_Jahjah,Rick_Bragg,random_negative
Jonathan_Mostow_0001.jpg,Oxana_Fedorova_0001.jpg,0,0.010716,Jonathan_Mostow,Oxana_Fedorova,random_negative
Marion_Barry_0003.jpg,Shimon_Peres_0001.jpg,0,0.103455,Marion_Barry,Shimon_Peres,random_negative
Curtis_Joseph_0004.jpg,Irina_Lobacheva_0001.jpg,0,-0.037386,Curtis_Joseph,Irina_Lobacheva,random_negative
Al_Sharpton_0002.jpg,John_Howard_0001.jpg,0,-0.051242,Al_Sharpton,John_Howard,random_negative
Mick_Jagger_0003.jpg,Tim_Robbins_0003.jpg,0,-0.022299,Mick_Jagger,Tim_Robbins,random_negative
John_Marburger_0003.jpg,Valentino_Rossi_0001.jpg,0,-0.024615,John_Marburger,Valentino_Rossi,random_negative
Giannina_Facio_0003.jpg,Norio_Ohga_0001.jpg,0,0.036812,Giannina_Facio,Norio_Ohga,random_negative
Jeanne_Moreau_0002.jpg,Queen_Rania_0003.jpg,0,0.018926,Jeanne_Moreau,Queen_Rania,random_negative
Alastair_Campbell_0001.jpg,Condoleezza_Rice_0001.jpg,0,0.011886,Alastair_Campbell,Condoleezza_Rice,random_negative
George_McCloud_0002.jpg,Silvan_Shalom_0002.jpg,0,0.027104,George_McCloud,Silvan_Shalom,random_negative
Michael_Haneke_0004.jpg,Tippi_Hedren_0003.jpg,0,-0.036184,Michael_Haneke,Tippi_Hedren,random_negative
Chris_Penn_0003.jpg,Nabil_Shaath_0001.jpg,0,-0.119679,Chris_Penn,Nabil_Shaath,random_negative
Jim_Flaherty_0004.jpg,Oleg_Romantsev_0004.jpg,0,0.068091,Jim_Flaherty,Oleg_Romantsev,random_negative
David_Zeplowitz_0001.jpg,Joseph_Biden_0001.jpg,0,0.001774,David_Zeplowitz,Joseph_Biden,random_negative
Peter_Care_0001.jpg,Sargis_Sargsian_0001.jpg,0,0.000066,Peter_Care,Sargis_Sargsian,random_negative
Daniel_Day-Lewis_0002.jpg,Gwendal_Peizerat_0004.jpg,0,-0.046389,Daniel_Day-Lewis,Gwendal_Peizerat,random_negative
Francis_George_0001.jpg,Laurence_Tribe_0004.jpg,0,0.001668,Francis_George,Laurence_Tribe,random_negative
Melanie_Griffith_0001.jpg,Uma_Thurman_0004.jpg,0,0.067621,Melanie_Griffith,Uma_Thurman,random_negative
Bill_Lerach_0002.jpg,Saddam_Hussein_0001.jpg,0,-0.058376,Bill_Lerach,Saddam_Hussein,random_negative
Charlie_Zaa_0001.jpg,Sidney_Poitier_0004.jpg,0,-0.006825,Charlie_Zaa,Sidney_Poitier,random_negative
Diana_Taurasi_0001.jpg,Heidi_Klum_0003.jpg,0,0.029127,Diana_Taurasi,Heidi_Klum,random_negative
Arsinee_Khanjian_0001.jpg,Michael_Leavitt_0002.jpg,0,0.016510,Arsinee_Khanjian,Michael_Leavitt,random_negative
Anne_Krueger_0002.jpg,Raf_Vallone_0004.jpg,0,0.115173,Anne_Krueger,Raf_Vallone,random_negative
Alex_Barros_0003.jpg,Jose_Manuel_Durao_Barroso_0002.jpg,0,-0.050658,Alex_Barros,Jose_Manuel_Durao_Barroso,random_negative
Brian_Schneider_0002.jpg,William_Delahunt_0002.jpg,0,0.157877,Brian_Schneider,William_Delahunt,random_negative
Saddam_Hussein_0001.jpg,Wan_Yanhai_0001.jpg,0,0.007951,Saddam_Hussein,Wan_Yanhai,random_negative
Don_Nickles_0001.jpg,Karol_Kucera_0002.jpg,0,-0.069243,Don_Nickles,Karol_Kucera,random_negative
Lorraine_Bracco_0004.jpg,Marie-Reine_Le_Gougne_0001.jpg,0,-0.104057,Lorraine_Bracco,Marie-Reine_Le_Gougne,random_negative
Cass_Ballenger_0002.jpg,Tom_Cruise_0004.jpg,0,-0.127966,Cass_Ballenger,Tom_Cruise,random_negative
Andre_Agassi_0004.jpg,Roger_Staubach_0004.jpg,0,0.077001,Andre_Agassi,Roger_Staubach,random_negative
Daniel_Ortega_0001.jpg,Hermann_Maier_0001.jpg,0,-0.101474,Daniel_Ortega,Hermann_Maier,random_negative
Michelangelo_Antonioni_0001.jpg,Richard_Hamilton_0002.jpg,0,-0.016936,Michelangelo_Antonioni,Richard_Hamilton,random_negative
Billy_Beane_0001.jpg,Gerald_Riley_0002.jpg,0,0.073566,Billy_Beane,Gerald_Riley,random_negative
Pascal_Affi_Nguessan_0003.jpg,Toutai_Kefu_0001.jpg,0,-0.023134,Pascal_Affi_Nguessan,Toutai_Kefu,random_negative
Edmund_Stoiber_0001.jpg,Grady_Irvin_Jr_0002.jpg,0,-0.036720,Edmund_Stoiber,Grady_Irvin_Jr,random_negative
John_Stockton_0004.jpg,Steve_Allee_0001.jpg,0,-0.010673,John_Stockton,Steve_Allee,random_negative
Lydia_Shum_0004.jpg,Vicente_Fernandez_0002.jpg,0,-0.055182,Lydia_Shum,Vicente_Fernandez,random_negative
Corinne_Coman_0001.jpg,Valerie_Harper_0001.jpg,0,-0.041115,Corinne_Coman,Valerie_Harper,random_negative
Elizabeth_Taylor_0002.jpg,Silvan_Shalom_0002.jpg,0,-0.129261,Elizabeth_Taylor,Silvan_Shalom,random_negative
Lawrence_MacAulay_0001.jpg,Russell_Coutts_0002.jpg,0,0.002226,Lawrence_MacAulay,Russell_Coutts,random_negative
Claudine_Farrell_0001.jpg,Lucio_Gutierrez_0002.jpg,0,0.046352,Claudine_Farrell,Lucio_Gutierrez,random_negative
Bartosz_Kizierowski_0001.jpg,Matt_Damon_0003.jpg,0,-0.069805,Bartosz_Kizierowski,Matt_Damon,random_negative
Michael_Lopez-Alegria_0003.jpg,Morgan_Freeman_0003.jpg,0,-0.080582,Michael_Lopez-Alegria,Morgan_Freeman,random_negative
Clay_Aiken_0002.jpg,Mel_Karmazin_0003.jpg,0,0.043312,Clay_Aiken,Mel_Karmazin,random_negative
Aaron_Tippin_0001.jpg,Terrell_Suggs_0002.jpg,0,-0.002498,Aaron_Tippin,Terrell_Suggs,random_negative
Hamad_Bin_Isa_al-Khalifa_0004.jpg,William_Shatner_0004.jpg,0,-0.046201,Hamad_Bin_Isa_al-Khalifa,William_Shatner,random_negative
Bill_Nelson_0003.jpg,Marianne_Stanley_0001.jpg,0,-0.052373,Bill_Nelson,Marianne_Stanley,random_negative
Gustavo_Franco_0004.jpg,Ian_Moran_0003.jpg,0,0.039022,Gustavo_Franco,Ian_Moran,random_negative
Morgan_Freeman_0003.jpg,Stacey_Jones_0001.jpg,0,-0.034146,Morgan_Freeman,Stacey_Jones,random_negative
Karin_Pilsaeter_0001.jpg,Will_Smith_0004.jpg,0,0.011042,Karin_Pilsaeter,Will_Smith,random_negative
Franz_Fischler_0004.jpg,Ralph_Goodale_0002.jpg,0,-0.042433,Franz_Fischler,Ralph_Goodale,random_negative
Gina_Gershon_0003.jpg,Veronica_Lake_0002.jpg,0,-0.049937,Gina_Gershon,Veronica_Lake,random_negative
Eddie_Jordan_0001.jpg,Heidi_Fleiss_0001.jpg,0,0.037086,Eddie_Jordan,Heidi_Fleiss,random_negative
Hal_McCoy_0001.jpg,Louis_Van_Gaal_0001.jpg,0,0.035839,Hal_McCoy,Louis_Van_Gaal,random_negative
Kristin_Scott_Thomas_0001.jpg,Michael_Dell_0002.jpg,0,0.065659,Kristin_Scott_Thomas,Michael_Dell,random_negative
Ibrahim_Al-Marashi_0001.jpg,Severino_Antinori_0001.jpg,0,0.015850,Ibrahim_Al-Marashi,Severino_Antinori,random_negative
Milan_Kucan_0003.jpg,Rio_Ferdinand_0001.jpg,0,0.006546,Milan_Kucan,Rio_Ferdinand,random_negative
Christine_Todd_Whitman_0004.jpg,Katie_Couric_0001.jpg,0,0.104569,Christine_Todd_Whitman,Katie_Couric,random_negative
Darren_Clarke_0001.jpg,Manijeh_Hekmat_0001.jpg,0,0.063353,Darren_Clarke,Manijeh_Hekmat,random_negative
Barry_Switzer_0003.jpg,Brooke_Gordon_0002.jpg,0,0.058534,Barry_Switzer,Brooke_Gordon,random_negative
Bill_Cartwright_0001.jpg,John_Edwards_0001.jpg,0,0.051215,Bill_Cartwright,John_Edwards,random_negative
Derek_Lowe_0001.jpg,Inocencio_Arias_0002.jpg,0,0.027902,Derek_Lowe,Inocencio_Arias,random_negative
Bobby_Jackson_0002.jpg,Gerard_de_Cortanze_0001.jpg,0,0.038933,Bobby_Jackson,Gerard_de_Cortanze,random_negative
Barbora_Strycova_0001.jpg,Jose_Santos_0002.jpg,0,-0.068475,Barbora_Strycova,Jose_Santos,random_negative
Bill_Callahan_0002.jpg,Brad_Miller_0001.jpg,0,-0.002218,Bill_Callahan,Brad_Miller,random_negative
Jan-Michael_Gambill_0003.jpg,Queen_Elizabeth_II_0003.jpg,0,-0.037980,Jan-Michael_Gambill,Queen_Elizabeth_II,random_negative
Aitor_Gonzalez_0001.jpg,Stephanie_Cohen_Aloro_0002.jpg,0,-0.031367,Aitor_Gonzalez,Stephanie_Cohen_Aloro,random_negative
Hanan_Ashrawi_0004.jpg,Laurie_Laychak_0001.jpg,0,-0.083443,Hanan_Ashrawi,Laurie_Laychak,random_negative
Charlie_Zaa_0001.jpg,Zydrunas_Ilgauskas_0001.jpg,0,0.038894,Charlie_Zaa,Zydrunas_Ilgauskas,random_negative
Christine_Arron_0001.jpg,Joseph_Kabila_0001.jpg,0,0.018419,Christine_Arron,Joseph_Kabila,random_negative
Jackie_Sherrill_0001.jpg,Vaclav_Havel_0003.jpg,0,0.048950,Jackie_Sherrill,Vaclav_Havel,random_negative
Barry_Collier_0002.jpg,Judy_Genshaft_0002.jpg,0,0.115181,Barry_Collier,Judy_Genshaft,random_negative
John_Walsh_0003.jpg,Melina_Kanakaredes_0001.jpg,0,0.002678,John_Walsh,Melina_Kanakaredes,random_negative
Norbert_van_Heyst_0001.jpg,Stefan_Koubek_0003.jpg,0,0.028910,Norbert_van_Heyst,Stefan_Koubek,random_negative
David_Kelley_0002.jpg,Jonathan_Woodgate_0001.jpg,0,0.010174,David_Kelley,Jonathan_Woodgate,random_negative
Doc_Rivers_0002.jpg,Richard_Gephardt_0001.jpg,0,0.090835,Doc_Rivers,Richard_Gephardt,random_negative
Joan_Claybrook_0001.jpg,Lucio_Angulo_0002.jpg,0,-0.033018,Joan_Claybrook,Lucio_Angulo,random_negative
Antonio_Catania_0001.jpg,Patrick_Eaves_0002.jpg,0,-0.004559,Antonio_Catania,Patrick_Eaves,random_negative
Bruce_Willis_0003.jpg,Momir_Nikolic_0002.jpg,0,-0.021856,Bruce_Willis,Momir_Nikolic,random_negative
Matt_Damon_0001.jpg,Stephen_Daldry_0001.jpg,0,0.050642,Matt_Damon,Stephen_Daldry,random_negative
Franko_Simatovic_0002.jpg,Kate_Winslet_0003.jpg,0,0.082380,Franko_Simatovic,Kate_Winslet,random_negative
Jim_Thome_0001.jpg,Kim_Dae-jung_0004.jpg,0,-0.041919,Jim_Thome,Kim_Dae-jung,random_negative
Lily_Tomlin_0004.jpg,Margaret_Thatcher_0001.jpg,0,-0.091587,Lily_Tomlin,Margaret_Thatcher,random_negative
Anna_Kournikova_0002.jpg,Benazir_Bhutto_0002.jpg,0,0.068097,Anna_Kournikova,Benazir_Bhutto,random_negative
Ben_Kingsley_0001.jpg,Takashi_Sorimachi_0004.jpg,0,-0.073679,Ben_Kingsley,Takashi_Sorimachi,random_negative
Mikhail_Kasyanov_0002.jpg,Norm_Coleman_0003.jpg,0,0.003971,Mikhail_Kasyanov,Norm_Coleman,random_negative
Lew_Rywin_0002.jpg,Oracene_Williams_0004.jpg,0,-0.029817,Lew_Rywin,Oracene_Williams,random_negative
Art_Howe_0001.jpg,Augusto_Roa_Bastos_0003.jpg,0,-0.022717,Art_Howe,Augusto_Roa_Bastos,random_negative
Alvaro_Silva_Calderon_0001.jpg,Krishna_Bhadur_Mahara_0002.jpg,0,-0.016253,Alvaro_Silva_Calderon,Krishna_Bhadur_Mahara,random_negative
Conan_OBrien_0004.jpg,Jean-Marc_de_La_Sabliere_0004.jpg,0,-0.100568,Conan_OBrien,Jean-Marc_de_La_Sabliere,random_negative
Larry_Bowa_0002.jpg,Leland_Chapman_0001.jpg,0,-0.012987,Larry_Bowa,Leland_Chapman,random_negative
Jennifer_Connelly_0003.jpg,Pat_Burns_0002.jpg,0,-0.018687,Jennifer_Connelly,Pat_Burns,random_negative
Alexander_Losyukov_0001.jpg,Charlene_Barshefsky_0001.jpg,0,0.000915,Alexander_Losyukov,Charlene_Barshefsky,random_negative
Kent_McCord_0004.jpg,Thabo_Mbeki_0003.jpg,0,0.170006,Kent_McCord,Thabo_Mbeki,random_negative
Alex_Cabrera_0002.jpg,Zoe_Ball_0001.jpg,0,0.042832,Alex_Cabrera,Zoe_Ball,random_negative
Brian_Griese_0001.jpg,Wolfgang_Clement_0004.jpg,0,-0.071420,Brian_Griese,Wolfgang_Clement,random_negative
Job_Cohen_0003.jpg,Leland_Chapman_0002.jpg,0,-0.009418,Job_Cohen,Leland_Chapman,random_negative
Max_Baucus_0003.jpg,Nick_Price_0001.jpg,0,0.222865,Max_Baucus,Nick_Price,random_negative
James_Wolfensohn_0002.jpg,Jan-Michael_Gambill_0004.jpg,0,0.014212,James_Wolfensohn,Jan-Michael_Gambill,random_negative
Christopher_Reeve_0004.jpg,Hideki_Matsui_0004.jpg,0,-0.052509,Christopher_Reeve,Hideki_Matsui,random_negative
Claudette_Robinson_0004.jpg,Mary_Landrieu_0001.jpg,0,-0.035206,Claudette_Robinson,Mary_Landrieu,random_negative
Agnelo_Queiroz_0002.jpg,Marion_Barry_0001.jpg,0,-0.007117,Agnelo_Queiroz,Marion_Barry,random_negative
Markus_Naslund_0003.jpg,Sherri_Coale_0001.jpg,0,-0.061722,Markus_Naslund,Sherri_Coale,random_negative
Edmund_Stoiber_0002.jpg,Sabah_Al-Ahmad_Al-Jaber_Al-Sabah_0001.jpg,0,0.004159,Edmund_Stoiber,Sabah_Al-Ahmad_Al-Jaber_Al-Sabah,random_negative
Ben_Lee_0001.jpg,John_Abizaid_0004.jpg,0,0.024494,Ben_Lee,John_Abizaid,random_negative
Marat_Safin_0004.jpg,Rand_Miller_0003.jpg,0,-0.028893,Marat_Safin,Rand_Miller,random_negative
Carolyn_Dawn_Johnson_0002.jpg,Harvey_Wachsman_0003.jpg,0,-0.032574,Carolyn_Dawn_Johnson,Harvey_Wachsman,random_negative
Byron_Scott_0003.jpg,Khalid_Qazi_0001.jpg,0,0.030585,Byron_Scott,Khalid_Qazi,random_negative
Jude_Law_0001.jpg,Pedro_Martinez_0001.jpg,0,-0.074396,Jude_Law,Pedro_Martinez,random_negative
Gus_Frerotte_0003.jpg,Monica_Lewinsky_0004.jpg,0,-0.058050,Gus_Frerotte,Monica_Lewinsky,random_negative
Jay_Garner_0001.jpg,Justin_Timberlake_0003.jpg,0,0.052912,Jay_Garner,Justin_Timberlake,random_negative
Bing_Crosby_0003.jpg,Rich_Brooks_0004.jpg,0,0.068014,Bing_Crosby,Rich_Brooks,random_negative
Ally_Sheedy_0001.jpg,Eric_Idle_0001.jpg,0,0.037900,Ally_Sheedy,Eric_Idle,random_negative
Jim_Ryan_0002.jpg,Monica_Bellucci_0002.jpg,0,0.054912,Jim_Ryan,Monica_Bellucci,random_negative
Guillaume_Soro_0002.jpg,Paul_McCartney_0001.jpg,0,0.000406,Guillaume_Soro,Paul_McCartney,random_negative
Allison_Janney_0001.jpg,Chris_Cooper_0004.jpg,0,-0.024963,Allison_Janney,Chris_Cooper,random_negative
Demi_Moore_0001.jpg,Tom_Smothers_0004.jpg,0,-0.003138,Demi_Moore,Tom_Smothers,random_negative
Jerry_Colangelo_0004.jpg,Ray_Evernham_0001.jpg,0,-0.045853,Jerry_Colangelo,Ray_Evernham,random_negative
Mike_Tyson_0001.jpg,William_Webster_0001.jpg,0,0.025805,Mike_Tyson,William_Webster,random_negative
Makiko_Tanaka_0001.jpg,Tabare_Vazquez_0004.jpg,0,-0.011278,Makiko_Tanaka,Tabare_Vazquez,random_negative
Patricia_Hearst_0002.jpg,Queen_Rania_0003.jpg,0,-0.081077,Patricia_Hearst,Queen_Rania,random_negative
Mike_Carona_0002.jpg,Odai_Hussein_0001.jpg,0,0.031523,Mike_Carona,Odai_Hussein,random_negative
Chloe_Sevigny_0001.jpg,Rolandas_Paksas_0004.jpg,0,0.070239,Chloe_Sevigny,Rolandas_Paksas,random_negative
Kofi_Annan_0001.jpg,Rashid_Qureshi_0001.jpg,0,-0.005969,Kofi_Annan,Rashid_Qureshi,random_negative
Jane_Fonda_0002.jpg,Tiger_Woods_0002.jpg,0,0.016066,Jane_Fonda,Tiger_Woods,random_negative
Lina_Krasnoroutskaya_0004.jpg,Rolf_Eckrodt_0002.jpg,0,0.058517,Lina_Krasnoroutskaya,Rolf_Eckrodt,random_negative
Maurice_Cheeks_0003.jpg,Tara_Dawn_Christensen_0001.jpg,0,-0.006655,Maurice_Cheeks,Tara_Dawn_Christensen,random_negative
Charlie_Sheen_0001.jpg,Larry_Lucchino_0001.jpg,0,-0.006566,Charlie_Sheen,Larry_Lucchino,random_negative
Antonio_Trillanes_0002.jpg,Javier_Solana_0003.jpg,0,-0.008032,Antonio_Trillanes,Javier_Solana,random_negative
Guillaume_Depardieu_0004.jpg,Sheila_Fraser_0003.jpg,0,-0.035953,Guillaume_Depardieu,Sheila_Fraser,random_negative
Henry_Hyde_0001.jpg,Jerry_Falwell_0001.jpg,0,0.026802,Henry_Hyde,Jerry_Falwell,random_negative
Cass_Ballenger_0004.jpg,Mark_Wahlberg_0002.jpg,0,-0.032964,Cass_Ballenger,Mark_Wahlberg,random_negative
Al_Sharpton_0004.jpg,Guy_Ritchie_0004.jpg,0,0.051601,Al_Sharpton,Guy_Ritchie,random_negative
Gilles_Panizzi_0004.jpg,Lord_Hutton_0001.jpg,0,0.008352,Gilles_Panizzi,Lord_Hutton,random_negative
Begum_Khaleda_Zia_0001.jpg,Faisal_Saleh_Hayat_0004.jpg,0,0.116275,Begum_Khaleda_Zia,Faisal_Saleh_Hayat,random_negative
Carla_Gugino_0004.jpg,Danielle_Spencer_0001.jpg,0,0.100619,Carla_Gugino,Danielle_Spencer,random_negative
Alastair_Campbell_0001.jpg,Maria_Shriver_0003.jpg,0,-0.082452,Alastair_Campbell,Maria_Shriver,random_negative
Carl_Reiner_0002.jpg,LK_Advani_0001.jpg,0,0.012108,Carl_Reiner,LK_Advani,random_negative
James_Franco_0004.jpg,Jo_Dee_Messina_0004.jpg,0,0.032062,James_Franco,Jo_Dee_Messina,random_negative
Daniel_Ortega_0004.jpg,JK_Rowling_0004.jpg,0,-0.076288,Daniel_Ortega,JK_Rowling,random_negative
Aaron_Eckhart_0001.jpg,Larry_Beinfest_0002.jpg,0,-0.080566,Aaron_Eckhart,Larry_Beinfest,random_negative
Kathryn_Morris_0002.jpg,Kristanna_Loken_0004.jpg,0,0.015953,Kathryn_Morris,Kristanna_Loken,random_negative
Robin_Cook_0003.jpg,Roh_Moo-hyun_0001.jpg,0,0.064921,Robin_Cook,Roh_Moo-hyun,random_negative
Anne_Krueger_0002.jpg,Roger_Moore_0001.jpg,0,0.002344,Anne_Krueger,Roger_Moore,random_negative
Jennifer_Garner_0003.jpg,Pedro_Almodovar_0001.jpg,0,-0.081055,Jennifer_Garner,Pedro_Almodovar,random_negative
Arsinee_Khanjian_0001.jpg,Ben_Braun_0001.jpg,0,-0.043918,Arsinee_Khanjian,Ben_Braun,random_negative
Aretha_Franklin_0003.jpg,Hitoshi_Tanaka_0002.jpg,0,-0.046837,Aretha_Franklin,Hitoshi_Tanaka,random_negative
Kevin_Hearn_0004.jpg,Lyle_Vanclief_0002.jpg,0,0.099895,Kevin_Hearn,Lyle_Vanclief,random_negative
Jennifer_Rodriguez_0001.jpg,Patrice_Chereau_0002.jpg,0,-0.040084,Jennifer_Rodriguez,Patrice_Chereau,random_negative
Jessica_Lynch_0001.jpg,Rachel_Leigh_Cook_0002.jpg,0,0.004943,Jessica_Lynch,Rachel_Leigh_Cook,random_negative
Ben_Stein_0004.jpg,Jan_Bjoerklund_0001.jpg,0,0.011591,Ben_Stein,Jan_Bjoerklund,random_negative
Geoff_Dixon_0002.jpg,Sasha_Cohen_0003.jpg,0,-0.004788,Geoff_Dixon,Sasha_Cohen,random_negative
Gus_Frerotte_0001.jpg,Richard_Gere_0003.jpg,0,-0.044692,Gus_Frerotte,Richard_Gere,random_negative
Caroline_Dhavernas_0001.jpg,Marcelo_Salas_0002.jpg,0,0.005142,Caroline_Dhavernas,Marcelo_Salas,random_negative
Brent_Coles_0002.jpg,Chris_Kolanas_0001.jpg,0,0.042318,Brent_Coles,Chris_Kolanas,random_negative
Andrew_Niccol_0001.jpg,Chuck_Yeager_0001.jpg,0,0.034541,Andrew_Niccol,Chuck_Yeager,random_negative
Ben_Affleck_0002.jpg,Emanuel_Ginobili_0003.jpg,0,0.101063,Ben_Affleck,Emanuel_Ginobili,random_negative
Ken_Macha_0001.jpg,Nicole_Hiltz_0001.jpg,0,-0.020026,Ken_Macha,Nicole_Hiltz,random_negative
Mike_Helton_0002.jpg,Sammy_Sosa_0004.jpg,0,0.047553,Mike_Helton,Sammy_Sosa,random_negative
Andy_North_0001.jpg,Heath_Ledger_0004.jpg,0,-0.030195,Andy_North,Heath_Ledger,random_negative
Daryl_Hannah_0003.jpg,Dunn_Lampton_0002.jpg,0,0.054681,Daryl_Hannah,Dunn_Lampton,random_negative
David_Caraway_0001.jpg,Gwyneth_Paltrow_0002.jpg,0,0.074167,David_Caraway,Gwyneth_Paltrow,random_negative
Paul_McCartney_0003.jpg,Terry_Stotts_0001.jpg,0,0.003584,Paul_McCartney,Terry_Stotts,random_negative
David_Montoya_0001.jpg,Sharon_Stone_0002.jpg,0,-0.006235,David_Montoya,Sharon_Stone,random_negative
Adam_Mair_0002.jpg,Constance_Marie_0004.jpg,0,-0.024470,Adam_Mair,Constance_Marie,random_negative
Abel_Pacheco_0004.jpg,George_HW_Bush_0003.jpg,0,0.081923,Abel_Pacheco,George_HW_Bush,random_negative
Eliane_Karp_0004.jpg,Rudolph_Giuliani_0001.jpg,0,-0.001839,Eliane_Karp,Rudolph_Giuliani,random_negative
Michael_Caine_0003.jpg,Tom_Daschle_0003.jpg,0,0.002006,Michael_Caine,Tom_Daschle,random_negative
Brian_Schneider_0003.jpg,Lee_Chang-dong_0001.jpg,0,0.057992,Brian_Schneider,Lee_Chang-dong,random_negative
Adam_Rich_0003.jpg,Manfred_Stolpe_0001.jpg,0,-0.076630,Adam_Rich,Manfred_Stolpe,random_negative
Aaron_Peirsol_0003.jpg,Chris_Byrd_0001.jpg,0,0.041920,Aaron_Peirsol,Chris_Byrd,random_negative
Alan_Ball_0004.jpg,Dianne_Feinstein_0001.jpg,0,0.023891,Alan_Ball,Dianne_Feinstein,random_negative
Agnelo_Queiroz_0001.jpg,Catherine_Bell_0001.jpg,0,0.005296,Agnelo_Queiroz,Catherine_Bell,random_negative
Cass_Ballenger_0003.jpg,Nancy_Pelosi_0003.jpg,0,-0.062670,Cass_Ballenger,Nancy_Pelosi,random_negative
Ben_Stein_0001.jpg,Juan_Carlos_Ferrero_0001.jpg,0,-0.003923,Ben_Stein,Juan_Carlos_Ferrero,random_negative
Jennifer_Tilly_0001.jpg,Princess_Anne_0001.jpg,0,0.041652,Jennifer_Tilly,Princess_Anne,random_negative
Chloe_Sevigny_0004.jpg,Jan_Bjoerklund_0002.jpg,0,0.018709,Chloe_Sevigny,Jan_Bjoerklund,random_negative
Jerry_Colangelo_0003.jpg,Milan_Kucan_0003.jpg,0,0.048186,Jerry_Colangelo,Milan_Kucan,random_negative
Celia_Cruz_0001.jpg,Kimi_Raikkonen_0002.jpg,0,0.088695,Celia_Cruz,Kimi_Raikkonen,random_negative
Chen_Shui-bian_0002.jpg,Susie_Castillo_0002.jpg,0,0.079182,Chen_Shui-bian,Susie_Castillo,random_negative
Bruce_Weber_0002.jpg,Phil_Gramm_0001.jpg,0,-0.058247,Bruce_Weber,Phil_Gramm,random_negative
John_Mayer_0002.jpg,Sven_Goran_Eriksson_0002.jpg,0,-0.000466,John_Mayer,Sven_Goran_Eriksson,random_negative
Kamal_Kharrazi_0002.jpg,Paula_Dobriansky_0001.jpg,0,0.047069,Kamal_Kharrazi,Paula_Dobriansky,random_negative
Jerry_Sloan_0001.jpg,Natalie_Coughlin_0002.jpg,0,0.007405,Jerry_Sloan,Natalie_Coughlin,random_negative
Kyoko_Nakayama_0002.jpg,Nanni_Moretti_0004.jpg,0,0.094706,Kyoko_Nakayama,Nanni_Moretti,random_negative
John_Malkovich_0001.jpg,John_Prescott_0004.jpg,0,0.012509,John_Malkovich,John_Prescott,random_negative
Thomas_Rupprath_0001.jpg,Zhang_Wenkang_0002.jpg,0,0.077263,Thomas_Rupprath,Zhang_Wenkang,random_negative
John_Prescott_0004.jpg,Kristin_Scott_Thomas_0004.jpg,0,-0.114248,John_Prescott,Kristin_Scott_Thomas,random_negative
James_Butts_0001.jpg,Robert_Redford_0001.jpg,0,0.030788,James_Butts,Robert_Redford,random_negative
Cecilia_Bolocco_0001.jpg,David_Beckham_0001.jpg,0,0.067286,Cecilia_Bolocco,David_Beckham,random_negative
Nancy_Reagan_0003.jpg,Tung_Chee-hwa_0002.jpg,0,-0.103336,Nancy_Reagan,Tung_Chee-hwa,random_negative
Anastasia_Kelesidou_0001.jpg,Mohammed_Baqir_al-Hakim_0002.jpg,0,-0.098780,Anastasia_Kelesidou,Mohammed_Baqir_al-Hakim,random_negative
Sebastian_Saja_0001.jpg,Tim_Henman_0004.jpg,0,-0.024460,Sebastian_Saja,Tim_Henman,random_negative
Condoleezza_Rice_0004.jpg,Ellen_Saracini_0001.jpg,0,-0.044523,Condoleezza_Rice,Ellen_Saracini,random_negative
Jeri_Ryan_0002.jpg,Lisa_Marie_Presley_0001.jpg,0,-0.043694,Jeri_Ryan,Lisa_Marie_Presley,random_negative
Bill_Simon_0001.jpg,Caroline_Kennedy_0004.jpg,0,0.014105,Bill_Simon,Caroline_Kennedy,random_negative
Brian_Wells_0002.jpg,Marat_Safin_0002.jpg,0,-0.052905,Brian_Wells,Marat_Safin,random_negative
Elton_John_0002.jpg,Tian_Zhuang_Zhuang_0004.jpg,0,0.193832,Elton_John,Tian_Zhuang_Zhuang,random_negative
Andres_DAlessandro_0004.jpg,Saburo_Kawabuchi_0001.jpg,0,-0.022527,Andres_DAlessandro,Saburo_Kawabuchi,random_negative
Dominique_de_Villepin_0002.jpg,Edward_Lu_0001.jpg,0,0.061523,Dominique_de_Villepin,Edward_Lu,random_negative
Miranda_Gaddis_0001.jpg,Vanessa_Redgrave_0002.jpg,0,0.102014,Miranda_Gaddis,Vanessa_Redgrave,random_negative
David_Trimble_0004.jpg,Steven_Hatfill_0004.jpg,0,0.145462,David_Trimble,Steven_Hatfill,random_negative
Paul_McCartney_0004.jpg,Stanley_Ho_0001.jpg,0,0.001782,Paul_McCartney,Stanley_Ho,random_negative
Branko_Crvenkovski_0004.jpg,Heizo_Takenaka_0002.jpg,0,0.098912,Branko_Crvenkovski,Heizo_Takenaka,random_negative
Herb_Sendek_0001.jpg,Marcelo_Salas_0002.jpg,0,0.074658,Herb_Sendek,Marcelo_Salas,random_negative
Edith_Masai_0001.jpg,Rob_Schneider_0003.jpg,0,-0.019502,Edith_Masai,Rob_Schneider,random_negative
Christopher_Patten_0001.jpg,Pat_Cox_0003.jpg,0,0.048480,Christopher_Patten,Pat_Cox,random_negative
Jose_Jose_0001.jpg,Megan_Mullally_0003.jpg,0,-0.018263,Jose_Jose,Megan_Mullally,random_negative
Augusto_Roa_Bastos_0002.jpg,Qazi_Hussain_Ahmed_0001.jpg,0,0.036555,Augusto_Roa_Bastos,Qazi_Hussain_Ahmed,random_negative
Junichiro_Koizumi_0003.jpg,Ralph_Lauren_0003.jpg,0,-0.042272,Junichiro_Koizumi,Ralph_Lauren,random_negative
Fernando_Sanz_0002.jpg,George_Foreman_0001.jpg,0,-0.047656,Fernando_Sanz,George_Foreman,random_negative
Ben_Affleck_0002.jpg,Colleen_Atwood_0002.jpg,0,0.006856,Ben_Affleck,Colleen_Atwood,random_negative
Marty_Mornhinweg_0002.jpg,Teresa_Heinz_Kerry_0001.jpg,0,0.094927,Marty_Mornhinweg,Teresa_Heinz_Kerry,random_negative
Dave_Matthews_0004.jpg,Makiko_Tanaka_0002.jpg,0,-0.072966,Dave_Matthews,Makiko_Tanaka,random_negative
Brook_Robinson_0001.jpg,Vivica_Fox_0002.jpg,0,-0.020972,Brook_Robinson,Vivica_Fox,random_negative
Frank_Griswold_0003.jpg,Joe_Gatti_0004.jpg,0,-0.050172,Frank_Griswold,Joe_Gatti,random_negative
Aung_San_Suu_Kyi_0001.jpg,Julien_Boutter_0002.jpg,0,0.001770,Aung_San_Suu_Kyi,Julien_Boutter,random_negative
Dyab_Abou_Jahjah_0001.jpg,George_Lopez_0004.jpg,0,-0.016107,Dyab_Abou_Jahjah,George_Lopez,random_negative
Lech_Walesa_0003.jpg,Sebastian_Saja_0003.jpg,0,0.035605,Lech_Walesa,Sebastian_Saja,random_negative
Ari_Fleischer_0001.jpg,Mauricio_Macri_0001.jpg,0,-0.117170,Ari_Fleischer,Mauricio_Macri,random_negative
Ben_Affleck_0001.jpg,Scott_OGrady_0001.jpg,0,-0.000225,Ben_Affleck,Scott_OGrady,random_negative
Catherine_Bell_0001.jpg,Steve_Largent_0001.jpg,0,0.051805,Catherine_Bell,Steve_Largent,random_negative
Bill_Belichick_0001.jpg,Ernie_Fletcher_0003.jpg,0,-0.004149,Bill_Belichick,Ernie_Fletcher,random_negative
Cliff_Ellis_0002.jpg,Mitt_Romney_0003.jpg,0,-0.053719,Cliff_Ellis,Mitt_Romney,random_negative
Ruben_Wolkowyski_0004.jpg,Zhu_Rongji_0001.jpg,0,0.081200,Ruben_Wolkowyski,Zhu_Rongji,random_negative
Keith_Osik_0004.jpg,Tim_Chapman_0002.jpg,0,0.067876,Keith_Osik,Tim_Chapman,random_negative
Hong_Myung_0004.jpg,Shia_LaBeouf_0001.jpg,0,0.022657,Hong_Myung,Shia_LaBeouf,random_negative
Evan_Rachel_Wood_0004.jpg,Justin_Timberlake_0003.jpg,0,-0.072347,Evan_Rachel_Wood,Justin_Timberlake,random_negative
Emilio_Botin_0003.jpg,Hugh_Hefner_0004.jpg,0,-0.005707,Emilio_Botin,Hugh_Hefner,random_negative
Michael_Arif_0002.jpg,Silvan_Shalom_0001.jpg,0,0.047110,Michael_Arif,Silvan_Shalom,random_negative
Eric_Rosser_0001.jpg,Mohammed_Baqir_al-Hakim_0001.jpg,0,0.016510,Eric_Rosser,Mohammed_Baqir_al-Hakim,random_negative
Evan_Rachel_Wood_0004.jpg,Jim_Leach_0002.jpg,0,0.051493,Evan_Rachel_Wood,Jim_Leach,random_negative
Carla_Gugino_0004.jpg,Kofi_Annan_0001.jpg,0,0.002409,Carla_Gugino,Kofi_Annan,random_negative
Orlando_Bloom_0004.jpg,Rafael_Ramirez_0002.jpg,0,0.011201,Orlando_Bloom,Rafael_Ramirez,random_negative
Bryan_Murray_0001.jpg,Tony_Blair_0003.jpg,0,-0.019215,Bryan_Murray,Tony_Blair,random_negative
Elvis_Presley_0004.jpg,Kelly_Clarkson_0001.jpg,0,-0.002087,Elvis_Presley,Kelly_Clarkson,random_negative
Guus_Hiddink_0001.jpg,Martha_Stewart_0003.jpg,0,0.046758,Guus_Hiddink,Martha_Stewart,random_negative
Rob_Lowe_0003.jpg,Stephen_Daldry_0001.jpg,0,0.018984,Rob_Lowe,Stephen_Daldry,random_negative
Ai_Sugiyama_0001.jpg,Al_Davis_0001.jpg,0,0.006914,Ai_Sugiyama,Al_Davis,random_negative
Jose_Sarney_0001.jpg,Michael_Moore_0001.jpg,0,-0.080638,Jose_Sarney,Michael_Moore,random_negative
Duane_Lee_Chapman_0002.jpg,Ruben_Wolkowyski_0001.jpg,0,0.051419,Duane_Lee_Chapman,Ruben_Wolkowyski,random_negative
Harry_Belafonte_0004.jpg,Loretta_Lynn_Harper_0002.jpg,0,0.019578,Harry_Belafonte,Loretta_Lynn_Harper,random_negative
Matt_Dillon_0001.jpg,Nan_Wang_0001.jpg,0,0.046136,Matt_Dillon,Nan_Wang,random_negative
Evgeni_Plushenko_0004.jpg,Robert_Duvall_0004.jpg,0,-0.004169,Evgeni_Plushenko,Robert_Duvall,random_negative
Catherine_Deneuve_0004.jpg,Martin_Lawrence_0001.jpg,0,0.001439,Catherine_Deneuve,Martin_Lawrence,random_negative
Arianna_Huffington_0004.jpg,Elizabeth_Shue_0003.jpg,0,-0.061774,Arianna_Huffington,Elizabeth_Shue,random_negative
Liam_Neeson_0003.jpg,Nicolas_Escude_0001.jpg,0,-0.070896,Liam_Neeson,Nicolas_Escude,random_negative
Elizabeth_Smart_0004.jpg,Jerry_Seinfeld_0002.jpg,0,-0.017523,Elizabeth_Smart,Jerry_Seinfeld,random_negative
Billy_Crystal_0003.jpg,Dan_Morales_0001.jpg,0,0.007758,Billy_Crystal,Dan_Morales,random_negative
Alexander_Losyukov_0002.jpg,Sok_An_0001.jpg,0,-0.089469,Alexander_Losyukov,Sok_An,random_negative
James_Butts_0002.jpg,Kalpana_Chawla_0001.jpg,0,0.005270,James_Butts,Kalpana_Chawla,random_negative
Claudio_Lopez_0002.jpg,Gilberto_Rodriguez_Orejuela_0002.jpg,0,0.048266,Claudio_Lopez,Gilberto_Rodriguez_Orejuela,random_negative
Brett_Boone_0001.jpg,Jamie_King_0003.jpg,0,0.090333,Brett_Boone,Jamie_King,random_negative
Daniel_Scioli_0004.jpg,Rudolph_Holton_0002.jpg,0,0.065889,Daniel_Scioli,Rudolph_Holton,random_negative
Lachlan_Murdoch_0001.jpg,Mary_Tyler_Moore_0003.jpg,0,0.094868,Lachlan_Murdoch,Mary_Tyler_Moore,random_negative
Heather_Mills_0004.jpg,John_Rowland_0001.jpg,0,0.062650,Heather_Mills,John_Rowland,random_negative
Clint_Eastwood_0001.jpg,Prince_Willem-Alexander_0001.jpg,0,-0.063182,Clint_Eastwood,Prince_Willem-Alexander,random_negative
Paul_Walker_0001.jpg,Rick_Stansbury_0003.jpg,0,0.135033,Paul_Walker,Rick_Stansbury,random_negative
Laura_Linney_0001.jpg,Sereyvuth_Kem_0002.jpg,0,0.131873,Laura_Linney,Sereyvuth_Kem,random_negative
Antje_Buschschulte_0002.jpg,Joe_Dumars_0001.jpg,0,-0.010945,Antje_Buschschulte,Joe_Dumars,random_negative
Edwin_Edwards_0002.jpg,Joe_Mantegna_0004.jpg,0,-0.068600,Edwin_Edwards,Joe_Mantegna,random_negative
Leo_Mullin_0002.jpg,Sidney_Kimmel_0002.jpg,0,-0.035729,Leo_Mullin,Sidney_Kimmel,random_negative
Anthony_Pico_0002.jpg,Branko_Crvenkovski_0004.jpg,0,-0.005063,Anthony_Pico,Branko_Crvenkovski,random_negative
Jim_Thome_0004.jpg,Johnny_Tapia_0001.jpg,0,0.094557,Jim_Thome,Johnny_Tapia,random_negative
Deepa_Mehta_0001.jpg,Dennis_Johnson_0001.jpg,0,-0.060814,Deepa_Mehta,Dennis_Johnson,random_negative
Nicole_Parker_0004.jpg,Shannon_OBrien_0002.jpg,0,-0.012078,Nicole_Parker,Shannon_OBrien,random_negative
Gerry_Kelly_0004.jpg,Steve_Redgrave_0004.jpg,0,-0.048786,Gerry_Kelly,Steve_Redgrave,random_negative
Amanda_Coetzer_0001.jpg,Michel_Duclos_0001.jpg,0,0.005668,Amanda_Coetzer,Michel_Duclos,random_negative
Michael_Moore_0004.jpg,Robert_Zoellick_0001.jpg,0,-0.119342,Michael_Moore,Robert_Zoellick,random_negative
Antonio_Banderas_0001.jpg,Carlos_Menem_0004.jpg,0,0.042589,Antonio_Banderas,Carlos_Menem,random_negative
Andrew_Cuomo_0002.jpg,Annette_Bening_0004.jpg,0,-0.050278,Andrew_Cuomo,Annette_Bening,random_negative
Paul_Pierce_0001.jpg,Shirley_Jones_0004.jpg,0,-0.052708,Paul_Pierce,Shirley_Jones,random_negative
Bob_Melvin_0002.jpg,Mariano_Zabaleta_0002.jpg,0,0.155536,Bob_Melvin,Mariano_Zabaleta,random_negative
John_Negroponte_0001.jpg,Keith_Osik_0004.jpg,0,-0.012952,John_Negroponte,Keith_Osik,random_negative
Ben_Braun_0001.jpg,Kathryn_Grayson_0003.jpg,0,-0.028471,Ben_Braun,Kathryn_Grayson,random_negative
Andy_Graves_0002.jpg,Katie_Smith_0002.jpg,0,-0.092053,Andy_Graves,Katie_Smith,random_negative
Marilyn_Monroe_0004.jpg,Robert_Mueller_0002.jpg,0,-0.051137,Marilyn_Monroe,Robert_Mueller,random_negative
Goran_Persson_0001.jpg,Liu_Mingkang_0002.jpg,0,0.120282,Goran_Persson,Liu_Mingkang,random_negative
Lesley_Coppin_0001.jpg,Tim_Henman_0002.jpg,0,0.054884,Lesley_Coppin,Tim_Henman,random_negative
Carlos_Moya_0001.jpg,Richard_Krajicek_0003.jpg,0,-0.013448,Carlos_Moya,Richard_Krajicek,random_negative
Kevin_Hearn_0004.jpg,Tommy_Tubberville_0001.jpg,0,0.024476,Kevin_Hearn,Tommy_Tubberville,random_negative
Heidi_Klum_0003.jpg,Kareena_Kapoor_0001.jpg,0,0.034540,Heidi_Klum,Kareena_Kapoor,random_negative
Igor_Ivanov_0001.jpg,Mary_Tyler_Moore_0003.jpg,0,-0.032487,Igor_Ivanov,Mary_Tyler_Moore,random_negative
Gerry_Kelly_0001.jpg,Nona_Gaye_0002.jpg,0,-0.026376,Gerry_Kelly,Nona_Gaye,random_negative
Corinne_Coman_0003.jpg,Elizabeth_Taylor_0001.jpg,0,0.023456,Corinne_Coman,Elizabeth_Taylor,random_negative
Jeff_George_0001.jpg,Mark_Geragos_0001.jpg,0,0.020851,Jeff_George,Mark_Geragos,random_negative
Elvis_Costello_0003.jpg,Kelly_Clarkson_0001.jpg,0,-0.030959,Elvis_Costello,Kelly_Clarkson,random_negative
Paula_Dobriansky_0003.jpg,Thomas_Watjen_0001.jpg,0,0.024923,Paula_Dobriansky,Thomas_Watjen,random_negative
Howard_Dean_0003.jpg,Patrick_Stewart_0004.jpg,0,0.047580,Howard_Dean,Patrick_Stewart,random_negative
Jeremy_Greenstock_0002.jpg,Rafael_Vinoly_0002.jpg,0,-0.051351,Jeremy_Greenstock,Rafael_Vinoly,random_negative
Alexandre_Daigle_0002.jpg,Jay_Leno_0001.jpg,0,-0.005669,Alexandre_Daigle,Jay_Leno,random_negative
Ernie_Fletcher_0001.jpg,Paul_Bettany_0001.jpg,0,0.013500,Ernie_Fletcher,Paul_Bettany,random_negative
Chuck_Woolery_0001.jpg,Ruth_Pearce_0002.jpg,0,0.022523,Chuck_Woolery,Ruth_Pearce,random_negative
Dolly_Parton_0001.jpg,Richard_Virenque_0003.jpg,0,0.055490,Dolly_Parton,Richard_Virenque,random_negative
Dave_Matthews_0004.jpg,Edward_Egan_0002.jpg,0,-0.008176,Dave_Matthews,Edward_Egan,random_negative
Freda_Black_0002.jpg,Sven_Goran_Eriksson_0001.jpg,0,0.037012,Freda_Black,Sven_Goran_Eriksson,random_negative
Bilal_Erdogan_0001.jpg,Patrick_Bourrat_0003.jpg,0,0.041416,Bilal_Erdogan,Patrick_Bourrat,random_negative
Darin_Erstad_0001.jpg,Federico_Trillo_0002.jpg,0,0.069790,Darin_Erstad,Federico_Trillo,random_negative
Bernard_Law_0002.jpg,John_Danforth_0003.jpg,0,0.063673,Bernard_Law,John_Danforth,random_negative
Eduardo_Duhalde_0002.jpg,Peter_Care_0001.jpg,0,-0.085264,Eduardo_Duhalde,Peter_Care,random_negative
Barry_Diller_0001.jpg,Michael_Kostelnik_0002.jpg,0,-0.019437,Barry_Diller,Michael_Kostelnik,random_negative
Anthony_Pico_0002.jpg,Thaksin_Shinawatra_0002.jpg,0,-0.045294,Anthony_Pico,Thaksin_Shinawatra,random_negative
Rick_Stansbury_0003.jpg,Susilo_Bambang_Yudhoyono_0001.jpg,0,0.008099,Rick_Stansbury,Susilo_Bambang_Yudhoyono,random_negative
Branko_Crvenkovski_0004.jpg,Hal_Sutton_0001.jpg,0,-0.030603,Branko_Crvenkovski,Hal_Sutton,random_negative
Chris_Cirino_0001.jpg,Ralph_Sampson_0001.jpg,0,-0.035810,Chris_Cirino,Ralph_Sampson,random_negative
Fayssal_Mekdad_0001.jpg,Larry_Beinfest_0003.jpg,0,0.015996,Fayssal_Mekdad,Larry_Beinfest,random_negative
Dolly_Parton_0002.jpg,Igor_Ivanov_0001.jpg,0,-0.052361,Dolly_Parton,Igor_Ivanov,random_negative
Bill_McBride_0001.jpg,David_Bisbal_0004.jpg,0,0.093846,Bill_McBride,David_Bisbal,random_negative
Frances_Fisher_0002.jpg,Jackie_Chan_0004.jpg,0,0.048474,Frances_Fisher,Jackie_Chan,random_negative
Kevin_Spacey_0001.jpg,Pascal_Quignard_0003.jpg,0,0.096786,Kevin_Spacey,Pascal_Quignard,random_negative
Marcus_Allen_0004.jpg,Ty_Votaw_0003.jpg,0,-0.007915,Marcus_Allen,Ty_Votaw,random_negative
Don_King_0001.jpg,Glen_Sather_0004.jpg,0,0.012856,Don_King,Glen_Sather,random_negative
Kathryn_Grayson_0002.jpg,Kellie_Coffey_0003.jpg,0,-0.018155,Kathryn_Grayson,Kellie_Coffey,random_negative
Munir_Akram_0001.jpg,Robert_Mueller_0002.jpg,0,0.069402,Munir_Akram,Robert_Mueller,random_negative
Demi_Moore_0002.jpg,Tommy_Tubberville_0004.jpg,0,-0.015647,Demi_Moore,Tommy_Tubberville,random_negative
Daniel_Barenboim_0004.jpg,Jeffrey_Archer_0003.jpg,0,0.025375,Daniel_Barenboim,Jeffrey_Archer,random_negative
Alanna_Ubach_0001.jpg,TJ_Ford_0002.jpg,0,0.006040,Alanna_Ubach,TJ_Ford,random_negative
Mary_Steenburgen_0004.jpg,Valery_Giscard_dEstaing_0004.jpg,0,-0.129715,Mary_Steenburgen,Valery_Giscard_dEstaing,random_negative
Gustavo_Franco_0001.jpg,John_Swofford_0001.jpg,0,-0.027726,Gustavo_Franco,John_Swofford,random_negative
Tom_Curley_0001.jpg,Yasushi_Akashi_0001.jpg,0,-0.044529,Tom_Curley,Yasushi_Akashi,random_negative
Cameron_Diaz_0004.jpg,David_McKiernan_0001.jpg,0,-0.010656,Cameron_Diaz,David_McKiernan,random_negative
Bernard_Giraudeau_0003.jpg,Joy_Bryant_0002.jpg,0,0.048296,Bernard_Giraudeau,Joy_Bryant,random_negative
Chip_Knight_0001.jpg,Richard_Haass_0001.jpg,0,0.065355,Chip_Knight,Richard_Haass,random_negative
Jacques_Villeneuve_0004.jpg,Nia_Vardalos_0001.jpg,0,0.010243,Jacques_Villeneuve,Nia_Vardalos,random_negative
Alain_Ducasse_0001.jpg,Ismail_Cem_0001.jpg,0,0.022209,Alain_Ducasse,Ismail_Cem,random_negative
Anton_Balasingham_0003.jpg,Greg_Rusedski_0002.jpg,0,0.026398,Anton_Balasingham,Greg_Rusedski,random_negative
Randy_Dryer_0004.jpg,Tayshaun_Prince_0004.jpg,0,-0.074167,Randy_Dryer,Tayshaun_Prince,random_negative
Lindsay_Lohan_0001.jpg,Suzanne_Somers_0001.jpg,0,-0.002705,Lindsay_Lohan,Suzanne_Somers,random_negative
Atal_Bihari_Vajpayee_0001.jpg,Marcelo_Ebrard_0001.jpg,0,-0.024525,Atal_Bihari_Vajpayee,Marcelo_Ebrard,random_negative
Bilal_Erdogan_0002.jpg,Laura_Bush_0001.jpg,0,-0.030465,Bilal_Erdogan,Laura_Bush,random_negative
Katie_Wagner_0002.jpg,Strom_Thurmond_0001.jpg,0,-0.033328,Katie_Wagner,Strom_Thurmond,random_negative
Jimmy_Gobble_0001.jpg,Steve_Lavin_0001.jpg,0,-0.055686,Jimmy_Gobble,Steve_Lavin,random_negative
Kathy_Bates_0001.jpg,Shoshannah_Stern_0003.jpg,0,0.069933,Kathy_Bates,Shoshannah_Stern,random_negative
Buddy_Ryan_0001.jpg,Qian_Qichen_0003.jpg,0,-0.077382,Buddy_Ryan,Qian_Qichen,random_negative
Amy_Redford_0002.jpg,Gregorio_Honasan_0001.jpg,0,0.048051,Amy_Redford,Gregorio_Honasan,random_negative
Brian_Mulroney_0001.jpg,Petria_Thomas_0001.jpg,0,0.138217,Brian_Mulroney,Petria_Thomas,random_negative
Jennifer_Connelly_0001.jpg,Tessa_Jowell_0003.jpg,0,-0.017940,Jennifer_Connelly,Tessa_Jowell,random_negative
David_Beckham_0004.jpg,Evan_Marriott_0001.jpg,0,0.086871,David_Beckham,Evan_Marriott,random_negative
Paul_Wolfowitz_0004.jpg,Saddam_Hussein_0001.jpg,0,0.125960,Paul_Wolfowitz,Saddam_Hussein,random_negative
Coretta_Scott_King_0003.jpg,Martin_Brodeur_0002.jpg,0,-0.100039,Coretta_Scott_King,Martin_Brodeur,random_negative
Gustavo_Noboa_0001.jpg,John_Edwards_0001.jpg,0,0.073355,Gustavo_Noboa,John_Edwards,random_negative
Jennifer_Connelly_0003.jpg,Mario_Jardel_0002.jpg,0,-0.007293,Jennifer_Connelly,Mario_Jardel,random_negative
Hassan_Wirajuda_0001.jpg,Michael_Winterbottom_0004.jpg,0,-0.038561,Hassan_Wirajuda,Michael_Winterbottom,random_negative
Peter_Caruana_0001.jpg,Steven_Hatfill_0004.jpg,0,0.030045,Peter_Caruana,Steven_Hatfill,random_negative
Lleyton_Hewitt_0002.jpg,Torri_Edwards_0004.jpg,0,-0.025926,Lleyton_Hewitt,Torri_Edwards,random_negative
Kim_Dae-jung_0001.jpg,Steve_Ballmer_0003.jpg,0,0.054311,Kim_Dae-jung,Steve_Ballmer,random_negative
Lars_Von_Trier_0004.jpg,Romain_Duris_0001.jpg,0,-0.049819,Lars_Von_Trier,Romain_Duris,random_negative
Ben_Cahoon_0004.jpg,Frank_Taylor_0002.jpg,0,-0.031295,Ben_Cahoon,Frank_Taylor,random_negative
Adolfo_Aguilar_Zinser_0002.jpg,Fred_Durst_0002.jpg,0,0.107774,Adolfo_Aguilar_Zinser,Fred_Durst,random_negative
Brad_Miller_0001.jpg,Derek_Jeter_0003.jpg,0,-0.008270,Brad_Miller,Derek_Jeter,random_negative
Martin_McGuinness_0001.jpg,Mike_Leach_0004.jpg,0,0.018962,Martin_McGuinness,Mike_Leach,random_negative
Bill_Parcells_0004.jpg,Robert_Redford_0003.jpg,0,-0.025376,Bill_Parcells,Robert_Redford,random_negative
Denis_Fassou-Nguesso_0003.jpg,Kimi_Raikkonen_0002.jpg,0,-0.044595,Denis_Fassou-Nguesso,Kimi_Raikkonen,random_negative
Denys_Arcand_0004.jpg,Lincoln_Chafee_0004.jpg,0,0.085657,Denys_Arcand,Lincoln_Chafee,random_negative
Regina_Ip_0001.jpg,Rick_Perry_0002.jpg,0,0.028564,Regina_Ip,Rick_Perry,random_negative
Andrei_Konchalovsky_0001.jpg,Mark_Philippoussis_0004.jpg,0,0.130975,Andrei_Konchalovsky,Mark_Philippoussis,random_negative
Asa_Hutchinson_0002.jpg,Joe_Gatti_0003.jpg,0,-0.022338,Asa_Hutchinson,Joe_Gatti,random_negative
Mark_Geragos_0001.jpg,Stephane_Rousseau_0003.jpg,0,-0.033106,Mark_Geragos,Stephane_Rousseau,random_negative
Derrick_Battie_0001.jpg,Norm_Coleman_0001.jpg,0,0.094323,Derrick_Battie,Norm_Coleman,random_negative
Barry_Diller_0002.jpg,Troy_Garity_0001.jpg,0,-0.004570,Barry_Diller,Troy_Garity,random_negative
Oliver_Phelps_0004.jpg,Paige_Fitzgerald_0002.jpg,0,-0.025139,Oliver_Phelps,Paige_Fitzgerald,random_negative
Didier_Defago_0002.jpg,Matthew_Perry_0001.jpg,0,-0.049369,Didier_Defago,Matthew_Perry,random_negative
Jeffrey_Immelt_0001.jpg,Kathryn_Grayson_0003.jpg,0,0.016056,Jeffrey_Immelt,Kathryn_Grayson,random_negative
Carolina_Barco_0003.jpg,Marcelo_Rios_0004.jpg,0,-0.090912,Carolina_Barco,Marcelo_Rios,random_negative
Augusto_Roa_Bastos_0004.jpg,Nuon_Chea_0001.jpg,0,-0.066622,Augusto_Roa_Bastos,Nuon_Chea,random_negative
Fred_Durst_0002.jpg,Otto_Reich_0001.jpg,0,-0.054726,Fred_Durst,Otto_Reich,random_negative
Fidel_Castro_0001.jpg,King_Gyanendra_0001.jpg,0,-0.105899,Fidel_Castro,King_Gyanendra,random_negative
Felix_Sanchez_0001.jpg,Pat_Riley_0003.jpg,0,0.030331,Felix_Sanchez,Pat_Riley,random_negative
Baburam_Bhattari_0002.jpg,Jayson_Williams_0003.jpg,0,0.022699,Baburam_Bhattari,Jayson_Williams,random_negative
Catriona_Le_May_Doan_0002.jpg,Paris_Hilton_0003.jpg,0,-0.052454,Catriona_Le_May_Doan,Paris_Hilton,random_negative
Muhammad_Saeed_al-Sahhaf_0004.jpg,Oswald_Gruebel_0001.jpg,0,0.077181,Muhammad_Saeed_al-Sahhaf,Oswald_Gruebel,random_negative
Chuck_Amato_0002.jpg,Raul_Gonzalez_0003.jpg,0,-0.072241,Chuck_Amato,Raul_Gonzalez,random_negative
Roy_Rogers_0001.jpg,Sonya_Walger_0002.jpg,0,0.033697,Roy_Rogers,Sonya_Walger,random_negative
Fred_Eckhard_0002.jpg,Mike_Scioscia_0001.jpg,0,-0.068736,Fred_Eckhard,Mike_Scioscia,random_negative
Brian_Wells_0001.jpg,MC_Hammer_0004.jpg,0,-0.021853,Brian_Wells,MC_Hammer,random_negative
Alanna_Ubach_0002.jpg,Chung_Mong-joon_0002.jpg,0,0.008990,Alanna_Ubach,Chung_Mong-joon,random_negative
Paul_Newman_0002.jpg,Tayshaun_Prince_0004.jpg,0,-0.063962,Paul_Newman,Tayshaun_Prince,random_negative
Hans_Blix_0001.jpg,Jack_Welch_0001.jpg,0,0.091726,Hans_Blix,Jack_Welch,random_negative
Christine_Arron_0001.jpg,Lubomir_Zaoralek_0004.jpg,0,0.051877,Christine_Arron,Lubomir_Zaoralek,random_negative
Dennis_Kucinich_0001.jpg,Derek_Jeter_0001.jpg,0,0.010693,Dennis_Kucinich,Derek_Jeter,random_negative
Elisabeth_Welch_0004.jpg,Jason_Vale_0002.jpg,0,-0.120268,Elisabeth_Welch,Jason_Vale,random_negative
Bridgette_Wilson-Sampras_0004.jpg,Jorge_Moreno_0001.jpg,0,0.048039,Bridgette_Wilson-Sampras,Jorge_Moreno,random_negative
Mary_Elizabeth_Mastrantonio_0001.jpg,Mstislav_Rostropovich_0001.jpg,0,0.107129,Mary_Elizabeth_Mastrantonio,Mstislav_Rostropovich,random_negative
Andrew_Niccol_0002.jpg,Nestor_Kirchner_0002.jpg,0,-0.024648,Andrew_Niccol,Nestor_Kirchner,random_negative
Kjell_Magne_Bondevik_0003.jpg,Max_Mosley_0002.jpg,0,-0.005734,Kjell_Magne_Bondevik,Max_Mosley,random_negative
Jose_Jose_0003.jpg,Winona_Ryder_0002.jpg,0,0.013448,Jose_Jose,Winona_Ryder,random_negative
JK_Rowling_0003.jpg,Kareena_Kapoor_0004.jpg,0,0.082845,JK_Rowling,Kareena_Kapoor,random_negative
Gustavo_Noboa_0002.jpg,Liza_Minnelli_0003.jpg,0,-0.069716,Gustavo_Noboa,Liza_Minnelli,random_negative
Alvaro_Uribe_0004.jpg,Ashton_Kutcher_0004.jpg,0,0.078878,Alvaro_Uribe,Ashton_Kutcher,random_negative
Mary_Blige_0001.jpg,Ronald_Harwood_0004.jpg,0,-0.004616,Mary_Blige,Ronald_Harwood,random_negative
Denis_Fassou-Nguesso_0001.jpg,Gong_Ruina_0004.jpg,0,-0.031640,Denis_Fassou-Nguesso,Gong_Ruina,random_negative
Christina_Aguilera_0004.jpg,John_Jumper_0003.jpg,0,-0.023629,Christina_Aguilera,John_Jumper,random_negative
Isabelle_Huppert_0002.jpg,Roy_Rogers_0004.jpg,0,-0.072747,Isabelle_Huppert,Roy_Rogers,random_negative
Edward_Kennedy_0004.jpg,Tom_Poston_0001.jpg,0,-0.014360,Edward_Kennedy,Tom_Poston,random_negative
Charlie_Zaa_0001.jpg,Terry_McAuliffe_0003.jpg,0,-0.055971,Charlie_Zaa,Terry_McAuliffe,random_negative
Henri_Proglio_0003.jpg,Moshe_Katsav_0002.jpg,0,-0.051928,Henri_Proglio,Moshe_Katsav,random_negative
Lon_Kruger_0003.jpg,Roger_Machado_0001.jpg,0,0.038817,Lon_Kruger,Roger_Machado,random_negative
Branko_Crvenkovski_0002.jpg,Hector_Babenco_0001.jpg,0,0.017273,Branko_Crvenkovski,Hector_Babenco,random_negative
Melvin_Talbert_0003.jpg,Pedro_Almodovar_0001.jpg,0,0.019051,Melvin_Talbert,Pedro_Almodovar,random_negative
Derek_Jeter_0003.jpg,Rick_Carlisle_0001.jpg,0,-0.091638,Derek_Jeter,Rick_Carlisle,random_negative
Adrian_Annus_0001.jpg,Sammy_Sosa_0002.jpg,0,0.009544,Adrian_Annus,Sammy_Sosa,random_negative
Billy_Beane_0002.jpg,Kevin_Borseth_0004.jpg,0,0.034621,Billy_Beane,Kevin_Borseth,random_negative
Pete_Sampras_0001.jpg,Tiger_Woods_0001.jpg,0,-0.079208,Pete_Sampras,Tiger_Woods,random_negative
Bison_Dele_0002.jpg,Robin_Williams_0001.jpg,0,-0.004875,Bison_Dele,Robin_Williams,random_negative
David_Nalbandian_0002.jpg,Wycliffe_Grousbeck_0004.jpg,0,0.106673,David_Nalbandian,Wycliffe_Grousbeck,random_negative
Benito_Santiago_0001.jpg,Laura_Schlessinger_0004.jpg,0,0.012765,Benito_Santiago,Laura_Schlessinger,random_negative
Don_Henley_0004.jpg,Guillaume_Soro_0001.jpg,0,-0.044943,Don_Henley,Guillaume_Soro,random_negative
Lauren_Hutton_0003.jpg,Serena_Williams_0002.jpg,0,-0.098931,Lauren_Hutton,Serena_Williams,random_negative
Jose_Woldenberg_0004.jpg,Paul_Clark_0002.jpg,0,0.007011,Jose_Woldenberg,Paul_Clark,random_negative
Jennifer_Tilly_0004.jpg,Sharon_Frey_0001.jpg,0,-0.061507,Jennifer_Tilly,Sharon_Frey,random_negative
Stephen_Friedman_0003.jpg,William_Macy_0002.jpg,0,0.053948,Stephen_Friedman,William_Macy,random_negative
Kathleen_Kennedy_Townsend_0004.jpg,Roberto_Canessa_0001.jpg,0,-0.033482,Kathleen_Kennedy_Townsend,Roberto_Canessa,random_negative
Jim_Bollman_0002.jpg,Michael_Hagee_0001.jpg,0,-0.064839,Jim_Bollman,Michael_Hagee,random_negative
Leland_Chapman_0002.jpg,Tom_Curley_0002.jpg,0,0.054475,Leland_Chapman,Tom_Curley,random_negative
Jules_Asner_0003.jpg,Shawn_Bradley_0001.jpg,0,-0.012829,Jules_Asner,Shawn_Bradley,random_negative
Carly_Fiorina_0001.jpg,Gary_Marshall_0001.jpg,0,0.043061,Carly_Fiorina,Gary_Marshall,random_negative
Boris_Becker_0002.jpg,Paul_Vathis_0001.jpg,0,-0.084006,Boris_Becker,Paul_Vathis,random_negative
Shi_Guangsheng_0004.jpg,Woody_Allen_0001.jpg,0,0.051388,Shi_Guangsheng,Woody_Allen,random_negative
Laura_Ziskin_0001.jpg,Rich_Brooks_0004.jpg,0,0.084868,Laura_Ziskin,Rich_Brooks,random_negative
Biljana_Plavsic_0002.jpg,MC_Hammer_0001.jpg,0,-0.175705,Biljana_Plavsic,MC_Hammer,random_negative
Dunn_Lampton_0002.jpg,Hillary_Clinton_0001.jpg,0,-0.049197,Dunn_Lampton,Hillary_Clinton,random_negative
Amanda_Coetzer_0003.jpg,Tanya_Lindenmuth_0002.jpg,0,0.025393,Amanda_Coetzer,Tanya_Lindenmuth,random_negative
Ben_Lee_0001.jpg,Joan_Claybrook_0001.jpg,0,-0.029876,Ben_Lee,Joan_Claybrook,random_negative
Charlotte_Church_0001.jpg,Dan_Guerrero_0001.jpg,0,0.021413,Charlotte_Church,Dan_Guerrero,random_negative
Ben_Howland_0001.jpg,Robert_Mueller_0002.jpg,0,0.042708,Ben_Howland,Robert_Mueller,random_negative
Marsha_Sharp_0001.jpg,Oliver_Neuville_0001.jpg,0,-0.091676,Marsha_Sharp,Oliver_Neuville,random_negative
Adam_Mair_0001.jpg,Carson_Daly_0002.jpg,0,0.114883,Adam_Mair,Carson_Daly,random_negative
Heidi_Klum_0004.jpg,Wesley_Clark_0001.jpg,0,-0.076360,Heidi_Klum,Wesley_Clark,random_negative
Craig_Morgan_0003.jpg,Lord_Hutton_0004.jpg,0,0.046052,Craig_Morgan,Lord_Hutton,random_negative
Ariel_Sharon_0004.jpg,Hosni_Mubarak_0001.jpg,0,0.053876,Ariel_Sharon,Hosni_Mubarak,random_negative
Coretta_Scott_King_0002.jpg,Mo_Elleithee_0001.jpg,0,0.006909,Coretta_Scott_King,Mo_Elleithee,random_negative
Helen_Clark_0001.jpg,Kenneth_Bowersox_0002.jpg,0,-0.035964,Helen_Clark,Kenneth_Bowersox,random_negative
Antonio_Banderas_0001.jpg,Iva_Majoli_0004.jpg,0,0.038755,Antonio_Banderas,Iva_Majoli,random_negative
Daniel_Coats_0002.jpg,Hassan_Nasrallah_0001.jpg,0,0.063349,Daniel_Coats,Hassan_Nasrallah,random_negative
Rachel_Leigh_Cook_0002.jpg,Zurab_Tsereteli_0001.jpg,0,-0.046734,Rachel_Leigh_Cook,Zurab_Tsereteli,random_negative
Mary_Steenburgen_0004.jpg,Neri_Marcore_0002.jpg,0,0.029420,Mary_Steenburgen,Neri_Marcore,random_negative
Ajit_Agarkar_0002.jpg,Robert_Redford_0004.jpg,0,-0.044060,Ajit_Agarkar,Robert_Redford,random_negative
Lee_Chang-dong_0002.jpg,Nestor_Kirchner_0003.jpg,0,0.007994,Lee_Chang-dong,Nestor_Kirchner,random_negative
King_Abdullah_II_0002.jpg,Yu_Shyi-kun_0001.jpg,0,-0.097094,King_Abdullah_II,Yu_Shyi-kun,random_negative
Joschka_Fischer_0003.jpg,Jose_Carlo_Fernandez_0001.jpg,0,0.087334,Joschka_Fischer,Jose_Carlo_Fernandez,random_negative
Michael_Chiklis_0001.jpg,Robert_Tyrrell_0002.jpg,0,0.072276,Michael_Chiklis,Robert_Tyrrell,random_negative
Lindsay_Benko_0002.jpg,Rodney_Dangerfield_0001.jpg,0,-0.010220,Lindsay_Benko,Rodney_Dangerfield,random_negative
John_Warner_0002.jpg,Roy_Romanow_0003.jpg,0,-0.040019,John_Warner,Roy_Romanow,random_negative
Lidija_Djukanovic_0001.jpg,Steve_Waugh_0004.jpg,0,-0.020783,Lidija_Djukanovic,Steve_Waugh,random_negative
Edwina_Currie_0002.jpg,Paul_Tracy_0001.jpg,0,0.065987,Edwina_Currie,Paul_Tracy,random_negative
Chris_Tucker_0004.jpg,Khalid_Qazi_0002.jpg,0,0.027099,Chris_Tucker,Khalid_Qazi,random_negative
Pyar_Jung_Thapa_0001.jpg,Sushma_Swaraj_0002.jpg,0,0.034147,Pyar_Jung_Thapa,Sushma_Swaraj,random_negative
Gerald_Ford_0001.jpg,John_Allen_Muhammad_0001.jpg,0,-0.045138,Gerald_Ford,John_Allen_Muhammad,random_negative
Evelyn_Lauder_0003.jpg,Frank_Griswold_0001.jpg,0,-0.002354,Evelyn_Lauder,Frank_Griswold,random_negative
Donald_Evans_0003.jpg,Marcus_Gronholm_0002.jpg,0,-0.029274,Donald_Evans,Marcus_Gronholm,random_negative
Celine_Dion_0004.jpg,Kirk_Ferentz_0004.jpg,0,-0.017961,Celine_Dion,Kirk_Ferentz,random_negative
Alexander_Rumyantsev_0001.jpg,Vagit_Alekperov_0004.jpg,0,0.150138,Alexander_Rumyantsev,Vagit_Alekperov,random_negative
Maribel_Dominguez_0004.jpg,Nancy_Pelosi_0003.jpg,0,0.022851,Maribel_Dominguez,Nancy_Pelosi,random_negative
Goldie_Hawn_0001.jpg,Jose_Santos_0001.jpg,0,-0.046169,Goldie_Hawn,Jose_Santos,random_negative
Dario_Franchitti_0004.jpg,Kathryn_Morris_0002.jpg,0,0.034207,Dario_Franchitti,Kathryn_Morris,random_negative
Emma_Thompson_0001.jpg,Pierre_Lacroix_0003.jpg,0,0.104273,Emma_Thompson,Pierre_Lacroix,random_negative
Hong_Myung_0004.jpg,Lennox_Lewis_0004.jpg,0,0.026475,Hong_Myung,Lennox_Lewis,random_negative
Marcelo_Ebrard_0001.jpg,Steve_Nash_0004.jpg,0,-0.079769,Marcelo_Ebrard,Steve_Nash,random_negative
Thomas_Bjorn_0001.jpg,Yoko_Ono_0004.jpg,0,-0.084150,Thomas_Bjorn,Yoko_Ono,random_negative
Matthew_Vaughan_0003.jpg,Zhang_Yimou_0004.jpg,0,0.098923,Matthew_Vaughan,Zhang_Yimou,random_negative
Adam_Kennedy_0002.jpg,Liza_Minnelli_0002.jpg,0,0.026464,Adam_Kennedy,Liza_Minnelli,random_negative
John_Cusack_0004.jpg,Tom_Craddick_0004.jpg,0,-0.087681,John_Cusack,Tom_Craddick,random_negative
Chung_Mong-joon_0001.jpg,Nastassia_Kinski_0002.jpg,0,0.038511,Chung_Mong-joon,Nastassia_Kinski,random_negative
John_Tyson_0001.jpg,Princess_Caroline_0002.jpg,0,-0.096910,John_Tyson,Princess_Caroline,random_negative
John_Henry_0002.jpg,Jose_Maria_Aznar_0001.jpg,0,0.009019,John_Henry,Jose_Maria_Aznar,random_negative
Cristian_Barros_0001.jpg,John_Howard_0002.jpg,0,-0.069489,Cristian_Barros,John_Howard,random_negative
Michael_Ballack_0002.jpg,Sally_Field_0002.jpg,0,-0.072548,Michael_Ballack,Sally_Field,random_negative
Cynthia_Rowley_0001.jpg,Michael_Winterbottom_0001.jpg,0,0.012853,Cynthia_Rowley,Michael_Winterbottom,random_negative
Adrian_Fernandez_0003.jpg,Ajit_Agarkar_0001.jpg,0,-0.083066,Adrian_Fernandez,Ajit_Agarkar,random_negative
Jose_Miguel_Aleman_0002.jpg,Kelly_Osbourne_0001.jpg,0,-0.011410,Jose_Miguel_Aleman,Kelly_Osbourne,random_negative
James_Wattana_0003.jpg,Tsutomu_Takebe_0001.jpg,0,-0.017001,James_Wattana,Tsutomu_Takebe,random_negative
Gary_Condit_0004.jpg,Michael_Douglas_0003.jpg,0,0.150290,Gary_Condit,Michael_Douglas,random_negative
Kurt_Russell_0001.jpg,Svend_Robinson_0003.jpg,0,-0.010880,Kurt_Russell,Svend_Robinson,random_negative
Liu_Mingkang_0002.jpg,Randall_Tobias_0003.jpg,0,-0.004892,Liu_Mingkang,Randall_Tobias,random_negative
Angela_Bassett_0004.jpg,Richard_Crenna_0003.jpg,0,-0.036937,Angela_Bassett,Richard_Crenna,random_negative
Pat_Cox_0003.jpg,Stella_McCartney_0001.jpg,0,-0.027714,Pat_Cox,Stella_McCartney,random_negative
Raf_Vallone_0001.jpg,Wycliffe_Grousbeck_0001.jpg,0,-0.018841,Raf_Vallone,Wycliffe_Grousbeck,random_negative
MC_Hammer_0003.jpg,Marisa_Tomei_0002.jpg,0,0.004215,MC_Hammer,Marisa_Tomei,random_negative
Gary_Sayler_0001.jpg,Robert_Nardelli_0002.jpg,0,0.051382,Gary_Sayler,Robert_Nardelli,random_negative
Gerard_de_Cortanze_0001.jpg,Michael_Dell_0002.jpg,0,0.049306,Gerard_de_Cortanze,Michael_Dell,random_negative
Iveta_Benesova_0003.jpg,Yann_Martel_0004.jpg,0,0.036617,Iveta_Benesova,Yann_Martel,random_negative
Du_Qinglin_0001.jpg,Horacio_Julio_Pina_0002.jpg,0,0.019776,Du_Qinglin,Horacio_Julio_Pina,random_negative
Brad_Gushue_0001.jpg,Torri_Edwards_0002.jpg,0,0.014635,Brad_Gushue,Torri_Edwards,random_negative
Federico_Trillo_0002.jpg,Steve_Redgrave_0001.jpg,0,0.033598,Federico_Trillo,Steve_Redgrave,random_negative
John_Danforth_0001.jpg,Lino_Oviedo_0001.jpg,0,-0.060544,John_Danforth,Lino_Oviedo,random_negative
Angela_Alvarado_Rosa_0003.jpg,Iain_Duncan_Smith_0002.jpg,0,0.032510,Angela_Alvarado_Rosa,Iain_Duncan_Smith,random_negative
Carlo_Ancelotti_0003.jpg,Joshua_Gracin_0002.jpg,0,-0.048948,Carlo_Ancelotti,Joshua_Gracin,random_negative
Norman_Mailer_0001.jpg,Pauley_Perrette_0001.jpg,0,-0.007168,Norman_Mailer,Pauley_Perrette,random_negative
Alastair_Campbell_0003.jpg,Yuvraj_Singh_0001.jpg,0,-0.036803,Alastair_Campbell,Yuvraj_Singh,random_negative
Ana_Palacio_0001.jpg,Kaspar_Villiger_0004.jpg,0,0.017708,Ana_Palacio,Kaspar_Villiger,random_negative
Hitomi_Soga_0001.jpg,Stan_Heath_0001.jpg,0,0.080836,Hitomi_Soga,Stan_Heath,random_negative
Hugh_Carey_0003.jpg,Michael_Douglas_0002.jpg,0,0.061901,Hugh_Carey,Michael_Douglas,random_negative
Nobuyuki_Idei_0003.jpg,Wen_Jiabao_0002.jpg,0,-0.060478,Nobuyuki_Idei,Wen_Jiabao,random_negative
Christine_Gregoire_0003.jpg,Tiago_Splitter_0003.jpg,0,0.021679,Christine_Gregoire,Tiago_Splitter,random_negative
Gregorio_Honasan_0001.jpg,John_Cusack_0001.jpg,0,-0.094722,Gregorio_Honasan,John_Cusack,random_negative
Gregory_Geoffroy_0004.jpg,Lance_Armstrong_0002.jpg,0,-0.080140,Gregory_Geoffroy,Lance_Armstrong,random_negative
Princess_Elisabeth_0002.jpg,Robbie_Williams_0003.jpg,0,-0.104802,Princess_Elisabeth,Robbie_Williams,random_negative
Bono_0001.jpg,Juan_Antonio_Samaranch_0004.jpg,0,-0.013849,Bono,Juan_Antonio_Samaranch,random_negative
Jimmy_Carter_0002.jpg,Patty_Schnyder_0001.jpg,0,-0.006436,Jimmy_Carter,Patty_Schnyder,random_negative
Asmaa_Assad_0001.jpg,Garry_Kasparov_0002.jpg,0,-0.117830,Asmaa_Assad,Garry_Kasparov,random_negative
Michael_Chang_0001.jpg,Tom_DeLay_0004.jpg,0,0.018716,Michael_Chang,Tom_DeLay,random_negative
George_Tenet_0001.jpg,Koji_Uehara_0002.jpg,0,-0.000509,George_Tenet,Koji_Uehara,random_negative
Luciano_Pavarotti_0004.jpg,Robby_Ginepri_0003.jpg,0,0.068124,Luciano_Pavarotti,Robby_Ginepri,random_negative
Andre_Agassi_0003.jpg,Andrew_Weissmann_0002.jpg,0,0.085937,Andre_Agassi,Andrew_Weissmann,random_negative
Anthony_Ervin_0004.jpg,Carson_Daly_0001.jpg,0,-0.011832,Anthony_Ervin,Carson_Daly,random_negative
Celia_Cruz_0001.jpg,Chris_Cornell_0001.jpg,0,-0.056891,Celia_Cruz,Chris_Cornell,random_negative
Michael_Haneke_0004.jpg,Sheila_Fraser_0003.jpg,0,0.042124,Michael_Haneke,Sheila_Fraser,random_negative
Diane_Lane_0001.jpg,Drew_Gooden_0001.jpg,0,0.004497,Diane_Lane,Drew_Gooden,random_negative
Jamie_Kellner_0002.jpg,Miyako_Miyazaki_0001.jpg,0,0.144847,Jamie_Kellner,Miyako_Miyazaki,random_negative
Michael_Hagee_0002.jpg,Steve_Coogan_0004.jpg,0,0.077605,Michael_Hagee,Steve_Coogan,random_negative
Eric_Hinske_0004.jpg,Wu_Yi_0001.jpg,0,-0.026658,Eric_Hinske,Wu_Yi,random_negative
Eduardo_Romero_0001.jpg,Katie_Couric_0004.jpg,0,-0.072431,Eduardo_Romero,Katie_Couric,random_negative
Joe_Mantello_0001.jpg,John_Robbins_0003.jpg,0,-0.021425,Joe_Mantello,John_Robbins,random_negative
Jeb_Bush_0003.jpg,Jeremy_Shockey_0001.jpg,0,0.137140,Jeb_Bush,Jeremy_Shockey,random_negative
Ben_Kingsley_0001.jpg,Brendan_Hansen_0004.jpg,0,0.078468,Ben_Kingsley,Brendan_Hansen,random_negative
Robert_Mugabe_0002.jpg,Wayne_Gretzky_0003.jpg,0,0.027460,Robert_Mugabe,Wayne_Gretzky,random_negative
Donatella_Versace_0002.jpg,Jan_Ullrich_0004.jpg,0,0.028402,Donatella_Versace,Jan_Ullrich,random_negative
Nikki_Cascone_0002.jpg,Stacey_Dales-Schuman_0002.jpg,0,-0.083035,Nikki_Cascone,Stacey_Dales-Schuman,random_negative
Coretta_Scott_King_0002.jpg,Liu_Ye_0001.jpg,0,0.058778,Coretta_Scott_King,Liu_Ye,random_negative
Justin_Timberlake_0001.jpg,Mohamed_Hammam_0001.jpg,0,0.021832,Justin_Timberlake,Mohamed_Hammam,random_negative
Kaisser_Bazan_0001.jpg,Micky_Ward_0003.jpg,0,0.053745,Kaisser_Bazan,Micky_Ward,random_negative
Bilal_Erdogan_0002.jpg,Jules_Asner_0002.jpg,0,-0.090547,Bilal_Erdogan,Jules_Asner,random_negative
Jesse_Ventura_0004.jpg,Louisa_Baileche_0002.jpg,0,0.035992,Jesse_Ventura,Louisa_Baileche,random_negative
Hermogenes_Ebdane_Jr_0003.jpg,Marion_Barry_0002.jpg,0,-0.095517,Hermogenes_Ebdane_Jr,Marion_Barry,random_negative
Lisa_Stone_0001.jpg,Roy_Halladay_0004.jpg,0,0.014611,Lisa_Stone,Roy_Halladay,random_negative
Brad_Gushue_0004.jpg,Jessica_Biel_0001.jpg,0,-0.049148,Brad_Gushue,Jessica_Biel,random_negative
Carlton_Dotson_0002.jpg,Mark_Swartz_0002.jpg,0,-0.015285,Carlton_Dotson,Mark_Swartz,random_negative
Horst_Koehler_0002.jpg,Peri_Gilpin_0004.jpg,0,-0.031948,Horst_Koehler,Peri_Gilpin,random_negative
Paul_Johnson_0002.jpg,Warren_Truss_0001.jpg,0,0.007672,Paul_Johnson,Warren_Truss,random_negative
Edmund_Stoiber_0001.jpg,Steven_Feldman_0004.jpg,0,0.028512,Edmund_Stoiber,Steven_Feldman,random_negative
Sean_Hayes_0001.jpg,Wes_Craven_0003.jpg,0,-0.082464,Sean_Hayes,Wes_Craven,random_negative
Edward_Lu_0001.jpg,Nicolas_Escude_0002.jpg,0,-0.016968,Edward_Lu,Nicolas_Escude,random_negative
Saburo_Kawabuchi_0001.jpg,Scott_Rudin_0001.jpg,0,0.062705,Saburo_Kawabuchi,Scott_Rudin,random_negative
Hasan_Wirayuda_0004.jpg,Tsutomu_Takebe_0001.jpg,0,-0.010784,Hasan_Wirayuda,Tsutomu_Takebe,random_negative
Marc-Andre_Fleury_0001.jpg,Richard_Branson_0001.jpg,0,-0.006159,Marc-Andre_Fleury,Richard_Branson,random_negative
Nicanor_Duarte_Frutos_0001.jpg,Robert_Redford_0001.jpg,0,0.097897,Nicanor_Duarte_Frutos,Robert_Redford,random_negative
Alessandro_Nesta_0003.jpg,Isaiah_Washington_0001.jpg,0,-0.002142,Alessandro_Nesta,Isaiah_Washington,random_negative
Gregorio_Honasan_0002.jpg,Maria_Luisa_Mendonca_0001.jpg,0,0.027867,Gregorio_Honasan,Maria_Luisa_Mendonca,random_negative
Ciro_Gomes_0001.jpg,Marina_Kuptsova_0001.jpg,0,0.025015,Ciro_Gomes,Marina_Kuptsova,random_negative
Aaron_Eckhart_0001.jpg,Gerald_Riley_0002.jpg,0,0.019094,Aaron_Eckhart,Gerald_Riley,random_negative
Heizo_Takenaka_0001.jpg,Mark_Geragos_0001.jpg,0,-0.042467,Heizo_Takenaka,Mark_Geragos,random_negative
Charles_Tannok_0002.jpg,Larry_Beinfest_0001.jpg,0,-0.004512,Charles_Tannok,Larry_Beinfest,random_negative
Colin_Farrell_0004.jpg,Peter_Chan_0002.jpg,0,0.009047,Colin_Farrell,Peter_Chan,random_negative
Jane_Kaczmarek_0004.jpg,Mariano_Zabaleta_0004.jpg,0,-0.042144,Jane_Kaczmarek,Mariano_Zabaleta,random_negative
David_Beckham_0001.jpg,Wayne_Gretzky_0004.jpg,0,0.060811,David_Beckham,Wayne_Gretzky,random_negative
Emma_Thompson_0004.jpg,Tom_Vilsack_0001.jpg,0,-0.045381,Emma_Thompson,Tom_Vilsack,random_negative
Curtis_Joseph_0004.jpg,Sammy_Sosa_0002.jpg,0,-0.096306,Curtis_Joseph,Sammy_Sosa,random_negative
Tammy_Lynn_Michaels_0002.jpg,Terry_Stotts_0001.jpg,0,0.023897,Tammy_Lynn_Michaels,Terry_Stotts,random_negative
Gwendal_Peizerat_0001.jpg,Lynne_Thigpen_0004.jpg,0,-0.055366,Gwendal_Peizerat,Lynne_Thigpen,random_negative
Doris_Schroeder_0003.jpg,Gil_de_Ferran_0004.jpg,0,-0.004109,Doris_Schroeder,Gil_de_Ferran,random_negative
Jude_Law_0001.jpg,Ruth_Pearce_0002.jpg,0,-0.047394,Jude_Law,Ruth_Pearce,random_negative
Asa_Hutchinson_0001.jpg,Judi_Dench_0003.jpg,0,-0.005133,Asa_Hutchinson,Judi_Dench,random_negative
Alex_Penelas_0002.jpg,Steve_Patterson_0002.jpg,0,0.095150,Alex_Penelas,Steve_Patterson,random_negative
Jesse_James_Leija_0001.jpg,Kamal_Kharrazi_0002.jpg,0,-0.035429,Jesse_James_Leija,Kamal_Kharrazi,random_negative
Bob_Hartley_0004.jpg,Taufik_Hidayat_0002.jpg,0,0.076275,Bob_Hartley,Taufik_Hidayat,random_negative
Edward_Johnson_0001.jpg,Jamir_Miller_0002.jpg,0,0.017720,Edward_Johnson,Jamir_Miller,random_negative
Dwayne_Wade_0002.jpg,Roy_Halladay_0001.jpg,0,0.013693,Dwayne_Wade,Roy_Halladay,random_negative
Ernie_Eves_0001.jpg,Frances_Fisher_0004.jpg,0,0.031648,Ernie_Eves,Frances_Fisher,random_negative
Adam_Mair_0002.jpg,Steven_Feldman_0004.jpg,0,0.069118,Adam_Mair,Steven_Feldman,random_negative
Baburam_Bhattari_0001.jpg,Sanjay_Gupta_0001.jpg,0,-0.010612,Baburam_Bhattari,Sanjay_Gupta,random_negative
Grady_Little_0001.jpg,Mikulas_Dzurinda_0003.jpg,0,-0.136632,Grady_Little,Mikulas_Dzurinda,random_negative
Ibrahim_Al-Marashi_0002.jpg,Tony_Shalhoub_0004.jpg,0,-0.028748,Ibrahim_Al-Marashi,Tony_Shalhoub,random_negative
David_Nalbandian_0002.jpg,Princess_Caroline_0003.jpg,0,-0.035034,David_Nalbandian,Princess_Caroline,random_negative
Kofi_Annan_0002.jpg,Stanley_Tong_0002.jpg,0,0.048000,Kofi_Annan,Stanley_Tong,random_negative
Janine_Pietsch_0004.jpg,Svend_Aage_Jensby_0001.jpg,0,-0.083826,Janine_Pietsch,Svend_Aage_Jensby,random_negative
Hillary_Clinton_0003.jpg,Shinzo_Abe_0001.jpg,0,0.017496,Hillary_Clinton,Shinzo_Abe,random_negative
Enrica_Fico_0001.jpg,Tommy_Haas_0002.jpg,0,0.051286,Enrica_Fico,Tommy_Haas,random_negative
George_Pataki_0002.jpg,Steve_Alford_0001.jpg,0,0.020385,George_Pataki,Steve_Alford,random_negative
Frank_Taylor_0001.jpg,Rob_Niedermayer_0004.jpg,0,0.008112,Frank_Taylor,Rob_Niedermayer,random_negative
Nelson_Acosta_0001.jpg,Vicente_Fernandez_0001.jpg,0,-0.058348,Nelson_Acosta,Vicente_Fernandez,random_negative
Anna_Nicole_Smith_0004.jpg,Caio_Blat_0001.jpg,0,-0.053651,Anna_Nicole_Smith,Caio_Blat,random_negative
Ana_Claudia_Talancon_0002.jpg,Zurab_Tsereteli_0001.jpg,0,-0.053318,Ana_Claudia_Talancon,Zurab_Tsereteli,random_negative
Martin_Verkerk_0001.jpg,Melissa_Stark_0004.jpg,0,-0.061049,Martin_Verkerk,Melissa_Stark,random_negative
Alina_Kabaeva_0002.jpg,Robin_Wright_Penn_0001.jpg,0,-0.073729,Alina_Kabaeva,Robin_Wright_Penn,random_negative
Bartosz_Kizierowski_0001.jpg,Lennox_Lewis_0004.jpg,0,0.082884,Bartosz_Kizierowski,Lennox_Lewis,random_negative
David_Beckham_0003.jpg,Justin_Timberlake_0002.jpg,0,-0.031840,David_Beckham,Justin_Timberlake,random_negative
Elijah_Wood_0004.jpg,Jerry_Jones_0002.jpg,0,0.012684,Elijah_Wood,Jerry_Jones,random_negative
Francisco_Flores_0001.jpg,Lord_Hutton_0004.jpg,0,-0.023136,Francisco_Flores,Lord_Hutton,random_negative
Juliette_Binoche_0001.jpg,Raja_Zafar-ul-Haq_0001.jpg,0,-0.090077,Juliette_Binoche,Raja_Zafar-ul-Haq,random_negative
Chip_Knight_0001.jpg,Victor_Garber_0001.jpg,0,-0.086117,Chip_Knight,Victor_Garber,random_negative
Ben_Stein_0004.jpg,Tony_Parker_0002.jpg,0,0.017286,Ben_Stein,Tony_Parker,random_negative
Paradorn_Srichaphan_0002.jpg,Randy_Johnson_0001.jpg,0,0.003345,Paradorn_Srichaphan,Randy_Johnson,random_negative
Gary_Forsee_0001.jpg,Tian_Zhuang_Zhuang_0004.jpg,0,-0.109653,Gary_Forsee,Tian_Zhuang_Zhuang,random_negative
Andy_Benes_0003.jpg,Augusto_Roa_Bastos_0001.jpg,0,-0.019285,Andy_Benes,Augusto_Roa_Bastos,random_negative
Bijan_Darvish_0002.jpg,Shawn_Bradley_0004.jpg,0,0.020223,Bijan_Darvish,Shawn_Bradley,random_negative
Nikki_Reed_0002.jpg,Susan_Collins_0004.jpg,0,-0.094925,Nikki_Reed,Susan_Collins,random_negative
James_Cameron_0004.jpg,John_Ashcroft_0001.jpg,0,0.098048,James_Cameron,John_Ashcroft,random_negative
Richard_Crenna_0001.jpg,Tom_Hanks_0002.jpg,0,0.106571,Richard_Crenna,Tom_Hanks,random_negative
Brajesh_Mishra_0001.jpg,Munir_Akram_0003.jpg,0,-0.033248,Brajesh_Mishra,Munir_Akram,random_negative
Roy_Chaderton_0004.jpg,Vicente_Fox_0003.jpg,0,0.000158,Roy_Chaderton,Vicente_Fox,random_negative
Humberto_Coelho_0001.jpg,Wolfgang_Clement_0004.jpg,0,-0.043548,Humberto_Coelho,Wolfgang_Clement,random_negative
Edward_Egan_0002.jpg,Luiz_Felipe_Scolari_0001.jpg,0,-0.079277,Edward_Egan,Luiz_Felipe_Scolari,random_negative
Dita_Von_Tesse_0002.jpg,Johnny_Benson_0001.jpg,0,-0.094313,Dita_Von_Tesse,Johnny_Benson,random_negative
Fujio_Cho_0001.jpg,Sharon_Stone_0002.jpg,0,-0.123915,Fujio_Cho,Sharon_Stone,random_negative
Haydar_Aliyev_0003.jpg,Lloyd_Ward_0003.jpg,0,0.011228,Haydar_Aliyev,Lloyd_Ward,random_negative
Mauricio_Pochetino_0001.jpg,Tom_Watson_0001.jpg,0,0.048509,Mauricio_Pochetino,Tom_Watson,random_negative
Alberto_Sordi_0001.jpg,Wang_Nan_0002.jpg,0,-0.077412,Alberto_Sordi,Wang_Nan,random_negative
Javier_Solana_0002.jpg,Sean_Astin_0002.jpg,0,0.030285,Javier_Solana,Sean_Astin,random_negative
Abdullah_Gul_0003.jpg,John_F_Kennedy_Jr_0002.jpg,0,0.066966,Abdullah_Gul,John_F_Kennedy_Jr,random_negative
Carl_Reiner_0001.jpg,Omar_Vizquel_0004.jpg,0,-0.027488,Carl_Reiner,Omar_Vizquel,random_negative
Lori_Berenson_0001.jpg,Timothy_McVeigh_0001.jpg,0,-0.043174,Lori_Berenson,Timothy_McVeigh,random_negative
Luke_Ridnour_0001.jpg,Manfred_Stolpe_0001.jpg,0,0.010960,Luke_Ridnour,Manfred_Stolpe,random_negative
Robert_Towne_0002.jpg,Roman_Coppola_0003.jpg,0,-0.102568,Robert_Towne,Roman_Coppola,random_negative
Charlene_Barshefsky_0003.jpg,Richard_Myers_0001.jpg,0,-0.051522,Charlene_Barshefsky,Richard_Myers,random_negative
Anthony_Pico_0001.jpg,Jerome_Golmard_0004.jpg,0,-0.021823,Anthony_Pico,Jerome_Golmard,random_negative
Ben_Affleck_0001.jpg,Brent_Coles_0001.jpg,0,-0.010585,Ben_Affleck,Brent_Coles,random_negative
Courtney_Love_0001.jpg,Marion_Barry_0002.jpg,0,-0.000075,Courtney_Love,Marion_Barry,random_negative
Michael_Kirby_0004.jpg,Scott_Rolen_0003.jpg,0,-0.022919,Michael_Kirby,Scott_Rolen,random_negative
Gloria_Macapagal_Arroyo_0003.jpg,Steven_Seagal_0001.jpg,0,-0.081537,Gloria_Macapagal_Arroyo,Steven_Seagal,random_negative
Isabella_Rossellini_0004.jpg,Sandra_Milo_0001.jpg,0,0.086287,Isabella_Rossellini,Sandra_Milo,random_negative
Adrian_Nastase_0003.jpg,Faye_Dunaway_0003.jpg,0,-0.003955,Adrian_Nastase,Faye_Dunaway,random_negative
Bryan_Murray_0001.jpg,Tora_Takagi_0001.jpg,0,0.004404,Bryan_Murray,Tora_Takagi,random_negative
Dan_Guerrero_0001.jpg,Neil_Moritz_0002.jpg,0,-0.079475,Dan_Guerrero,Neil_Moritz,random_negative
Paul_Reiser_0003.jpg,Stockard_Channing_0004.jpg,0,-0.031391,Paul_Reiser,Stockard_Channing,random_negative
Howard_Wilkinson_0002.jpg,Julie_Goodenough_0002.jpg,0,0.041511,Howard_Wilkinson,Julie_Goodenough,random_negative
Condoleezza_Rice_0001.jpg,Lisa_Marie_Presley_0001.jpg,0,-0.061804,Condoleezza_Rice,Lisa_Marie_Presley,random_negative
Barry_Collier_0001.jpg,Momir_Nikolic_0002.jpg,0,0.000481,Barry_Collier,Momir_Nikolic,random_negative
Aishwarya_Rai_0001.jpg,Hank_Azaria_0002.jpg,0,-0.076616,Aishwarya_Rai,Hank_Azaria,random_negative
Benazir_Bhutto_0002.jpg,Vanessa_Williams_0001.jpg,0,0.036248,Benazir_Bhutto,Vanessa_Williams,random_negative
Rachel_Griffiths_0004.jpg,Ricky_Barnes_0002.jpg,0,0.046406,Rachel_Griffiths,Ricky_Barnes,random_negative
Frank_Taylor_0002.jpg,Morris_Dees_0001.jpg,0,0.009721,Frank_Taylor,Morris_Dees,random_negative
Joseph_Biden_0001.jpg,Kate_Lee_0001.jpg,0,0.056579,Joseph_Biden,Kate_Lee,random_negative
Collis_Temple_III_0001.jpg,Robby_Ginepri_0003.jpg,0,0.071899,Collis_Temple_III,Robby_Ginepri,random_negative
Tabare_Vazquez_0004.jpg,Troy_Garity_0002.jpg,0,0.074800,Tabare_Vazquez,Troy_Garity,random_negative
Dyana_Calub_0002.jpg,Hideki_Matsui_0004.jpg,0,-0.041927,Dyana_Calub,Hideki_Matsui,random_negative
Alexandre_Daigle_0001.jpg,Marie-Josee_Croze_0004.jpg,0,0.040251,Alexandre_Daigle,Marie-Josee_Croze,random_negative
Jean-Francois_Pontal_0001.jpg,Josh_Kronfeld_0001.jpg,0,-0.006782,Jean-Francois_Pontal,Josh_Kronfeld,random_negative
Laura_Bush_0001.jpg,Rosalyn_Carter_0004.jpg,0,0.071242,Laura_Bush,Rosalyn_Carter,random_negative
Barry_Williams_0002.jpg,Frank_Griswold_0002.jpg,0,0.104931,Barry_Williams,Frank_Griswold,random_negative
Eduardo_Duhalde_0004.jpg,Penny_Lancaster_0001.jpg,0,0.062671,Eduardo_Duhalde,Penny_Lancaster,random_negative
Claudia_Pechstein_0004.jpg,E_Clay_Shaw_0001.jpg,0,0.004218,Claudia_Pechstein,E_Clay_Shaw,random_negative
Patricia_Heaton_0001.jpg,Rosemarie_Stack_0001.jpg,0,0.051301,Patricia_Heaton,Rosemarie_Stack,random_negative
Shoshannah_Stern_0004.jpg,Stanley_Ho_0004.jpg,0,-0.000271,Shoshannah_Stern,Stanley_Ho,random_negative
Diane_Lane_0002.jpg,John_Kerry_0001.jpg,0,-0.048279,Diane_Lane,John_Kerry,random_negative
Christine_Baumgartner_0003.jpg,Donald_Keck_0002.jpg,0,-0.094568,Christine_Baumgartner,Donald_Keck,random_negative
Larry_Coker_0001.jpg,Thaksin_Shinawatra_0001.jpg,0,0.007741,Larry_Coker,Thaksin_Shinawatra,random_negative
Howard_Wilkinson_0001.jpg,Vladimiro_Montesinos_0002.jpg,0,-0.045827,Howard_Wilkinson,Vladimiro_Montesinos,random_negative
Cesar_Gaviria_0001.jpg,Lech_Walesa_0001.jpg,0,0.028413,Cesar_Gaviria,Lech_Walesa,random_negative
Pascal_Quignard_0002.jpg,Prince_Naruhito_0004.jpg,0,0.039684,Pascal_Quignard,Prince_Naruhito,random_negative
Max_von_Sydow_0001.jpg,Morgan_Freeman_0001.jpg,0,0.023091,Max_von_Sydow,Morgan_Freeman,random_negative
Daniel_Osorno_0002.jpg,Sergei_Yushenkov_0002.jpg,0,0.035723,Daniel_Osorno,Sergei_Yushenkov,random_negative
David_Heymann_0002.jpg,Hartmut_Mehdorn_0004.jpg,0,-0.065613,David_Heymann,Hartmut_Mehdorn,random_negative
Donald_Keck_0002.jpg,Mauricio_Macri_0004.jpg,0,-0.043297,Donald_Keck,Mauricio_Macri,random_negative
Dale_Earnhardt_Jr_0004.jpg,Sean_OKeefe_0003.jpg,0,0.031276,Dale_Earnhardt_Jr,Sean_OKeefe,random_negative
Norman_Mailer_0004.jpg,Tommy_Franks_0001.jpg,0,-0.007990,Norman_Mailer,Tommy_Franks,random_negative
Ann_Veneman_0002.jpg,Holly_Hunter_0001.jpg,0,0.099275,Ann_Veneman,Holly_Hunter,random_negative
Franz_Beckenbauer_0002.jpg,Raymond_Odierno_0003.jpg,0,-0.010255,Franz_Beckenbauer,Raymond_Odierno,random_negative
Gracia_Burnham_0002.jpg,Mary_Bono_0002.jpg,0,-0.036542,Gracia_Burnham,Mary_Bono,random_negative
David_Trimble_0004.jpg,Ken_Macha_0001.jpg,0,-0.048357,David_Trimble,Ken_Macha,random_negative
Alfred_Sant_0001.jpg,Jonathan_Mostow_0004.jpg,0,-0.022447,Alfred_Sant,Jonathan_Mostow,random_negative
Jalen_Rose_0004.jpg,Zurab_Tsereteli_0001.jpg,0,0.082995,Jalen_Rose,Zurab_Tsereteli,random_negative
Jack_Straw_0004.jpg,Sheila_Taormina_0001.jpg,0,0.040183,Jack_Straw,Sheila_Taormina,random_negative
Brigitte_Boisselier_0001.jpg,Steve_Zahn_0001.jpg,0,0.002556,Brigitte_Boisselier,Steve_Zahn,random_negative
James_Caan_0001.jpg,Pete_Rose_0002.jpg,0,-0.049907,James_Caan,Pete_Rose,random_negative
Bilal_Erdogan_0001.jpg,Curtis_Strange_0003.jpg,0,0.084518,Bilal_Erdogan,Curtis_Strange,random_negative
Gil_de_Ferran_0003.jpg,Suzie_McConnell_Serio_0001.jpg,0,-0.020474,Gil_de_Ferran,Suzie_McConnell_Serio,random_negative
Frances_Fisher_0004.jpg,Lidija_Djukanovic_0002.jpg,0,0.086926,Frances_Fisher,Lidija_Djukanovic,random_negative
Kellie_Coffey_0001.jpg,Yannos_Papantoniou_0004.jpg,0,-0.017880,Kellie_Coffey,Yannos_Papantoniou,random_negative
Alex_Ferguson_0002.jpg,Michelle_Pfeiffer_0002.jpg,0,0.039974,Alex_Ferguson,Michelle_Pfeiffer,random_negative
Alexandre_Daigle_0001.jpg,David_Blaine_0004.jpg,0,0.030971,Alexandre_Daigle,David_Blaine,random_negative
Allison_Janney_0001.jpg,Calista_Flockhart_0001.jpg,0,-0.122653,Allison_Janney,Calista_Flockhart,random_negative
Ahmed_Qureia_0002.jpg,Randy_Johnson_0001.jpg,0,0.006547,Ahmed_Qureia,Randy_Johnson,random_negative
Aline_Chretien_0004.jpg,Igor_Ivanov_0004.jpg,0,0.092263,Aline_Chretien,Igor_Ivanov,random_negative
El_Hadji_Diouf_0001.jpg,Jennifer_Connelly_0002.jpg,0,0.090529,El_Hadji_Diouf,Jennifer_Connelly,random_negative
Joe_Torre_0001.jpg,Robert_Fico_0003.jpg,0,-0.038178,Joe_Torre,Robert_Fico,random_negative
Felipe_De_Borbon_0002.jpg,Francis_Ricciardone_0002.jpg,0,0.108774,Felipe_De_Borbon,Francis_Ricciardone,random_negative
Cass_Ballenger_0003.jpg,Paul_Wellstone_0001.jpg,0,0.014897,Cass_Ballenger,Paul_Wellstone,random_negative
Edward_Egan_0002.jpg,Megan_Mullally_0001.jpg,0,0.033573,Edward_Egan,Megan_Mullally,random_negative
Faisal_Saleh_Hayat_0001.jpg,Jim_Bollman_0002.jpg,0,0.020322,Faisal_Saleh_Hayat,Jim_Bollman,random_negative
Nancy_Pelosi_0001.jpg,Patti_Labelle_0001.jpg,0,0.030779,Nancy_Pelosi,Patti_Labelle,random_negative
Carolina_Barco_0003.jpg,Jeffrey_Jones_0002.jpg,0,-0.035180,Carolina_Barco,Jeffrey_Jones,random_negative
Arnold_Schwarzenegger_0004.jpg,Augusto_Roa_Bastos_0003.jpg,0,-0.012461,Arnold_Schwarzenegger,Augusto_Roa_Bastos,random_negative
Nino_DAngelo_0003.jpg,Pierce_Brosnan_0001.jpg,0,-0.118142,Nino_DAngelo,Pierce_Brosnan,random_negative
Janet_Napolitano_0004.jpg,Marcus_Allen_0004.jpg,0,-0.044019,Janet_Napolitano,Marcus_Allen,random_negative
Bob_Hope_0001.jpg,Gary_Bergeron_0002.jpg,0,0.054404,Bob_Hope,Gary_Bergeron,random_negative
Guillermo_Canas_0001.jpg,Mohammed_Al_Hindi_0001.jpg,0,-0.050143,Guillermo_Canas,Mohammed_Al_Hindi,random_negative
Donald_Keck_0002.jpg,John_Paul_DeJoria_0004.jpg,0,0.012396,Donald_Keck,John_Paul_DeJoria,random_negative
Robin_Wright_Penn_0004.jpg,Sherri_Coale_0004.jpg,0,-0.012293,Robin_Wright_Penn,Sherri_Coale,random_negative
Corinna_Harfouch_0004.jpg,Tim_Pawlenty_0001.jpg,0,-0.069007,Corinna_Harfouch,Tim_Pawlenty,random_negative
Kevin_Costner_0003.jpg,Rita_Moreno_0001.jpg,0,0.047394,Kevin_Costner,Rita_Moreno,random_negative
Andre_Agassi_0001.jpg,Michael_Bolton_0003.jpg,0,-0.040053,Andre_Agassi,Michael_Bolton,random_negative
Jiang_Zemin_0001.jpg,Michelle_Branch_0002.jpg,0,-0.002747,Jiang_Zemin,Michelle_Branch,random_negative
Brook_Robinson_0001.jpg,Karin_Pilsaeter_0002.jpg,0,-0.029176,Brook_Robinson,Karin_Pilsaeter,random_negative
John_Tyson_0001.jpg,Karol_Kucera_0001.jpg,0,-0.045451,John_Tyson,Karol_Kucera,random_negative
Jeff_Bzdelik_0004.jpg,Pedro_Malan_0002.jpg,0,0.071686,Jeff_Bzdelik,Pedro_Malan,random_negative
Jennifer_Granholm_0001.jpg,Vladimir_Putin_0003.jpg,0,-0.133887,Jennifer_Granholm,Vladimir_Putin,random_negative
Ira_Einhorn_0001.jpg,Steve_Patterson_0002.jpg,0,0.131790,Ira_Einhorn,Steve_Patterson,random_negative
Cristina_Kirchner_0001.jpg,Jean-Sebastien_Giguere_0003.jpg,0,0.013621,Cristina_Kirchner,Jean-Sebastien_Giguere,random_negative
Lyudmila_Putin_0001.jpg,Rafael_Bielsa_0001.jpg,0,0.027984,Lyudmila_Putin,Rafael_Bielsa,random_negative
Alberto_Ruiz_Gallardon_0002.jpg,Tony_Bennett_0001.jpg,0,-0.046372,Alberto_Ruiz_Gallardon,Tony_Bennett,random_negative
Billy_Crawford_0001.jpg,Yukiko_Okudo_0002.jpg,0,0.024377,Billy_Crawford,Yukiko_Okudo,random_negative
Gustavo_Franco_0003.jpg,Luiz_Felipe_Scolari_0004.jpg,0,-0.104917,Gustavo_Franco,Luiz_Felipe_Scolari,random_negative
Justin_Timberlake_0003.jpg,Michael_Pfleger_0003.jpg,0,-0.054660,Justin_Timberlake,Michael_Pfleger,random_negative
Blas_Ople_0001.jpg,Bob_Huggins_0003.jpg,0,0.056009,Blas_Ople,Bob_Huggins,random_negative
Hana_Makhmalbaf_0002.jpg,Natalie_Coughlin_0004.jpg,0,-0.053666,Hana_Makhmalbaf,Natalie_Coughlin,random_negative
Isabella_Rossellini_0003.jpg,Richard_Shelby_0001.jpg,0,-0.094971,Isabella_Rossellini,Richard_Shelby,random_negative
Charles_Schumer_0001.jpg,Landon_Donovan_0001.jpg,0,0.044954,Charles_Schumer,Landon_Donovan,random_negative
Darrell_Royal_0002.jpg,Michael_Jordan_0002.jpg,0,-0.045461,Darrell_Royal,Michael_Jordan,random_negative
Andrei_Nikolishin_0004.jpg,Svetlana_Koroleva_0001.jpg,0,-0.081032,Andrei_Nikolishin,Svetlana_Koroleva,random_negative
Kelly_Osbourne_0003.jpg,Richard_Crenna_0001.jpg,0,0.056529,Kelly_Osbourne,Richard_Crenna,random_negative
Ana_Palacio_0001.jpg,Gregory_Hines_0001.jpg,0,-0.121549,Ana_Palacio,Gregory_Hines,random_negative
Clara_Harris_0004.jpg,Mel_Karmazin_0001.jpg,0,0.034378,Clara_Harris,Mel_Karmazin,random_negative
Celine_Dion_0004.jpg,Kirk_Douglas_0004.jpg,0,-0.012231,Celine_Dion,Kirk_Douglas,random_negative
Christine_Todd_Whitman_0004.jpg,Dick_Armey_0003.jpg,0,-0.039110,Christine_Todd_Whitman,Dick_Armey,random_negative
Li_Changchun_0004.jpg,Lili_Taylor_0003.jpg,0,0.065919,Li_Changchun,Lili_Taylor,random_negative
Abdullah_Gul_0001.jpg,Roberto_Carlos_0004.jpg,0,-0.061377,Abdullah_Gul,Roberto_Carlos,random_negative
Rudy_Tomjanovich_0003.jpg,Sean_Hayes_0004.jpg,0,-0.028011,Rudy_Tomjanovich,Sean_Hayes,random_negative
Mark_Kelly_0003.jpg,Tab_Baldwin_0001.jpg,0,0.023084,Mark_Kelly,Tab_Baldwin,random_negative
Gene_Hackman_0004.jpg,Thomas_Fargo_0003.jpg,0,0.053030,Gene_Hackman,Thomas_Fargo,random_negative
